adult,backdrop_path,genre_ids,id,title,original_language,original_title,overview,popularity,poster_path,release_date,softcore,video,vote_average,vote_count,genre_names
False,/3icyRAqgakNcQn6aDVz9libFmBA.jpg,"27, 878, 12",1423191,Resident Evil,en,Resident Evil,"Medical courier Bryan unwittingly finds himself fighting for survival as one fateful, horrifying night collapses around him in chaos.",843.9801,/i7UyjfPio0VFHB9rBUZSFyhOoM8.jpg,2026-09-16,False,False,7.3,814,"Horror, Science Fiction, Adventure"
False,/yHMJbIEBHnKYWh20XtxV16emwXT.jpg,"878, 28, 12",969681,Spider-Man: Brand New Day,en,Spider-Man: Brand New Day,Fighting crime full-time as Spider-Man in a world that doesn't remember him—and the pressure of seeing his old friends move on without him—sparks a change in Peter Parker he may not have the power to control. But that transformation might also be the only thing that can stop a shocking new threat to the city and those he loves - a powerful villain no one can even see.,956.4914,/bjiS5ipwxb9JFy3XRRN4OAilSeX.jpg,2026-07-29,False,False,8.328,4453,"Science Fiction, Action, Adventure"
False,/bulFtfy3oBQtCnAMSi7g6DSSds3.jpg,"12, 28, 14",1368337,The Odyssey,en,The Odyssey,"Odysseus, the legendary King of Ithaca, embarks on a long and perilous journey home following the Trojan War. Throughout his voyage, he is forced to confront the whims of gods, mythological monsters, and trials that stretch both his cunning and his humanity to the breaking point.",347.4248,/5rhTDKUhPYvpdQIijFIs5VoWsON.jpg,2026-07-15,False,False,8.0,4054,"Adventure, Action, Fantasy"
False,/p40lmrdI4blcAPZQMTPaiy5v5Ym.jpg,"27, 53",1291595,Insidious: Out of the Further,en,Insidious: Out of the Further,"Gemma, a young mother raising her daughter in the house she grew up in, discovers she can travel into The Further, the purgatorial realm of lost souls at the heart of the Insidious universe. When something evil comes after her, Gemma discovers an ability that changes everything: she doesn't just enter The Further, she can bring what lives there back to the real world. Once the demons realize her power, our world becomes their playground.",330.2366,/4tTrW9dXCByS5wt2pXVWb58zNjz.jpg,2026-08-19,False,False,7.607,427,"Horror, Thriller"
False,/yT8EkAvEkJDFeAxK7s7HlIPELRT.jpg,"28, 53",1228834,The Fix,en,The Fix,"Disillusioned by the end of the war in Afghanistan, a group of disgraced, war-torn ex-CIA operatives set out to Tehran to take down a life-changing score.",274.5749,/yopXjun3ICFfJci2ukcEzceZjUs.jpg,2026-09-10,False,False,6.76,52,"Action, Thriller"
False,/rJT7ARv4G2sr1uTZnBEUSigg1hf.jpg,"16, 28, 12, 14",1599191,Renegade Immortal: Battle of the Immortal Slayer,zh,仙逆剧场版：弑仙之战,"Trapped in a fatal pursuit within the Celestial Realm of Thunder, Wang Lin faces his ultimate crisis. Watch the underdog defy the odds, flip the script in a world-shaking counterattack, and achieve the ultimate, magnificent feat: SLAYING A CELESTIAL.",162.6296,/cpgLuRAT8SW7YiZaBYUGZ43GiLL.jpg,2026-10-01,False,False,7.464,14,"Animation, Action, Adventure, Fantasy"
False,/iXR79oKsLHwLno9jdzxxeFP21sy.jpg,"28, 35",1377237,Runner,en,Runner,"A former soldier is thrown into a brutal race against time when a critical medical delivery makes him and his unlikely partner the targets of a ruthless cartel. As the mission spirals into a deadly manhunt, every detour, delay, and bullet pushes them closer to failure. With betrayal closing in from every side, they must survive the chase and deliver their cargo to save the life of a little girl.",259.3649,/yBKMAIj7clP42UkFejhGDBBoTpb.jpg,2026-09-07,False,False,8.289,439,"Action, Comedy"
False,/yBDxqDB29kpH9VojTytjGWBgmdJ.jpg,53,1101412,Fall 2: Deadpoint,en,Fall 2: Deadpoint,"On a perilous climb across Thailand's Mount Kwan, two climbers become trapped thousands of feet above the ground, where vertigo-inducing heights, sheer exposure, and impossible odds turn every moment into a fight for survival.",225.0661,/fgSm5ylwiXbIHn8UbUXDjk9RRu4.jpg,2026-09-01,False,False,7.149,249,Thriller
False,/k22XyPbce7zvzzf5OnT4uaY8ZD1.jpg,"878, 18, 53",1751701,After Impact,en,After Impact,"After losing his father, Ethan Nichols inherits one of the largest greenhouses in the country, just as the world faces a devastating threat from an approaching asteroid. As society begins to unravel, Ethan grapples with personal betrayal, overwhelming loneliness, and the growing fear that survival may come at the cost of his humanity. Seeking refuge in his family’s bunker, Ethan endures the harsh aftermath of the impact, wrestling with physical injury and emotional despair. When a faint voice crackles over his radio, Ethan discovers he's not as alone as he believed.",204.3827,/yzDuAQCY2n6zzOlBkn6JzhLhY3k.jpg,2026-09-15,False,False,6.2,24,"Science Fiction, Drama, Thriller"
False,/viZqGq9TNvQ5uXSD4ahg2RpRONT.jpg,"35, 12, 10751",1204680,Coyote vs. Acme,en,Coyote vs. Acme,"After Acme products fail him one too many times in his dogged pursuit of the Roadrunner, Wile E. Coyote decides to hire a billboard lawyer to sue the Acme Corporation.",186.6723,/kYDCl2y0VPvhT5eYWbMRInPoB03.jpg,2026-08-17,False,False,7.5,695,"Comedy, Adventure, Family"
False,/wYtEvBmpBRXPdwGgr1gcWiwJSI7.jpg,"28, 27, 878",460458,Resident Evil: Welcome to Raccoon City,en,Resident Evil: Welcome to Raccoon City,"Once the booming home of pharmaceutical giant Umbrella Corporation, Raccoon City is now a dying Midwestern town. The company’s exodus left the city a wasteland…with great evil brewing below the surface. When that evil is unleashed, the townspeople are forever…changed…and a small group of survivors must work together to uncover the truth behind Umbrella and make it through the night.",186.4862,/bArhvjRHl535XMaSh9VjInF2mSZ.jpg,2021-11-24,False,False,5.946,2863,"Action, Horror, Science Fiction"
False,/akJghVpe8jwWXEA5aWRNhJWozGL.jpg,35,30723,Cavegirl,en,Cavegirl,"On a class excursion to a cave with stone age paintings the clumsy Rex gets lost. A mysterious crystal opens a gateway in time and sets him back to the stone ages, where he meets a group of prehistoric fellows and the gorgeous Eba. While teaching her English and doing some pseudo-research on her fellows, his main goal is to get her sleeping with him. However the curiosity of the clan chief disturbs his attempts.",210.7494,/kONbgktPKsm3EMj3MiES0IP8BRr.jpg,1985-05-01,False,False,4.148,27,Comedy
False,/b7t3r39Oll5qPxBKzLZ8eHMBD7l.jpg,"35, 18",1248832,Digger,en,Digger,The most powerful man in the world embarks on a frantic mission to prove he is humanity's savior before the disaster he's unleashed destroys everything.,165.93,/1ATXKrIPJyKNwnJ6lcG088Sa6zi.jpg,2026-09-28,False,False,7.52,249,"Comedy, Drama"
False,/b9q9VmbXDvJmTziRqkwdEmFdwhr.jpg,"878, 9648, 53",1101383,The End of Oak Street,en,The End of Oak Street,"After a mysterious cosmic event rips Oak Street from suburbia and transports their neighborhood to someplace unknown, the Platt family soon discovers that their very survival depends on them sticking together as they navigate their now unrecognizable surroundings.",172.9648,/fYXqpgPmHMphSF2W30GbTeJVIa5.jpg,2026-08-12,False,False,7.084,1922,"Science Fiction, Mystery, Thriller"
False,/iRIhPqqoUHiFBxn8oYf3gCQnaKk.jpg,"28, 53",1294189,The Mongoose,en,The Mongoose,"A falsely accused war hero with nothing to lose leads police on an epic televised cross-country car chase, helped by members of his former Special Forces Army battalion and closely monitored by a fascinated public rooting for his safe getaway.",177.7768,/eSS5mvSG84UUuvtbHel5Yu3Wik4.jpg,2026-10-29,False,False,0.0,0,"Action, Thriller"
False,/o7Oy9Gbx1CCyaweL8xUhtMW4Puq.jpg,"10749, 35",1032863,The Love Hypothesis,en,The Love Hypothesis,"Olive Smith, a biology PhD candidate, and Dr. Adam Carlsen, a hotshot professor and well-known tyrant, enter into a fake relationship, seeing each of their carefully calculated theories on love get thrown into chaos.",140.8315,/vfZxVHextAGC70zrNhS8lsROqP1.jpg,2026-09-23,False,False,8.06,522,"Romance, Comedy"
False,/yKx5gYrYgakKZuUWAsuFDStBroy.jpg,27,1712451,Resident Dead,en,Resident Dead,"A man keeping his recently zombified daughter secure in hopes of a cure is tasked with delivering an unknown package through hordes of undead. If he succeeds, he will be given a cure for his daughter. If he fails, or opens the package, they will both be killed.",167.9048,/yX8ziNTZ5aOszJ3l4R3BlT2gBIa.jpg,2026-09-04,False,False,6.7,5,Horror
False,/qjTqY5coNiz6sVtPng40IzltsoN.jpg,"16, 10751, 35, 12",1084244,Toy Story 5,en,Toy Story 5,"When Bonnie receives a Lilypad tablet as a gift and becomes obsessed, Buzz, Woody, Jessie and the rest of the gang's jobs become exponentially harder when they have to go head to head with the all-new threat to playtime.",149.4361,/sfQtVlIHljToOwYjhe21KPGzZWK.jpg,2026-06-17,False,False,8.301,2529,"Animation, Family, Comedy, Adventure"
False,/5lTZyuBTNOfawsfPT8Q0cIg6qAF.jpg,"27, 53",1339713,Obsession,en,Obsession,"After breaking the mysterious ""One Wish Willow"" to win his crush's heart, a hopeless romantic finds himself getting exactly what he asked for but soon discovers that some desires come at a dark, sinister price.",144.1367,/bRwnj8WEKBCvmfeUNOukJPwB43K.jpg,2026-05-13,False,False,8.2,5990,"Horror, Thriller"
False,/vgZDb7kmaxP24cFbt1KJdMLlHFZ.jpg,"27, 14, 9648",1232569,Pinocchio: Unstrung,en,Pinocchio: Unstrung,"Influenced by a sinister Cricket and created by Geppetto, Pinocchio launches a violent crusade to carve himself into a real boy like his brother James, one piece at a time.",146.1985,/eUJXk3bTvLBi5Zcb0BCedZU7lVL.jpg,2026-07-22,False,False,6.5,127,"Horror, Fantasy, Mystery"
False,/9qxyrJfjk577ym5WD6HCDmunoyO.jpg,"9648, 53",1283515,Verity,en,Verity,"Lowen Ashleigh is hired by Jeremy Crawford to ghostwrite novels for his bestselling author wife Verity, who is unable to finish following an accident. Lowen gradually uncovers Verity's disturbing truths while residing at the Crawfords' home to work.",122.592,/zPHfsaiMZT1HNz1ZS55iyLKZkFG.jpg,2026-09-30,False,False,6.5,137,"Mystery, Thriller"
False,/e2QAGrEmbpmZpMymDRkDisJkvg9.jpg,"28, 53",1288445,Mutiny,en,Mutiny,"After witnessing his billionaire boss' murder and being framed for the crime, Cole Reed boards a cargo ship on a one-man crusade to avenge his boss' death only to discover an international conspiracy.",123.095,/pu2VxGlpGwffOx292w18b1tv96j.jpg,2026-08-19,False,False,7.447,817,"Action, Thriller"
False,/y0reRTsewsPh0ePtgvDeLIsb5Wk.jpg,"36, 18, 28",977942,The Uprising,en,The Uprising,"As war and plague devastate 14th-century England, a humble peasant ignites a rebellion, uniting an army of commoners to defy the King’s might in a desperate fight for justice and survival.",119.8056,/7TUl15TOsIvndKlgMWTtLgtEzZP.jpg,2026-09-10,False,False,7.979,260,"History, Drama, Action"
False,/hpBGCnzOvdtQoMyE48gvwp2y5yx.jpg,"27, 28, 878",1375646,Colony,ko,군체,"Professor Se-jeong is thrust into a bloody nightmare when a rapidly mutating virus is released during a biotech conference causing authorities to seal the facility. Trapped inside with no escape, Se-jeong along with a small group of survivors must fight to stay alive while the infected undergo horrific transformations.",116.7254,/tN799oUR0f1gUKDYdMNrDaY7I51.jpg,2026-05-21,False,False,8.085,1087,"Horror, Action, Science Fiction"
False,/ssg1qGCCRQEkwBNWHItDppBRQE2.jpg,"27, 53, 28",1556321,Death Whisperer: Saming the Werebeast,th,ธี่หยด: สมิงเขาขวาง,"Follows the search for a missing military officer in the jungle of Khao Khwang, where legend says man-eating tiger spirit Saming takes human form in 1960s Thailand.",119.9542,/lN4YqCIVjDMvlUbmcEO5d060WoL.jpg,2026-09-29,False,False,0.0,0,"Horror, Thriller, Action"
False,/flo7Xmyxz2wDUjr5Ff0VrxaVwlY.jpg,"27, 18, 53",1339274,Don't Leave the Kids Alone,es,No dejes a los niños solos,A mother moves into a new house with her two children. One night she must leave the siblings home alone. What begins as a blast of carefree play soon turns into a claustrophobic horror story.,123.0677,/7kaglo9sblVsQrKsUqaVxrfc6ag.jpg,2026-05-14,False,False,6.84,100,"Horror, Drama, Thriller"
False,/sbkkAtymJaH5UzExiK974uPzCY4.jpg,"28, 53",1482547,Zip Wire,en,Zip Wire,"When her ground-breaking pharmaceutical discovery is stolen and partner murdered, researcher Amy must face her fear of heights to escape nefarious attackers, with the only path to salvation being a treacherous aerial runway. To outsmart the mysterious hostiles, she has to summon every ounce of courage to protect the world-changing scientific discovery — and herself — before it's too late.",105.9807,/cO7J0XSVKPlAjUCMWC7DVBn1Py2.jpg,2026-08-31,False,False,7.513,76,"Action, Thriller"
False,/bicMU6xVD5deVyKP2azpyx7xkmH.jpg,"12, 53",1263337,Heart of the Beast,en,Heart of the Beast,"After a harrowing plane crash, Special Forces officer James Belmont and his combat dog, Odin, find themselves stranded deep in the Alaskan wilderness. Together, they are forced into a brutal fight for survival against the elements.",96.9326,/1ApfSA8JTqeha3GTFEY8syV4auq.jpg,2026-09-19,False,False,7.433,252,"Adventure, Thriller"
False,/7RyHsO4yDXtBv1zUU3mTpHeQ0d5.jpg,"12, 878, 28",299534,Avengers: Endgame,en,Avengers: Endgame,"After the devastating events of Avengers: Infinity War, the universe is in ruins due to the efforts of the Mad Titan, Thanos. With the help of remaining allies, the Avengers must assemble once more in order to undo Thanos' actions and restore order to the universe once and for all, no matter what consequences may be in store.",96.6394,/ulzhLuWrPK07P1YkdWQLZnQh1JL.jpg,2019-04-24,False,False,8.2,28947,"Adventure, Science Fiction, Action"
False,/c6BPbkO5Npt1OdwttAxCFo06wtH.jpg,"10751, 14, 35, 12",1108427,Moana,en,Moana,"Teenage Moana answers the Ocean's call and, for the first time, voyages beyond the reef of her island of Motunui with infamous demigod Maui on an unforgettable journey to restore prosperity to her people.",96.2805,/gaet1xQ2nxrG0V1Ep9T20ZMNEIC.jpg,2026-07-08,False,False,7.422,869,"Family, Fantasy, Comedy, Adventure"
False,/hjF1rzTDR7YvnJUcH2SfP48w492.jpg,"35, 27, 53",1477712,Ice Cream Man,en,Ice Cream Man,An idyllic summer town descends into madness when an ice cream man serves kids sweet delights with horrifying results.,90.4248,/lNBxToxHWrzmkqeFnf1XADUTxQq.jpg,2026-08-03,False,False,4.9,118,"Comedy, Horror, Thriller"
False,/3ORuox9SGz3MmxJ49drUQvE2EUv.jpg,27,1450404,The Treehouse,es,La casa en el árbol,"A couple enjoys a romantic weekend in a treehouse suspended more than 20 meters above the ground in a forest. At night, she wakes up with a start and sees her partner fall from the cabin, dying instantly.",95.4952,/juGpvy1TxEN0qpo5smg7TjCZggH.jpg,2025-09-19,False,False,3.607,28,Horror
False,/4Vyrc1SGaBZZ0ZGDq4o6LcEgq1i.jpg,"53, 9648",204922,Before I Go to Sleep,en,Before I Go to Sleep,"A woman wakes up every day, remembering nothing as a result of a traumatic accident in her past. One day, new terrifying truths emerge that force her to question everyone around her.",99.6806,/1sSWpTupVixOanIpZdLGzsKvcZS.jpg,2014-09-03,False,False,6.5,2223,"Thriller, Mystery"
False,/s4v0UX1anfXm0UvloLsTTJ4v222.jpg,"878, 28, 12",1003596,Avengers: Doomsday,en,Avengers: Doomsday,Beloved heroes from three distinct universes are set on a deadly collision course and face an existential threat unlike anything they've ever encountered.,94.1157,/jzPwsojjFStf5lR5Nm07w2hH56G.jpg,2026-12-16,False,False,0.0,0,"Science Fiction, Action, Adventure"
False,/8Tfys3mDZVp4tNoH2ktm06a0Tau.jpg,"878, 12",687163,Project Hail Mary,en,Project Hail Mary,"Science teacher Ryland Grace wakes up on a spaceship light years from home with no recollection of who he is or how he got there. As his memory returns, he begins to uncover his mission: solve the riddle of the mysterious substance causing the sun to die out. He must call on his scientific knowledge and unorthodox ideas to save everything on Earth from extinction.",89.161,/iOb2fjXLbpJgyQXe46n1WtGCnaa.jpg,2026-03-15,False,False,8.6,8193,"Science Fiction, Adventure"
False,/8giIQcHpxgsPVP6c7aQtHl3txuh.jpg,"28, 53",1607127,One Last Shot,en,One Last Shot,"Navy Seal Jake Harris must stop a team of mercenaries, led by his disillusioned former comrade, from disabling the US missile defense network.",86.734,/niQ4NBh2jqAf1hDZP5m6ReWFAb7.jpg,2026-09-22,False,False,7.345,103,"Action, Thriller"
False,/lgotja3xMoJZbynwHfcQcJAEMWH.jpg,"16, 12, 35, 9648, 10751",1084242,Zootopia 2,en,Zootopia 2,"After cracking the biggest case in Zootopia's history, rookie cops Judy Hopps and Nick Wilde find themselves on the twisting trail of a great mystery when Gary De'Snake arrives and turns the animal metropolis upside down. To crack the case, Judy and Nick must go undercover to unexpected new parts of town, where their growing partnership is tested like never before.",91.2666,/oJ7g2CifqpStmoYQyaLQgEU32qO.jpg,2025-11-26,False,False,7.665,3528,"Animation, Adventure, Comedy, Mystery, Family"
False,/iZLqwEwUViJdSkGVjePGhxYzbDb.jpg,"878, 53",755898,War of the Worlds,en,War of the Worlds,"Will Radford is a top analyst for Homeland Security who tracks potential threats through a mass surveillance program, until one day an attack by an unknown entity leads him to question whether the government is hiding something from him... and from the rest of the world.",85.5675,/yvirUYrva23IudARHn3mMGVxWqM.jpg,2025-07-29,False,False,4.0,1164,"Science Fiction, Thriller"
False,/dqmMWNWfLnExDRpMtIMqI97GQFR.jpg,"27, 9648, 878",1083381,Backrooms,en,Backrooms,A strange doorway appears in the basement of a furniture showroom.,86.7032,/rhGx6E3qRNMgj3i5su2oukNHwIQ.jpg,2026-05-27,False,False,7.009,3645,"Horror, Mystery, Science Fiction"
False,/mfevSm3elJX1IqCjBxC7bGl07s2.jpg,28,1340102,Lion Fist,en,Lion Fist,"Martial arts fighter Joe goes to prison for four years and takes his wife's blame for a drug bust. After his release, he learns that his son needs expensive surgery because of a life-threatening tumor. Joe's only chance to save him: a brutal all-styles tournament with a $100,000 prize.",89.2886,/ezFIXWTbIXlBuZ4kKgto4N3i3of.jpg,2026-09-10,False,False,7.725,40,Action
False,/kkcwhgSFd81QDlXo8ytrpHPQjhy.jpg,"12, 16, 35, 10751, 14",1315772,Minions & Monsters,en,Minions & Monsters,"This is the rambunctious, ridiculous and totally true story of how the Minions conquered Hollywood, became movie stars, lost everything, unleashed monsters onto the world and then banded together to try and save the planet from the mayhem they had just created.",87.4347,/4LwvU9SZc8QQzW1X1FAPhNbXnEU.jpg,2026-06-24,False,False,7.563,1245,"Adventure, Animation, Comedy, Family, Fantasy"
False,/ch8ck4dxosMqp2lvIVYOdHVeKNp.jpg,"80, 9648, 53",1300945,A Place Called Silence,zh,Un lugar llamado silencio,"Chen Yutong, a girl's middle school student, was bullied at school, but her mother Li Han was unable to save her daughter from the ""hell."" Everyone around her turned a blind eye, and a collective silence brewed greater violence.",87.2941,/uKThqY2oRYSHOPxYryTp2550fuZ.jpg,2024-07-03,False,False,7.643,70,"Crime, Mystery, Thriller"
False,/pmPXXniQlb4EdYY0gVZO90rf54F.jpg,"28, 27, 53",1284046,Onslaught,en,Onslaught,"When a rogue squad of genetically engineered super soldiers break loose in the desert, a badass Army sniper must unleash hell to protect her young daughter.",83.5883,/cOGtvhc6Ij9KvzM6jZsfQyg0B0O.jpg,2026-09-02,False,False,5.7,64,"Action, Horror, Thriller"
False,/mDfJG3LC3Dqb67AZ52x3Z0jU0uB.jpg,"12, 28, 878",299536,Avengers: Infinity War,en,Avengers: Infinity War,"As the Avengers and their allies have continued to protect the world from threats too large for any one hero to handle, a new danger has emerged from the cosmic shadows: Thanos. A despot of intergalactic infamy, his goal is to collect all six Infinity Stones, artifacts of unimaginable power, and use them to inflict his twisted will on all of reality. Everything the Avengers have fought for has led up to this moment - the fate of Earth and existence itself has never been more uncertain.",83.3331,/7WsyChQLEftFiDOVTGkv3hFpyyt.jpg,2018-04-25,False,False,8.2,33099,"Adventure, Action, Science Fiction"
False,/wH2RtKsUjGc3ycRvxqOSbzov0av.jpg,"18, 10749",45722,Don't Look Down,es,No mires para abajo,A sexy Spanish siren named Elvira schools a young man in tantric lovemaking.,82.3974,/s7igxMxtKQKHdnDxnSAJej7RTGp.jpg,2008-10-18,False,False,5.7,71,"Drama, Romance"
False,/1e0KDRYKRPHiVNj8yQKYuU2jVyQ.jpg,"878, 53",1275779,Disclosure Day,en,Disclosure Day,"A cybersecurity expert becomes a whistleblower after uncovering secrets about aliens, putting him on the run from a corporation. Meanwhile, a meteorologist experiencing strange phenomena joins forces with him to prove there's life beyond our understanding.",79.8664,/AnJ8IQJI23hNpYXVNaythu061Ru.jpg,2026-06-10,False,False,7.448,3577,"Science Fiction, Thriller"
False,/58D9nalUYW5L5K0guw7hcpsEJBH.jpg,"53, 18, 80",1492640,UNABOMBER,en,UNABOMBER,"Follow Ted Kaczynski's transformation from Harvard prodigy into the infamous Unabomber. Subjected to controversial psychological experiments by Professor Henry Murray, Kaczynski's troubled past resurfaces decades later when his manhunt, led by FBI agent Joanne Miller, brings to light the chilling consequences of ambition and isolation.",79.7424,/39aMkR8Y5vhCG9dTkjiqRl8AVqp.jpg,2026-09-25,False,False,6.545,389,"Thriller, Drama, Crime"
False,/u8DU5fkLoM5tTRukzPC31oGPxaQ.jpg,"878, 12, 14",83533,Avatar: Fire and Ash,en,Avatar: Fire and Ash,"In the wake of the devastating war against the RDA and the loss of their eldest son, Jake Sully and Neytiri face a new threat on Pandora: the Ash People, a violent and power-hungry Na'vi tribe led by the ruthless Varang. Jake's family must fight for their survival and the future of Pandora in a conflict that pushes them to their emotional and physical limits.",78.0294,/bRBeSHfGHwkEpImlhxPmOcUsaeg.jpg,2025-12-17,False,False,7.6,4463,"Science Fiction, Adventure, Fantasy"
False,/f79YBGQwXr7Lm9fYlVVoJZusurz.jpg,"27, 9648",1518257,The Collector,es,La coleccionista,"In the border town of Reino del Duero, Fátima, known as ""The Collector,"" gives a seemingly mundane object to some visiting strangers. What the visitors don't suspect is that Fátima's gifts will trigger a series of disturbing and dramatic paranormal events that will change their lives forever.",74.2301,/7GHxs989obQTcHbmhI7a4fnUOdo.jpg,2025-08-22,False,False,6.5,4,"Horror, Mystery"
False,/9Wf1xwPOycnxvdVnpr6Di381Zf.jpg,"27, 9648",1422011,It Ends,en,It Ends,"A group of recent grads head out on a late night drive for grub, hoping to enjoy one final hangout before their paths diverge. Instead, they accidentally turn onto a never-ending, two-lane hellscape surrounded by untold horrors and cosmic forces beyond their understanding. Cramped together inside a Jeep Cherokee and with the miles stretching infinitely ahead, they face a choice: embrace their new existence or fight to escape it.",74.1033,/6dfAGvZWbJnzWfSZ8gxFj63BNAH.jpg,2026-08-21,False,False,5.7,68,"Horror, Mystery"
False,/nDScZ6YR2nfNCeK5bmJ1ujb355b.jpg,"10749, 18",1458857,Doing Life,en,Doing Life,"A single mother and an incarcerated man forge an unlikely bond through heartfelt letters, unlocking a door to redemption, hope and love against all odds.",73.6195,/5nZVjsCk5tWyyhLGt5U2TxsR85w.jpg,2026-10-02,False,False,7.655,71,"Romance, Drama"
False,/ezbrL1dMymKQZw7mDEWa2ZTzN7d.jpg,"16, 12, 14, 28",980431,Avatar Aang: The Last Airbender,en,Avatar Aang: The Last Airbender,"Avatar Aang, the world's last Airbender, learns of an ancient power that could save his culture from extinction. With the help of his friends, he embarks on a global quest to find it before it falls into the wrong hands and threatens to upend the peace they sacrificed everything to achieve.",71.845,/3sgnSfNT27Bx5O5ukr7B26mhEQq.jpg,2026-07-24,False,False,9.1,1279,"Animation, Adventure, Fantasy, Action"
False,/yjK3ardrgdS8suZG8KMU82Q7U38.jpg,10749,1285366,Shape of My Heart,ja,愛のぬくもり,"A romance about a man and a woman who, due to an unexpected event, end up switching bodies. Despite coming from completely different backgrounds and environments, the two try to overcome the various difficulties that arise from their body swap.",70.7227,/3r0O6BW9USoZ9mteCVyNKMQriRL.jpg,2024-07-06,False,False,5.7,8,Romance
False,/qz8m7DGpuhc4RJmCbHsdueQKkTg.jpg,"9648, 27, 53",1280300,The Whistler,en,The Whistler,"Reeling from their daughter's loss, Nicole and Sebastian come into possession of a secluded Venezuelan farm, unaware of the dark forces they're about to face.",69.622,/sX8tqkFR1aqZaLQ4Jgb8jEMB4RN.jpg,2026-09-24,False,False,1.0,1,"Mystery, Horror, Thriller"
False,/dSfrsjhqC6lYe7LYDYnzWeXZmEl.jpg,"14, 16, 10751",9479,The Nightmare Before Christmas,en,The Nightmare Before Christmas,"Tired of scaring humans every October 31 with the same old bag of tricks, Jack Skellington, the spindly king of Halloween Town, kidnaps Santa Claus and plans to deliver shrunken heads and other ghoulish gifts to children on Christmas morning. But as Christmas approaches, Jack's rag-doll girlfriend, Sally, tries to foil his misguided plans.",67.8635,/oQffRNjK8e19rF7xVYEN8ew0j7b.jpg,1993-10-09,False,False,7.8,10684,"Fantasy, Animation, Family"
False,/8sNiAPPYU14PUepFNeSNGUTiHW.jpg,"12, 18, 878",157336,Interstellar,en,Interstellar,The adventures of a group of explorers who make use of a newly discovered wormhole to surpass the limitations on human space travel and conquer the vast distances involved in an interstellar voyage.,67.1327,/yQvGrMoipbRoddT0ZR8tPoR7NfX.jpg,2014-11-04,False,False,8.49,41414,"Adventure, Drama, Science Fiction"
False,/iQFcwSGbZXMkeyKrxbPnwnRo5fl.jpg,"28, 12, 878",634649,Spider-Man: No Way Home,en,Spider-Man: No Way Home,"Peter Parker is unmasked and no longer able to separate his normal life from the high-stakes of being a super-hero. When he asks for help from Doctor Strange the stakes become even more dangerous, forcing him to discover what it truly means to be Spider-Man.",66.4433,/1g0dhYtq4irTY1GPXvft6k4YLjm.jpg,2021-12-15,False,False,7.9,23278,"Action, Adventure, Science Fiction"
False,/8SOBcfTNRzOKGbbHdOkRARV9mlT.jpg,"9648, 27",1341284,Missing Child Videotape,ja,ミッシング・チャイルド・ビデオテープ,Keita discovers a missing boy in the woods and soon receives a mysterious videotape from his estranged mother.,65.1601,/aclZUkfzUM20Jkd5a3Lw2owJ1KZ.jpg,2025-01-24,False,False,7.632,19,"Mystery, Horror"
False,/wXMsCAtOr27zaZLb1Nv63JFpQiV.jpg,"18, 27",1229906,Family,en,Family,"A 10-year-old girl begins to believe her parents are trying to kill her. Convinced a sinister spirit is to blame, she spirals into a haunting fantasy world that mirrors her deepest fears.",64.8843,/cTXGUz1Mle56A6vAK2GAf1j8Wtn.jpg,2026-09-25,False,False,6.429,7,"Drama, Horror"
False,/ncm7djsVTHQQMX2HEbEVxMUFchG.jpg,27,1400837,Other Mommy,en,Other Mommy,"Young Bela forms a relationship with a sinister entity in her home that looks uncannily like her own mother, drawing her into a terrifying and increasingly dark world.",64.3306,/fGRNCssTRrhYZxNzykGGCoMsAVq.jpg,2026-10-07,False,False,8.156,16,Horror
False,/9BBTo63ANSmhC4e6r62OJFuK2GL.jpg,"878, 28, 12",24428,The Avengers,en,The Avengers,"When an unexpected enemy emerges and threatens global safety and security, Nick Fury, director of the international peacekeeping agency known as S.H.I.E.L.D., finds himself in need of a team to pull the world back from the brink of disaster. Spanning the globe, a daring recruitment effort begins!",63.8164,/RYMX2wcKCBAr24UyPD7xwmjaTn.jpg,2012-04-25,False,False,8.079,39969,"Science Fiction, Action, Adventure"
False,/by8z9Fe8y7p4jo2YlW2SZDnptyT.jpg,"28, 35, 878",533535,Deadpool & Wolverine,en,Deadpool & Wolverine,"A listless Wade Wilson toils away in civilian life with his days as the morally flexible mercenary, Deadpool, behind him. But when his homeworld faces an existential threat, Wade must reluctantly suit-up again with an even more reluctant Wolverine.",63.3349,/8cdWjvZQUExUUTzyp4t6EDMubfO.jpg,2024-07-24,False,False,7.586,9589,"Action, Comedy, Science Fiction"
False,/vcZ3UUVmFNk90DBSrTBlTKCdbbE.jpg,"35, 18, 53",1130948,Rosebush Pruning,en,Rosebush Pruning,"When an American heir living in a luxurious Spanish villa decides to move in with his girlfriend, his departure triggers a family collapse as his brother uncovers the truth behind their mother's tragic death.",61.6166,/rsHEVjzxU8cxz1sm3vboj99daNv.jpg,2026-04-23,False,False,5.895,62,"Comedy, Drama, Thriller"
False,/eZ239CUp1d6OryZEBPnO2n87gMG.jpg,"878, 12",693134,Dune: Part Two,en,Dune: Part Two,"Follow the mythic journey of Paul Atreides as he unites with Chani and the Fremen while on a path of revenge against the conspirators who destroyed his family. Facing a choice between the love of his life and the fate of the known universe, Paul endeavors to prevent a terrible future only he can foresee.",61.1309,/6izwz7rsy95ARzTR3poZ8H6c5pp.jpg,2024-02-27,False,False,8.139,8701,"Science Fiction, Adventure"
False,/xWBiXclrRmTggQHMRsIn84YHavs.jpg,35,1273221,Scary Movie,en,Scary Movie,"Twenty-six years after outrunning a suspiciously familiar masked killer, the Core Four are back in the killer's crosshairs and no horror movie IP is safe.",61.0141,/znHT8peERZRWG1ME3r0Db0EV8k8.jpg,2026-06-03,False,False,6.357,2003,Comedy
False,/ysLlsAxwgNSxBWHCgTKJrmjxpRQ.jpg,"28, 12, 878",1228710,The Mandalorian and Grogu,en,The Mandalorian and Grogu,"The evil Empire has fallen, and Imperial warlords remain scattered throughout the galaxy. As the fledgling New Republic works to protect everything the Rebellion fought for, they have enlisted the help of legendary Mandalorian bounty hunter Din Djarin and his young apprentice Grogu.",60.4452,/uwMKWjcNID0D9jjplsjkQS2OrB4.jpg,2026-05-20,False,False,7.5,1807,"Action, Adventure, Science Fiction"
False,/ejdD20cdHNFAYAN2DlqPToXKyzx.jpg,"18, 80",238,The Godfather,en,The Godfather,"Spanning the years 1945 to 1955, a chronicle of the fictional Italian-American Corleone crime family. When organized crime family patriarch, Vito Corleone barely survives an attempt on his life, his youngest son, Michael steps in to take care of the would-be killers, launching a campaign of bloody revenge.",60.1635,/3bhkrj58Vtu7enYsRolD1fZdja1.jpg,1972-03-14,False,False,8.7,23712,"Drama, Crime"
False,/6TSxLmwT7j1ugtKi8NyMmdzWAGj.jpg,"16, 12, 10751, 14, 35",1185806,PAW Patrol: The Dino Movie,en,PAW Patrol: The Dino Movie,"The Paw Patrol lands on a mysterious dinosaur island after a storm, where they meet Rex, a stranded pup. When Humdinger's reckless mining triggers a volcano, the team faces their biggest rescue mission yet to save the island.",60.0372,/qnin56Syy5rbG7KCaxWY7SPuy6p.jpg,2026-07-23,False,False,8.2,171,"Animation, Adventure, Family, Fantasy, Comedy"
False,/hziiv14OpD73u9gAak4XDDfBKa2.jpg,"12, 14",671,Harry Potter and the Philosopher's Stone,en,Harry Potter and the Philosopher's Stone,"Harry Potter has lived under the stairs at his aunt and uncle's house his whole life. But on his 11th birthday, he learns he's a powerful wizard—with a place waiting for him at the Hogwarts School of Witchcraft and Wizardry. As he learns to harness his newfound powers with the help of the school's kindly headmaster, Harry uncovers the truth about his parents' deaths—and about the villain who's to blame.",59.7136,/wuMc08IPKEatf9rnMNXvIDxqP4W.jpg,2001-11-16,False,False,7.9,30363,"Adventure, Fantasy"
False,/i65y7cMae36K0giN0GRaMjAHUru.jpg,"10749, 53",1440098,Drawn Together,es,Enfrentados: Marfil,"Marfil, daughter of a powerful Spanish businessman, sees her life in New York turned upside down when she is kidnapped and released without explanation. Her father hires Sebastian Moore as bodyguard and, forced to spend every minute together, an inevitable attraction ignites in a world where nothing is as it seems.",59.7018,/6rpvddXbaQPOi0fB2HKWbZ3uUSg.jpg,2026-09-09,False,False,6.907,189,"Romance, Thriller"
False,/hofnlIyF6bePkgQOpcuRWLvzf15.jpg,"16, 10751, 14, 27",14836,Coraline,en,Coraline,"Wandering her rambling old house in her boring new town, 11-year-old Coraline discovers a hidden door to a strangely idealized version of her life. In order to stay in the fantasy, she must make a frighteningly real sacrifice.",58.4897,/4jeFXQYytChdZYE9JYO7Un87IlW.jpg,2009-02-05,False,False,7.941,9523,"Animation, Family, Fantasy, Horror"
False,/pNjh59JSxChQktamG3LMp9ZoQzp.jpg,"18, 80",278,The Shawshank Redemption,en,The Shawshank Redemption,"Imprisoned in the 1940s for the double murder of his wife and her lover, upstanding banker Andy Dufresne begins a new life at the Shawshank prison, where he puts his accounting skills to work for an amoral warden. During his long stretch in prison, Dufresne comes to be admired by the other inmates -- including an older prisoner named Red -- for his integrity and unquenchable sense of hope.",58.349,/9cqNxx0GxF0bflZmeSMuL5tnGzr.jpg,1994-09-23,False,False,8.732,31526,"Drama, Crime"
False,/cNICUho5uiAGkfCAQq1ihyaMla4.jpg,"16, 12, 14, 35, 10751",1465063,Forgotten Island,en,Forgotten Island,"While celebrating their last night together, high school graduates and best friends Jo and Raissa stumble upon a mysterious portal that transports them to the fantastical island of Nakali. When they discover that the memories of their entire friendship are the price for returning home, Jo and Raissa must race to find a way to leave the island before they forget each other forever.",58.1402,/myd1K3gefdNAWFsGNRDdMeiK9Qg.jpg,2026-09-10,False,False,8.2,53,"Animation, Adventure, Fantasy, Comedy, Family"
False,/6QKDBQRFHe6aG7QflvG5NQV1zr3.jpg,"35, 10749, 14",1489187,You Drive Me Crazy,ru,Сводишь с ума,"Alisa moves into a spacious apartment in St. Petersburg, where the mirror starts to malfunction, showing the young lodger a parallel reality of the same apartment. Only it is not Alisa who lives in this parallel reality, but the party animal Ivan. Will the young people be able to recognize true love and will they be able to unite their worlds in order to meet in reality and simply touch each other?",57.6084,/uk20xvDxx36RAOnYCy86yiUGFP8.jpg,2025-10-09,False,False,7.933,45,"Comedy, Romance, Fantasy"
False,/gqrnQA6Xppdl8vIb2eJc58VC1tW.jpg,"28, 12, 878",76341,Mad Max: Fury Road,en,Mad Max: Fury Road,"An apocalyptic story set in the furthest reaches of our planet, in a stark desert landscape where humanity is broken, and most everyone is crazed fighting for the necessities of life. Within this world exist two rebels on the run who just might be able to restore order.",57.2333,/ulcAi4dKpAjHwYGS08vNyx9H6I9.jpg,2015-05-13,False,False,7.639,24731,"Action, Adventure, Science Fiction"
False,/nkEhDomjmPHJSA4Tx8pxv0NlKEy.jpg,"10749, 18",1641629,You+Me - Against the World,fr,Toi+Moi - Seuls contre tous,"Alma Lancaster, 18, appears to lead a perfect life within a wealthy family who believes she is studying law. In secret, she pursues her true dream: filmmaking. On campus, she meets Vadim Arcadi, 20, a magnetic and solitary rebel with a troubled past. Forced to collaborate on a student film, they clash, grow closer and fall in love — despite themselves. But someone is watching them, determined to tear them apart and expose secrets that could destroy both Alma and Vadim.",56.2022,/bAbBNVplg7h79sm94OyHeKk8Phz.jpg,2026-09-18,False,False,5.521,97,"Romance, Drama"
False,/1RgPyOhN4DRs225BGTlHJqCudII.jpg,"16, 28, 14",1311031,Demon Slayer: Kimetsu no Yaiba Infinity Castle,ja,劇場版「鬼滅の刃」無限城編 第一章 猗窩座再来,"The Demon Slayer Corps are drawn into the Infinity Castle, where Tanjiro, Nezuko, and the Hashira face terrifying Upper Rank demons in a desperate fight as the final battle against Muzan Kibutsuji begins.",56.0096,/fWVSwgjpT2D78VUh6X8UBd2rorW.jpg,2025-07-18,False,False,8.8,2252,"Animation, Action, Fantasy"
False,/jJKZaTBNenlFclQyjrnvzkRmvWE.jpg,"16, 10751, 12, 18, 35",150540,Inside Out,en,Inside Out,"When 11-year-old Riley moves to a new city, her Emotions team up to help her through the transition. Joy, Fear, Anger, Disgust and Sadness work together, but when Joy and Sadness get lost, they must journey through unfamiliar places to get back home.",55.7552,/2H1TmgdfNtsKlU9jKdeNyYL5y8T.jpg,2015-06-17,False,False,7.906,23983,"Animation, Family, Adventure, Drama, Comedy"
False,/1pmXyN3sKeYoUhu5VBZiDU4BX21.jpg,"10751, 16, 878, 12",1184918,The Wild Robot,en,The Wild Robot,"After a shipwreck, an intelligent robot called Roz is stranded on an uninhabited island. To survive the harsh environment, Roz bonds with the island's animals and cares for an orphaned baby goose.",55.1191,/wTnV3PCVW5O92JMrFvvrRcV39RU.jpg,2024-09-12,False,False,8.3,6695,"Family, Animation, Science Fiction, Adventure"
False,/4BtL2vvEufDXDP4u6xQjjQ1Y2aT.jpg,"28, 80, 18, 53",1419406,The Shadow's Edge,zh,捕风追影,Macau Police brings the tracking expert police officer out of retirement to help catch a dangerous group of professional thieves.,54.0991,/cHKo3m8N1fwvEy2ZEr0xGmmMODV.jpg,2025-08-16,False,False,8.3,1510,"Action, Crime, Drama, Thriller"
False,/kxQiIJ4gVcD3K6o14MJ72p5yRcE.jpg,"10751, 35, 12, 14, 16",1226863,The Super Mario Galaxy Movie,en,The Super Mario Galaxy Movie,"Having thwarted Bowser's previous plot to marry Princess Peach, Mario and Luigi now face a fresh threat in Bowser Jr., who is determined to liberate his father from captivity and restore the family legacy. Alongside companions new and old, the brothers travel across the stars to stop the young heir's crusade.",52.2902,/eJGWx219ZcEMVQJhAgMiqo8tYY.jpg,2026-04-01,False,False,8.2,3789,"Family, Comedy, Adventure, Fantasy, Animation"
False,/ufSwlnECLoUbBjPrFqEQcWBzHwc.jpg,"10402, 18",936075,Michael,en,Michael,"The story of Michael Jackson, one of the most influential artists the world has ever known, and his life beyond the music. His journey from the discovery of his extraordinary talent as the lead of the Jackson Five, to the visionary artist whose creative ambition fueled a relentless pursuit to become the biggest entertainer in the world, highlighting both his life off-stage and some of the most iconic performances from his early solo career.",55.6624,/dueFqKLvjftnELZaGYwY7xinfaI.jpg,2026-04-22,False,False,8.6,4510,"Music, Drama"
False,/zFCWfU2ViMIm38G1W8UsnSpqmWn.jpg,"10749, 18",1516698,The Last Sunrise,en,The Last Sunrise,"Ry, a college student with a chronic illness, escapes to Mallorca for the summer with her mother, where she unexpectedly falls for a local and begins to embrace living in the moment. But as her condition worsens and long-hidden family secrets come to light, everything she has found before summer's end is threatened.",52.9288,/3PWJqDfygN0YNNjWsDUOXclCp3h.jpg,2026-08-26,False,False,6.875,216,"Romance, Drama"
False,/9FE5eD92WfVCiivM9Pq9GVSrlWk.jpg,"28, 53, 80",155,The Dark Knight,en,The Dark Knight,"Batman raises the stakes in his war on crime. With the help of Lt. Jim Gordon and District Attorney Harvey Dent, Batman sets out to dismantle the remaining criminal organizations that plague the streets. The partnership proves to be effective, but they soon find themselves prey to a reign of chaos unleashed by a rising criminal mastermind known to the terrified citizens of Gotham as the Joker.",57.6008,/qJ2tW6WMUDux911r6m7haRef0WH.jpg,2008-07-16,False,False,8.537,36920,"Action, Thriller, Crime"
False,/4E5RVsSUG1A4Adwbqupu5w6kofZ.jpg,"18, 53",1375441,Primetime,en,Primetime,"In 2006, To Catch a Predator host Chris Hansen sets out to make television history. When a high stakes operation goes fatally wrong, his veneered dream of fame curdles into a nightmare of performative justice.",50.3866,/lmrulvLbmaejTix1YaMxo1oGhH1.jpg,2026-09-23,False,False,6.8,102,"Drama, Thriller"
False,/g7CHF8gTLGooTbP4GznIGwaqAGL.jpg,"10751, 16, 10402, 12",354912,Coco,en,Coco,"Despite his family’s baffling generations-old ban on music, Miguel dreams of becoming an accomplished musician like his idol, Ernesto de la Cruz. Desperate to prove his talent, Miguel finds himself in the stunning and colorful Land of the Dead following a mysterious chain of events. Along the way, he meets charming trickster Hector, and together, they set off on an extraordinary journey to unlock the real story behind Miguel's family history.",52.3788,/6Ryitt95xrO8KXuqRGm1fUuNwqF.jpg,2017-10-27,False,False,8.199,21501,"Family, Animation, Music, Adventure"
False,/8ZTVqvKDQ8emSGUEMjsS4yHAwrp.jpg,"28, 878, 12",27205,Inception,en,Inception,"Cobb, a skilled thief who commits corporate espionage by infiltrating the subconscious of his targets is offered a chance to regain his old life as payment for a task considered to be impossible: ""inception"", the implantation of another person's idea into a target's subconscious.",53.0331,/xlaY2zyzMfkhk0HSC5VUwzoZPU1.jpg,2010-07-15,False,False,8.4,40375,"Action, Science Fiction, Adventure"
False,/neeNHeXjMF5fXoCJRsOmkNGC7q.jpg,"18, 36",872585,Oppenheimer,en,Oppenheimer,The story of J. Robert Oppenheimer's role in the development of the atomic bomb during World War II.,55.3627,/8Gxv8gSFCU0XGDykEGv7zR1n2ua.jpg,2023-07-19,False,False,8.0,12648,"Drama, History"
False,/z51Wzj94hvAIsWfknifKTqKJRwp.jpg,"12, 14, 28",120,The Lord of the Rings: The Fellowship of the Ring,en,The Lord of the Rings: The Fellowship of the Ring,"Young hobbit Frodo Baggins, after inheriting a mysterious ring from his uncle Bilbo, must leave his home in order to keep it from falling into the hands of its evil creator. Along the way, a fellowship is formed to protect the ringbearer and make sure that the ring arrives at its final destination: Mt. Doom, the only place where it can be destroyed.",51.971,/6oom5QYQ2yQTMJIbnvbkBL9cHo6.jpg,2001-12-18,False,False,8.447,28529,"Adventure, Fantasy, Action"
False,/gNdLJU9TxrpGx4dkZidjys3fyy0.jpg,"878, 18",335984,Blade Runner 2049,en,Blade Runner 2049,"Thirty years after the events of the first film, a new blade runner, LAPD Officer K, unearths a long-buried secret that has the potential to plunge what's left of society into chaos. K's discovery leads him on a quest to find Rick Deckard, a former LAPD blade runner who has been missing for 30 years.",51.0587,/gajva2L0rPYkEWjzgFlBXCAVBE5.jpg,2017-10-04,False,False,7.608,15803,"Science Fiction, Drama"
False,/2XSeKDmIa2KxaiJy4J9e8FrIZhk.jpg,"16, 35, 80, 878, 10751",20352,Despicable Me,en,Despicable Me,"Determined to prove he's the world's greatest supervillain, Gru hatches an audacious plan to steal the Moon. To pull it off, he adopts three orphaned girls—Margo, Edith, and Agnes—intending to use them as pawns in his scheme. But the unexpected bond they form forces him to question the criminal life he's always known.",51.4121,/b1BT309QWjtFUlJPLmXmrcHOWEL.jpg,2010-07-08,False,False,7.262,16447,"Animation, Comedy, Crime, Science Fiction, Family"
False,/J1UgJwRxDQS92kw75KgeVFZMHf.jpg,"28, 35",1491920,Kung Fu Soccer,zh,功夫女足,"The ""Supreme Invincible Cup"" is about to begin, and a host of top teams are about to engage in an unprecedented showdown! But the Kung Fu Women's Soccer Team has been dealt a hellish script right from the start?! Their opponents are all highly skilled, and external pressure is mounting. The schemes on the field are one after another... Can they use their kung fu to turn the tide on the green field?",62.7085,/6QgJQrClh9ej357yzLWgCxrjAmJ.jpg,2026-07-11,False,False,6.1,42,"Action, Comedy"
False,/yhGCxn4pYIQhK52g6JjM4bL9fVX.jpg,"35, 18",82976,The Novices,fr,Les Novices,"Sister Agnès runs away from her convent in Brittany and seeks refuge in Paris with prostitute Mona Lisa. With absolutely no qualifications, the young novice has a hard job finding work, so Mona Lisa tries to teach her the ropes of the oldest profession of them all!",76.6675,/a2SnSbRxMB4vktOxZapaspY2fTC.jpg,1970-04-01,False,False,4.8,13,"Comedy, Drama"
False,/tPpYGm2mVecue7Bk3gNVoSPA5qn.jpg,"28, 12, 878",315635,Spider-Man: Homecoming,en,Spider-Man: Homecoming,"Following the events of Captain America: Civil War, Peter Parker, with the help of his mentor Tony Stark, tries to balance his life as an ordinary high school student in Queens, New York City, with fighting crime as his superhero alter ego Spider-Man as a new threat, the Vulture, emerges.",53.0243,/c24sv2weTHPsmDa7jEMN0m2P3RT.jpg,2017-07-05,False,False,7.332,24024,"Action, Adventure, Science Fiction"
False,/c3OHQncTAnKFhdOTX7D3LTW6son.jpg,"28, 80, 18, 53",49026,The Dark Knight Rises,en,The Dark Knight Rises,"Following the death of District Attorney Harvey Dent, Batman assumes responsibility for Dent's crimes to protect the late attorney's reputation and is subsequently hunted by the Gotham City Police Department. Eight years later, Batman encounters the mysterious Selina Kyle and the villainous Bane, a new terrorist leader who overwhelms Gotham's finest. The Dark Knight resurfaces to protect a city that has branded him an enemy.",46.54,/hr0L2aueqlP2BYUblTTjmtn0hw4.jpg,2012-07-17,False,False,7.798,25083,"Action, Crime, Drama, Thriller"
False,/kVd3a9YeLGkoeR50jGEXM6EqseS.jpg,"16, 28, 12, 878",569094,Spider-Man: Across the Spider-Verse,en,Spider-Man: Across the Spider-Verse,"After reuniting with Gwen Stacy, Brooklyn’s full-time, friendly neighborhood Spider-Man is catapulted across the Multiverse, where he encounters the Spider Society, a team of Spider-People charged with protecting the Multiverse's very existence. But when the heroes clash on how to handle a new threat, Miles finds himself pitted against the other Spiders and must set out on his own to save those he loves most.",49.6428,/8Vt6mWEReuy4Of61Lnj5Xj704m8.jpg,2023-05-31,False,False,8.3,9374,"Animation, Action, Adventure, Science Fiction"
False,/oz4U9eA6ilYf1tyiVuGmkftdLac.jpg,"18, 10749, 53",1010581,My Fault,es,Culpa mía,"Noah must leave her city, boyfriend, and friends to move into William Leister's mansion, the flashy and wealthy husband of her mother Rafaela. As a proud and independent 17 year old, Noah resists living in a mansion surrounded by luxury. However, it is there where she meets Nick, her new stepbrother, and the clash of their strong personalities becomes evident from the very beginning.",50.089,/w46Vw536HwNnEzOa7J24YH9DPRS.jpg,2023-06-08,False,False,7.727,4208,"Drama, Romance, Thriller"
False,/lh3BDkmWJh998n4fQcHYcVi7dpm.jpg,"12, 18, 28",1284465,The Death of Robin Hood,en,The Death of Robin Hood,"Grappling with his past after a life of crime and murder, Robin Hood finds himself gravely injured after a battle he thought would be his last. In the hands of a mysterious woman, he is offered a chance at salvation.",47.5299,/13MmRwmG5NmaMfU8qNrtgGXisiD.jpg,2026-06-18,False,False,6.7,516,"Adventure, Drama, Action"
False,/pxd9rc03EMMln3tVFdfd427Fpsi.jpg,"16, 12, 14, 10751",1542261,Doraemon the Movie: New Nobita and the Castle of the Undersea Devil,ja,映画ドラえもん 新・のび太の海底鬼岩城,"Nobita and friends finds a secret underwater castle packed with mysteries and riches. With Doraemon's high-tech gadgets, they dive into an ocean adventure mixing humor, teamwork, and imagination in a breathtaking aquatic world.",44.8195,/gdllrWFb9ffvGkCDQAflrdnTaAg.jpg,2026-02-27,False,False,7.1,11,"Animation, Adventure, Fantasy, Family"
False,/heZQmyNvkH236ha2M3JckdUQQqb.jpg,"28, 12, 878",1081003,Supergirl,en,Supergirl,"When an unexpected and ruthless adversary strikes too close to home, Kara Zor-El, aka Supergirl, reluctantly joins forces with an unlikely companion on an epic, interstellar journey of vengeance and justice.",47.9285,/uhzRnTW4DM13UQBvZP3eVNzQTuz.jpg,2026-06-24,False,False,6.654,2530,"Action, Adventure, Science Fiction"
False,/jzBWExXacS33rMQ2zLBrqIVweyG.jpg,"53, 28",1386315,The Runner,en,The Runner,"Maia Marten, a brilliant London lawyer, has her life shattered by a single call on her morning run: her son has been taken. To get him back, she must keep running, obey every ruthless command, and trust no one-each second a test of how far a mother will go to save her child.",45.5772,/uxCaBoYXsDC4A0SqTm3SISj0OwK.jpg,2026-09-03,False,False,6.7,638,"Thriller, Action"
False,/AaV1YIdWKnjAIAOe8UUKBFm327v.jpg,"28, 18",361743,Top Gun: Maverick,en,Top Gun: Maverick,"After more than thirty years of service as one of the Navy’s top aviators, and dodging the advancement in rank that would ground him, Pete “Maverick” Mitchell finds himself training a detachment of TOP GUN graduates for a specialized mission the likes of which no living pilot has ever seen.",49.9305,/n0YuM4f5lvGAP6MAW2kBIzugXnc.jpg,2022-05-21,False,False,8.2,11675,"Action, Drama"
False,/zTnAnYIn0Iv3cn0ZHlzLhou3ybm.jpg,"9648, 53",1368166,The Housemaid,en,The Housemaid,"Trying to escape her past, Millie Calloway accepts a job as a live-in housemaid for the wealthy Nina and Andrew Winchester. But what begins as a dream job quickly unravels into something far more dangerous—a sexy, seductive game of secrets, scandal, and power.",47.3829,/cWsBscZzwu5brg9YjNkGewRUvJX.jpg,2025-12-18,False,False,7.2,3177,"Mystery, Thriller"
False,/i0eR9O1FnCgBm1cH8WwqxGbAXMS.jpg,"28, 80, 53",1280738,The Furious,zh,火遮眼,"After a criminal network kidnaps Wang Wei's daughter and the corrupt police refuse to assist him, Wei sets out on his own to locate her. Navin, a tenacious journalist whose wife has mysteriously vanished, is his only ally. In this explosive martial arts showdown, the unlikely duo fights the kidnappers ruthlessly driven by a furious vengeance.",49.0397,/ivQ1Z3lI1xWvAeGDHBw3CCYZDGJ.jpg,2026-06-10,False,False,8.2,816,"Action, Crime, Thriller"
False,/zms3m4kVz7RXmobU1B0nhrvUEmP.jpg,"10749, 35, 18",1508168,Bethlehem Kudumba Unit,ml,ബെത്‌ലഹേം കുടുംബ യൂണിറ്റ്,"Ashley's homecoming from abroad takes an emotional turn when a wedding next door stirs memories of her first love, Justin.",44.3072,/uaSZiH6yoGaVJcqzKtrfSkqDuHX.jpg,2026-08-21,False,False,8.3,31,"Romance, Comedy, Drama"
False,/tlm8UkiQsitc8rSuIAscQDCnP8d.jpg,"28, 878",603,The Matrix,en,The Matrix,"Set in the 22nd century, The Matrix tells the story of a computer hacker who joins a group of underground insurgents fighting the vast and powerful computers who now rule the earth.",47.2116,/dXNAPwY7VrqMAo51EKhhCJfaGb5.jpg,1999-03-31,False,False,8.26,28907,"Action, Science Fiction"
False,/v23fWgJUEt8EMmvn19btIacxP8E.jpg,"10749, 14, 16",3933,Corpse Bride,en,Corpse Bride,"In a 19th-century European village, a young man about to be married is whisked away to the underworld and wed to a mysterious corpse bride, while his real bride waits bereft in the land of the living.",50.7196,/3RAoVTxUk1OzZClscAsynuu670p.jpg,2005-09-12,False,False,7.6,10474,"Romance, Fantasy, Animation"
False,/p5ozvmdgsmbWe0H8Xk7Rc8SCwAB.jpg,"16, 12, 35, 10751",1022789,Inside Out 2,en,Inside Out 2,"Teenager Riley's mind headquarters is undergoing a sudden demolition to make room for something entirely unexpected: new Emotions! Joy, Sadness, Anger, Fear and Disgust, who’ve long been running a successful operation by all accounts, aren’t sure how to feel when Anxiety shows up. And it looks like she’s not alone.",45.8709,/vpnVM9B6NMmQpWeZvzLvDESb2QY.jpg,2024-06-11,False,False,7.5,7045,"Animation, Adventure, Comedy, Family"
False,/1ntePsIqeklfmrQJqZPncCydsqY.jpg,"16, 28, 12, 878",324857,Spider-Man: Into the Spider-Verse,en,Spider-Man: Into the Spider-Verse,"Struggling to find his place in the world while juggling school and family, Brooklyn teenager Miles Morales is unexpectedly bitten by a radioactive spider and develops unfathomable powers just like the one and only Spider-Man. While wrestling with the implications of his new abilities, Miles discovers a super collider created by the madman Wilson ""Kingpin"" Fisk, causing others from across the Spider-Verse to be inadvertently transported to his dimension.",45.5191,/iiZZdoQBEYBv6id8su7ImL0oCbD.jpg,2018-12-06,False,False,8.4,17981,"Animation, Action, Adventure, Science Fiction"
False,/ffdqHMWkh1h9MABwIfbfRJhgFW6.jpg,"28, 53, 878",218,The Terminator,en,The Terminator,"In the post-apocalyptic future, reigning tyrannical supercomputers teleport a cyborg assassin known as the ""Terminator"" back to 1984 to kill Sarah Connor, whose unborn son is destined to lead insurgents against 21st century mechanical hegemony. Meanwhile, the human-resistance movement dispatches a lone warrior to safeguard Sarah. Can he stop the virtually indestructible killing machine?",43.9489,/qvktm0BHcnmDpul4Hz01GIazWPr.jpg,1984-10-26,False,False,7.697,15242,"Action, Thriller, Science Fiction"
False,/7t6f6VxA2ZXbbZSVctgt7bZG2DI.jpg,"27, 878, 53",1307118,Soulm8te,en,Soulm8te,"After a ruthless tech giant acquires a small robotics company, a grieving engineer is tasked with testing their new AI companion. But when he attempts to reprogram her to be a truly sentient soulmate, she develops needs of her own—unleashing a relentless spree of precision-engineered mayhem.",44.3386,/nIkAHDzo9kbG3kDmDckqywo6CE9.jpg,2026-07-31,False,False,7.5,456,"Horror, Science Fiction, Thriller"
False,/8FCHJ21JBQOgATY2WI8vwYAiXg8.jpg,"36, 18, 53, 10752",205596,The Imitation Game,en,The Imitation Game,"Based on the real life story of legendary cryptanalyst Alan Turing, the film portrays the nail-biting race against time by Turing and his brilliant team of code-breakers at Britain's top-secret Government Code and Cypher School at Bletchley Park, during the darkest days of World War II.",45.3951,/zSqJ1qFq8NXFfi7JeIYMlzyR0dx.jpg,2014-11-14,False,False,8.0,18500,"History, Drama, Thriller, War"
False,/bVSOgrxasVJF6V71T7v2KfBRSzu.jpg,"27, 878",933260,The Substance,en,The Substance,"A fading celebrity decides to use a black market drug, a cell-replicating substance that temporarily creates a younger, better version of herself.",48.1356,/lqoMzCcZYEFK729d6qzt349fB4o.jpg,2024-09-18,False,False,7.136,6567,"Horror, Science Fiction"
False,/gkh6Nt8DtY1XT4gQsyFq9XAVJlJ.jpg,"18, 35",350,The Devil Wears Prada,en,The Devil Wears Prada,"A young woman from the Midwest gets more than she bargained for when she moves to New York to become a writer and ends up as the assistant to the tyrannical, larger-than-life editor-in-chief of a major fashion magazine.",47.3146,/8912AsVuS7Sj915apArUFbv6F9L.jpg,2006-06-29,False,False,7.4,14303,"Drama, Comedy"
False,/c4U96GrPRfnNrS01mBtqnocvlLJ.jpg,"80, 28, 53",1621552,Facing El Chapo,es,La captura,Two Mexican officers must survive the final hours of their shift after crossing a ruthless cartel boss.,40.1006,/alpf5v4UqSFawPmG9RX03Or4BDk.jpg,2026-08-21,False,False,8.788,891,"Crime, Action, Thriller"
False,/cz4vLJrmaV1zJlRYbxqtvLzeLWB.jpg,"28, 35, 80, 9648",1168190,The Wrecking Crew,en,The Wrecking Crew,"Estranged half-brothers Jonny and James reunite after their father's mysterious death. As they search for the truth, buried secrets reveal a conspiracy threatening to tear their family apart.",44.4443,/gbVwHl4YPSq6BcC92TQpe7qUTh6.jpg,2026-01-28,False,False,7.1,1302,"Action, Comedy, Crime, Mystery"
False,/3UbaCMmqOd7mca4Y5DOzY2ZVTyX.jpg,"28, 12, 14",122917,The Hobbit: The Battle of the Five Armies,en,The Hobbit: The Battle of the Five Armies,"Following Smaug's attack on Laketown, Bilbo and the dwarves try to defend Erebor's mountain of treasure from others who claim it: the men of the ruined Laketown and the elves of Mirkwood. Meanwhile an army of Orcs led by Azog the Defiler is marching on Erebor, fueled by the rise of the dark lord Sauron. Dwarves, elves and men must unite, and the hope for Middle-Earth falls into Bilbo's hands.",46.8324,/xT98tLqatZPQApyRmlPL12LtiWp.jpg,2014-12-10,False,False,7.338,15832,"Action, Adventure, Fantasy"
False,/d1n2ySWSanU34eEsluRjfrjRq52.jpg,"35, 27, 10749",1240889,Teenage Sex and Death at Camp Miasma,en,Teenage Sex and Death at Camp Miasma,"An ambitious director sets out to revive a faded slasher franchise, but her meeting with the film’s reclusive original star spirals into a terrifying maze of obsession, fear, and blood-soaked delusion.",44.3879,/6Q6Zo6GNXMLP600OJSh6MhW21um.jpg,2026-08-06,False,False,6.246,264,"Comedy, Horror, Romance"
False,/rvtdN5XkWAfGX6xDuPL6yYS2seK.jpg,"80, 9648, 53",414906,The Batman,en,The Batman,"In his second year of fighting crime, Batman uncovers corruption in Gotham City that connects to his own family while facing a serial killer known as the Riddler.",46.5702,/74xTEgt7R36Fpooo50r9T25onhq.jpg,2022-03-01,False,False,7.7,12636,"Crime, Mystery, Thriller"
False,/xj1Sv1xm4Y0ydBueGuf10Y9qM0O.jpg,18,489,Good Will Hunting,en,Good Will Hunting,"Will Hunting is a headstrong, working-class genius who is failing the lessons of life. After one too many run-ins with the law, Will's last chance is a psychology professor, who might be the only man who can reach him.",46.822,/z2FnLKpFi1HPO7BEJxdkv6hpJSU.jpg,1997-12-05,False,False,8.165,14401,Drama
False,/2u7zbn8EudG6kLlBzUYqP8RyFU4.jpg,"12, 14, 28",122,The Lord of the Rings: The Return of the King,en,The Lord of the Rings: The Return of the King,"As armies mass for a final battle that will decide the fate of the world--and powerful, ancient forces of Light and Dark compete to determine the outcome--one member of the Fellowship of the Ring is revealed as the noble heir to the throne of the Kings of Men. Yet, the sole hope for triumph over evil lies with a brave hobbit, Frodo, who, accompanied by his loyal friend Sam and the hideous, wretched Gollum, ventures deep into the very dark heart of Mordor on his seemingly impossible quest to destroy the Ring of Power.​",46.7139,/rCzpDGLbOoPwLjy3OAm5NUPOTrC.jpg,2003-12-17,False,False,8.504,27534,"Adventure, Fantasy, Action"
False,/vbk5CfaAHOjQPSAcYm6AoRRz2Af.jpg,"12, 14",673,Harry Potter and the Prisoner of Azkaban,en,Harry Potter and the Prisoner of Azkaban,Harry Potter's life is in danger once more as dangerous wizard Sirius Black has escaped from Azkaban Prison and is heading to Hogwarts.,46.6459,/aWxwnYoe8p2d2fcxOqtvAtJ72Rw.jpg,2004-05-31,False,False,8.013,23754,"Adventure, Fantasy"
False,/fRjy6zDeNjfzmjpKz8mElA9Aa6l.jpg,10749,1523145,Your Heart Will Be Broken,ru,Твоё сердце будет разбито,"High school student Polina is saved from bullying at her new school and makes a deal with the main bully Bars: he must pretend to be her boyfriend and protect her, and she must do everything he says. During this game, the couple develops real feelings, but her family and classmates have reasons to separate the lovers.",46.6273,/7wIBfBl2gejt6xHxNSK0reVIm7E.jpg,2026-03-26,False,False,7.1,124,Romance
False,/8iG6naruSFn4CuSWB01F0JuImCc.jpg,"35, 10749, 18",1538457,Meesaya Murukku 2,ta,மீசைய முருக்கு 2,"After facing rejection in love and getting into a fight, Jeeva learns about his father Siva's struggles and sacrifices. Inspired by his grandfather's legacy and father's dedication, Jeeva changes his outlook and works hard toward his musical dream. Through determination and perseverance, Jeeva earns recognition in the music industry and brings pride to his family.",46.2848,/qD1QwmInB9ezd2peVb5EbhaM4Mo.jpg,2026-09-25,False,False,0.0,0,"Comedy, Romance, Drama"
False,/zMwhWailP1WY7sb6AoE6b8ugoy.jpg,"12, 16, 10751, 14",1007757,Swapped,en,Swapped,"A small woodland creature and a majestic bird, two natural sworn enemies of the Valley, magically trade places and set off on an adventure of a lifetime to switch back. Their journey soon uncovers a greater threat—one that could endanger not only their species, but the entire valley they call home.",46.1656,/tHhxWxge06goXU6ZQH1hj7vK8Hd.jpg,2026-05-01,False,False,8.863,2230,"Adventure, Animation, Family, Fantasy"
False,/nAxGnGHOsfzufThz20zgmRwKur3.jpg,"27, 28, 53",1233413,Sinners,en,Sinners,"Trying to leave their troubled lives behind, twin brothers return to their hometown to start again, only to discover that an even greater evil is waiting to welcome them back.",46.1545,/fWPgbnt2LSqkQ6cdQc0SZN9CpLm.jpg,2025-04-16,False,False,7.5,5289,"Horror, Action, Thriller"
False,/hlxduUs8y9icWGMzYCDLcYHEQ2u.jpg,53,985939,Fall,en,Fall,"For best friends Becky and Hunter, life is all about conquering fears and pushing limits. But after they climb 2,000 feet to the top of a remote, abandoned radio tower, they find themselves stranded with no way down. Now Becky and Hunter's expert climbing skills will be put to the ultimate test as they desperately fight to survive the elements, a lack of supplies, and vertigo-inducing heights.",46.0547,/spCAxD99U1A6jsiePFoqdEcY0dG.jpg,2022-08-11,False,False,7.145,4936,Thriller
False,/u53UYu5XG2hNgWGvs3xGhAVzypl.jpg,"12, 16, 35, 10751, 878",1327819,Hoppers,en,Hoppers,"Scientists have discovered how to 'hop' human consciousness into lifelike robotic animals, allowing people to communicate with animals as animals. Animal lover Mabel seizes an opportunity to use the technology, uncovering mysteries within the animal world beyond anything she could have imagined.",45.7096,/xjtWQ2CL1mpmMNwuU5HeS4Iuwuu.jpg,2026-03-04,False,False,8.1,2409,"Adventure, Animation, Comedy, Family, Science Fiction"
False,/c6OLXfKAk5BKeR6broC8pYiCquX.jpg,"18, 53",550,Fight Club,en,Fight Club,"A ticking-time-bomb insomniac and a slippery soap salesman channel primal male aggression into a shocking new form of therapy. Their concept catches on, with underground ""fight clubs"" forming in every town, until an eccentric gets in the way and ignites an out-of-control spiral toward oblivion.",45.7083,/jSziioSwPVrOy9Yow3XhWIBDjq1.jpg,1999-10-15,False,False,8.437,32989,"Drama, Thriller"
False,/bvRnPaai6JL7XHF4K6414DdSHro.jpg,"12, 14",672,Harry Potter and the Chamber of Secrets,en,Harry Potter and the Chamber of Secrets,"Cars fly, trees fight back, and a mysterious house-elf comes to warn Harry Potter at the start of his second year at Hogwarts. Adventure and danger await when bloody writing on a wall announces: The Chamber Of Secrets Has Been Opened. To save Hogwarts will require all of Harry, Ron and Hermione's magical abilities and courage.",45.6644,/sdEOH0992YZ0QSxgXNIGLq1ToUi.jpg,2002-11-13,False,False,7.709,24184,"Adventure, Fantasy"
False,/kIBK5SKwgqIIuRKhhWrJn3XkbPq.jpg,"28, 12, 878",99861,Avengers: Age of Ultron,en,Avengers: Age of Ultron,"When Tony Stark tries to jumpstart a dormant peacekeeping program, things go awry and Earth’s Mightiest Heroes are put to the ultimate test as the fate of the planet hangs in the balance. As the villainous Ultron emerges, it is up to The Avengers to stop him from enacting his terrible plans, and soon uneasy alliances and unexpected action pave the way for an epic and unique global adventure.",45.6012,/4ssDuvEDkSArWEdyBl2X5EHvYKU.jpg,2015-04-22,False,False,7.278,25141,"Action, Adventure, Science Fiction"
False,/z7lZgL5tzefTfhyRtouThFhsuUS.jpg,"28, 878, 53",1323244,Rage of Stars,en,Rage of Stars,"A story about a woman from the International Special Forces Unit, who has a premonition about the impending end of humanity.",45.3111,/oLld47ZT1I3iecM3OWhIphohQUJ.jpg,2026-08-06,False,False,6.5,223,"Action, Science Fiction, Thriller"
False,/suaEOtk1N1sgg2MTM7oZd2cfVp3.jpg,"53, 80, 35",680,Pulp Fiction,en,Pulp Fiction,"A burger-loving hit man, his philosophical partner, a drug-addled gangster's moll and a washed-up boxer converge in this sprawling, comedic crime caper. Their adventures unfurl in three stories that ingeniously trip back and forth in time.",45.2004,/vQWk5YBFWF4bZaofAbv0tShwBvQ.jpg,1994-09-10,False,False,8.5,31042,"Thriller, Crime, Comedy"
False,/oZJQZQ8BHgeq5YHcAbshMlmJvWX.jpg,18,1723013,Hibla 2,tl,Hibla 2,"Two VMX queens, Aliya Raymundo and Margaret Diaz, play reunited childhood friends who share a memorable past and a complicated present: one is a liberated city girl, the other a sheltered country virgin, and both are surrounded by men eager to get a taste of their youth.",45.1585,/drDsk2ES8YvWFwgWaY9foKaE5xv.jpg,2026-06-30,False,False,3.0,1,Drama
False,/s5RjDjlG0COGVZRhb9vRxOwbKY2.jpg,"27, 28",1536756,Blood & Rust,en,Blood & Rust,"In the fading rustbelt town of Redpatch, Ohio, nights feel longer, shadows heavier, and strangers never arrive without reason. After losing his father to a strange animal attack, burned-out diner manager Lamont Guest crosses paths with a mysterious drifter - the road-weary vampire slayer Belko - and soon finds himself drawn into battle against the ancient evil that's bleeding his hometown dry.",44.4747,/hg7DClp5yenC5IbJ04sl8Mn2b32.jpg,2026-05-08,False,False,0.0,0,"Horror, Action"
False,/o0jkkpcN81QqSl8DMLScBCXyUH9.jpg,27,1212763,Evil Dead Burn,en,Evil Dead Burn,"After her husband's abrupt death, Alice seeks solace with his remaining family — descendants of a leading researcher on demonic possession. As her in-laws transform one by one into creatures that feed on fear, she comes to discover that the vows she took in life survive even in death.",44.4459,/uRxrNXQWkHoENm3nwVOZDYSCx2F.jpg,2026-07-07,False,False,7.7,1680,Horror
False,/nsfVr4QbbunUrHINN9N7JdVAMTf.jpg,"16, 35, 10751",863,Toy Story 2,en,Toy Story 2,"Andy heads off to Cowboy Camp, leaving his toys to their own devices. Things shift into high gear when an obsessive toy collector named Al McWhiggen, owner of Al's Toy Barn kidnaps Woody. Andy's toys mount a daring rescue mission, Buzz Lightyear meets his match and Woody has to decide where he and his heart truly belong.",44.3369,/4rbcp3ng8n1MKHjpeqW0L7Fnpzz.jpg,1999-10-30,False,False,7.6,15452,"Animation, Comedy, Family"
False,/vYqt6kb4lcF8wwqsMMaULkP9OEn.jpg,"12, 16, 35, 10751, 14",1241982,Moana 2,en,Moana 2,"After receiving an unexpected call from her wayfinding ancestors, Moana journeys alongside Maui and a new crew to the far seas of Oceania and into dangerous, long-lost waters for an adventure unlike anything she's ever faced.",44.2309,/aLVkiINlIeCkcZIzb7XHzPYgO6L.jpg,2024-11-21,False,False,7.0,3313,"Adventure, Animation, Comedy, Family, Fantasy"
False,/82lM4GJ9uuNvNDOEpxFy77uv4Ak.jpg,"28, 878, 12",1242898,Predator: Badlands,en,Predator: Badlands,"Cast out from his clan, a young Predator finds an unlikely ally in a damaged android and embarks on a treacherous journey in search of the ultimate adversary.",43.6239,/pHpq9yNUIo6aDoCXEBzjSolywgz.jpg,2025-11-05,False,False,7.84,3755,"Action, Science Fiction, Adventure"
False,/nv5wwZou159v5OC61i4ElR7OqyY.jpg,"14, 16, 12",4935,Howl's Moving Castle,ja,ハウルの動く城,"Sophie, a young milliner, is turned into an elderly woman by a witch who enters her shop and curses her. She encounters a wizard named Howl and gets caught up in his resistance to fighting for the king.",43.2856,/13kOl2v0nD2OLbVSHnHk8GUFEhO.jpg,2004-09-09,False,False,8.389,11544,"Fantasy, Animation, Adventure"
False,/7lmBufEG7P7Y1HClYK3gCxYrkgS.jpg,"12, 28, 878",10138,Iron Man 2,en,Iron Man 2,"With the world now aware of his dual life as the armored superhero Iron Man, billionaire inventor Tony Stark faces pressure from the government, the press and the public to share his technology with the military. Unwilling to let go of his invention, Stark, with Pepper Potts and James 'Rhodey' Rhodes at his side, must forge new alliances – and confront powerful enemies.",43.2543,/6WBeq4fCfn7AN0o21W9qNcRF2l9.jpg,2010-04-28,False,False,6.855,23021,"Adventure, Action, Science Fiction"
False,/lV1P1Q5gLDXVG1ZYCxZHStkcQC3.jpg,"878, 12, 53",131631,The Hunger Games: Mockingjay - Part 1,en,The Hunger Games: Mockingjay - Part 1,"After surviving the Quarter Quell, Katniss finds herself in the hidden stronghold of District 13, where the rebellion against the Capitol is gaining momentum. Struggling with the weight of becoming the symbol of resistance, she must navigate fragile alliances while trying to protect those she loves. As propaganda battles rage and Panem moves closer to full-scale war, Katniss is forced to confront the true cost of revolution.",43.2453,/4FAA18ZIja70d1Tu5hr5cj2q1sB.jpg,2014-11-19,False,False,6.814,17082,"Science Fiction, Adventure, Thriller"
False,/ecKQlAEG95k62SMGhvX83oEqANK.jpg,"27, 53",138843,The Conjuring,en,The Conjuring,"Paranormal investigators Ed and Lorraine Warren work to help a family terrorized by a dark presence in their farmhouse. Forced to confront a powerful entity, the Warrens find themselves caught in the most terrifying case of their lives.",43.0378,/wVYREutTvI2tmxr6ujrHT704wGF.jpg,2013-07-18,False,False,7.543,13151,"Horror, Thriller"
False,/9svsJni0pNROt53QBEj9JqZMuEK.jpg,"12, 14",675,Harry Potter and the Order of the Phoenix,en,Harry Potter and the Order of the Phoenix,"When a new professor's methods leave Hogwarts unprepared to fight the rising tide of evil, Harry teaches students how to defend against the dark arts.",42.9136,/5aOyriWkPec0zUDxmHFP9qMmBaj.jpg,2007-07-08,False,False,7.7,21315,"Adventure, Fantasy"
False,/dRoFlUbH1l51ACmx5oPCI3jfvZq.jpg,"35, 18",1314481,The Devil Wears Prada 2,en,The Devil Wears Prada 2,"Andy Sachs returns to Runway as Miranda Priestly navigates a new media landscape and Runway's position within. The duo reconnect with former assistant Emily Charlton, now the head of a luxury brand that possesses funding which could ensure Runway's survival.",42.457,/xTI42pmsP5EDnvsNJPEDubwWBQO.jpg,2026-04-29,False,False,7.0,2412,"Comedy, Drama"
False,/zQ8AxTPiCiS5nnwXpwTBPBHSaa5.jpg,"28, 878",557,Spider-Man,en,Spider-Man,"After being bitten by a genetically altered spider at Oscorp, nerdy but endearing high school student Peter Parker is endowed with amazing powers to become the superhero known as Spider-Man.",42.2674,/or6XJBVpcEbIkma0V9zshnbEtx4.jpg,2002-05-01,False,False,7.357,21539,"Action, Science Fiction"
False,/hmZnqijPaaACjenDkrbWcCmcADI.jpg,18,549509,The Brutalist,en,The Brutalist,"When an innovative modern architect flees post-war Europe, he is given the opportunity to rebuild his legacy. Set during the dawn of the modern United States (in Pennsylvania), his wife joins him, and their lives are forever changed by a demanding, wealthy patron.",42.2299,/vP7Yd6couiAaw9jgMd5cjMRj3hQ.jpg,2024-12-20,False,False,6.9,1849,Drama
False,/dyJvKsNs2KP8qQnAXbRwDjblViy.jpg,"16, 10751, 14",129,Spirited Away,ja,千と千尋の神隠し,"A young girl, Chihiro, becomes trapped in a strange new world of spirits. When her parents undergo a mysterious transformation, she must call upon the courage she never knew she had to free her family.",42.2245,/jUo8cNmU400WtZiJss45HNXlQ2e.jpg,2001-07-20,False,False,8.5,19012,"Animation, Family, Fantasy"
False,/di47xqYMCYpjqwnqNlO17X5qXMX.jpg,"35, 80",12153,White Chicks,en,White Chicks,"Two FBI agent brothers, Marcus and Kevin Copeland, accidentally foil a drug bust. To avoid being fired they accept a mission escorting a pair of socialites to the Hamptons--but when the girls are disfigured in a car accident, they refuse to go. Left without options, Marcus and Kevin decide to pose as the sisters, transforming themselves from black men into rich white women.",42.1617,/aHTUpo45qy9QYIOnVITGGqLoVcA.jpg,2004-06-23,False,False,6.969,4784,"Comedy, Crime"
False,/c7VbRPlev1bRfKvTxr98erw5T7B.jpg,"16, 35, 10751, 14",585,"Monsters, Inc.",en,"Monsters, Inc.","Lovable Sulley and his wisecracking sidekick Mike Wazowski are the top scare team at Monsters, Inc., the scream-processing factory in Monstropolis. When a little girl named Boo wanders into their world, it's the monsters who are scared silly, and it's up to Sulley and Mike to keep her out of sight and get her back home.",42.0776,/wFSpyMsp7H0ttERbxY7Trlv8xry.jpg,2001-11-01,False,False,7.858,20352,"Animation, Comedy, Family, Fantasy"
False,/q00H8EqULYSK74lgevMkhmGGLHn.jpg,"16, 10751, 18",8587,The Lion King,en,The Lion King,"Young lion prince Simba, eager to one day become king of the Pride Lands, grows up under the watchful eye of his father Mufasa; all the while his villainous uncle Scar conspires to take the throne for himself. Amid betrayal and tragedy, Simba must confront his past and find his rightful place in the Circle of Life.",42.0026,/sKCr78MXSLixwmZ8DyJLrpMsd15.jpg,1994-06-15,False,False,8.2,20238,"Animation, Family, Drama"
False,/5MUMB3aPEPEQPCIAaygXFUTWE9Y.jpg,"28, 14, 878",454639,Masters of the Universe,en,Masters of the Universe,"After being separated for 15 years, the Sword of Power leads Prince Adam back to Eternia, where he discovers his home shattered under the fiendish rule of Skeletor. To save his family and his world, Adam must join forces with his closest allies, Teela and Duncan/Man-At-Arms, and embrace his true destiny as He-Man — the most powerful man in the universe.",41.8815,/oRuyGUHdoaQxWP3SDfafGkStxTC.jpg,2026-06-03,False,False,7.101,2207,"Action, Fantasy, Science Fiction"
False,/vL5LR6WdxWPjLPFRLe133jXWsh5.jpg,"878, 28, 12",19995,Avatar,en,Avatar,"In the 22nd century, a paraplegic Marine is dispatched to the moon Pandora on a unique mission, but becomes torn between following orders and protecting an alien civilization.",41.7492,/gKY6q7SjCkAU6FqvqWybDYgUKIF.jpg,2009-12-16,False,False,7.61,34805,"Science Fiction, Action, Adventure"
False,/caBIySpwuFi2i7ynvHIlnxJLOdN.jpg,"16, 28, 12, 18",1560520,Batman: Knightfall Part 1: Knightfall,en,Batman: Knightfall Part 1: Knightfall,"Arkham Asylum has been destroyed, and all its inmates have been unleashed upon Gotham City. As Batman races to round up some of his greatest enemies, he is pushed to his physical and mental limits and into a final confrontation with a new threat: the man called Bane!",41.6285,/360qdtu2hLnqMu8SVHMywn420w1.jpg,2026-06-23,False,False,9.1,435,"Animation, Action, Adventure, Drama"
False,/uD267eSiACfWLxp47t3gYymOQRj.jpg,"16, 35, 10751, 878",93456,Despicable Me 2,en,Despicable Me 2,Gru is recruited by the Anti-Villain League to help deal with a powerful new super criminal.,41.5732,/5Fh4NdoEnCjCK9wLjdJ9DJNFl2b.jpg,2013-06-26,False,False,6.9,12281,"Animation, Comedy, Family, Science Fiction"
False,/iWak7wT0j6ycCc8lKr4NBz9c7n5.jpg,"9648, 53, 18",210577,Gone Girl,en,Gone Girl,"With his wife's disappearance having become the focus of an intense media circus, a man sees the spotlight turned on him when it's suspected that he may not be innocent.",41.5175,/ts996lKsxvjkO2yiYG0ht4qAicO.jpg,2014-10-01,False,False,7.9,20506,"Mystery, Thriller, Drama"
False,/tq3h43fZy0H80vzf47MAY7R9Mxo.jpg,"16, 35, 10751",1297842,GOAT,en,GOAT,"A small goat with big dreams gets a once-in-a-lifetime shot to join the pros and play roarball, a high-intensity, co-ed, full-contact sport dominated by the fastest, fiercest animals in the world.",41.5107,/wfuqMlaExcoYiUEvKfVpUTt1v4u.jpg,2026-02-11,False,False,8.0,1114,"Animation, Comedy, Family"
False,/eJ4vMJJlnxnKqdJCBDXvNmE0LVp.jpg,"27, 35",1437195,Livestream from Hell,en,Livestream from Hell,"When Kevin Hart teams up with fellow comedian, Druski, and streamer, Kai Cenat for a record-breaking livestream at his tech-savvy mansion, things go hilariously off the rails, until the pranks turn to panic, and a real murder mystery unfolds on camera, trapping the trio and their celebrity guests in a high-stakes, horror-comedy whodunnit watched by millions.",41.4815,/2bKGy1SoXZEUa69HRSy51rVM5KF.jpg,2026-09-30,False,False,5.194,31,"Horror, Comedy"
False,/k3Nc57fdRkzleHjodta45mGJV2C.jpg,"27, 53",1469930,Project Sacrifice,id,Tumbal Proyek,"While investigating their father’s death inside a major bridge construction company, Yuda and his family attempt to prove that the frequent, deadly workplace accidents are actually human sacrifices.",41.4349,/321rzg1B6RRhcuRgsFHjQ7Xl3XX.jpg,2026-05-13,False,False,3.9,6,"Horror, Thriller"
False,/e0vwcf5R1yU2Uz2mTO4KbCxL5tT.jpg,"27, 9648",1400499,KINKI,ja,近畿地方のある場所について,"After an editor of an occult magazine suddenly vanishes, his friend Chihiro and his co-worker Yusei set out to discover the reason behind his disappearance.",41.162,/z8x77fhtP5kw1t7qsKmJ8WpHeKy.jpg,2025-08-08,False,False,6.24,25,"Horror, Mystery"
False,/s94NjfKkcSczZ1FembwmQZwsuwY.jpg,"878, 12, 28",617126,The Fantastic 4: First Steps,en,The Fantastic 4: First Steps,"Against the vibrant backdrop of a 1960s-inspired, retro-futuristic world, Marvel's First Family is forced to balance their roles as heroes with the strength of their family bond, while defending Earth from a ravenous space god called Galactus and his enigmatic Herald, Silver Surfer.",41.139,/nf5qaSEvyYSNeFH0YhSs5EsBLX9.jpg,2025-07-23,False,False,6.9,3979,"Science Fiction, Adventure, Action"
False,/3V4kLQg0kSqPLctI5ziYWabAZYF.jpg,"878, 28, 12",912649,Venom: The Last Dance,en,Venom: The Last Dance,"Eddie and Venom are on the run. Hunted by both of their worlds and with the net closing in, the duo are forced into a devastating decision that will bring the curtains down on Venom and Eddie's last dance.",41.1266,/vGXptEdgZIhPg3cGlc7e8sNPC2e.jpg,2024-10-22,False,False,6.666,4588,"Science Fiction, Action, Adventure"
False,/cClWTo3ftVXvV1sF8vlLuWfnlph.jpg,"12, 14",674,Harry Potter and the Goblet of Fire,en,Harry Potter and the Goblet of Fire,"When his name emerges from the Goblet of Fire, Harry Potter becomes a competitor in a grueling battle for glory among three wizarding schools. Signs of Voldemort's return emerge as Harry's friends help him prepare for the Triwizard Tournament.",41.049,/fECBtHlr0RB3foNHDiCBXeg9Bv9.jpg,2005-11-16,False,False,7.803,22735,"Adventure, Fantasy"
False,/zRKQW58MBEY078AxkHxEJzUskCl.jpg,"878, 12",438631,Dune,en,Dune,"Paul Atreides, a brilliant and gifted young man born into a great destiny beyond his understanding, must travel to the most dangerous planet in the universe to ensure the future of his family and his people. As malevolent forces explode into conflict over the planet's exclusive supply of the most precious resource in existence - a commodity capable of unlocking humanity's greatest potential - only those who can conquer their fear will survive.",41.0418,/v1tRXZ4JtD2Iv6fjkPvT4GiwslV.jpg,2021-09-15,False,False,7.784,15681,"Science Fiction, Adventure"
False,/yRBc6WY3r1Fz5Cjd6DhSvzqunED.jpg,"878, 12, 28",1061474,Superman,en,Superman,"Superman, a journalist in Metropolis, embarks on a journey to reconcile his Kryptonian heritage with his human upbringing as Clark Kent.",40.941,/ldyfo0BKmz5rWtJJKCvwaNS4cJT.jpg,2025-07-09,False,False,7.32,5566,"Science Fiction, Adventure, Action"
False,/uujYvxE9s6KY4SbBZ0ZFN3oBJhW.jpg,"28, 10752",1594914,Lucky Strike,en,Lucky Strike,"A wounded American soldier fights to survive behind enemy lines during WWII's Battle of the Bulge against the Germans, relying on his instinct, spy craft and a hand-radio to evade capture and find his way back to his unit.",40.8736,/kzRAd7mj39ZY3FGNrDdZjqx56tn.jpg,2026-06-26,False,False,6.627,55,"Action, War"
False,/5YZbUmjbMa3ClvSW1Wj3D6XGolb.jpg,"878, 12, 28",447365,Guardians of the Galaxy Vol. 3,en,Guardians of the Galaxy Vol. 3,"Peter Quill, still reeling from the loss of Gamora, must rally his team around him to defend the universe along with protecting one of their own. A mission that, if not completed successfully, could quite possibly lead to the end of the Guardians as we know them.",40.5029,/r2J02Z2OpNTctfOSN1Ydgii51I3.jpg,2023-05-03,False,False,7.932,8927,"Science Fiction, Adventure, Action"
False,/cKvDv2LpwVEqbdXWoQl4XgGN6le.jpg,"28, 878, 12",1726,Iron Man,en,Iron Man,"After being held captive in an Afghan cave, billionaire engineer Tony Stark creates a unique weaponized suit of armor to fight evil.",40.4381,/78lPtwv72eTNqFW9COBYI0dWDJa.jpg,2008-04-30,False,False,7.666,28946,"Action, Science Fiction, Adventure"
False,/bQdYYutvomoxfLQK8gTV8Z3qsmv.jpg,"27, 9648, 53, 18",1224993,Dark Nuns,ko,검은 수녀들,"Desperation drives two nuns to perform an exorcism no nun should attempt. With a possessed child at the mercy of evil and the opposition of the Catholic Church, they take on the dangerous forbidden rituals themselves, putting their immortal souls in grave danger. They must confront the terrifying cost of their sacrilegious actions, but one goal remains: the boy must be saved at all costs.",40.3838,/2Abt2GgscAGtGAXTrhH44qPhugI.jpg,2025-01-24,False,False,6.2,102,"Horror, Mystery, Thriller, Drama"
False,/66Kn4XWhkuPkJxOJyPEx4U2CUfN.jpg,"35, 18, 10749",13,Forrest Gump,en,Forrest Gump,"A man with a low IQ has accomplished great things in his life and been present during significant historic events—in each case, far exceeding what anyone imagined he could do. But despite all he has achieved, his one true love eludes him.",39.9323,/Cw4hIUIAmSYfK9QfaUW5igp9La.jpg,1994-06-23,False,False,8.5,30612,"Comedy, Drama, Romance"
False,/pGzqRKrYeK4LogoysNro0vG8d8N.jpg,"18, 80",240,The Godfather Part II,en,The Godfather Part II,"In the continuing saga of the Corleone crime family, a young Vito Corleone grows up in Sicily and in 1910s New York. In the 1950s, Michael Corleone attempts to expand the family business into Las Vegas, Hollywood and Cuba.",39.9275,/8a1lJs7mFyGhGhZZDT1azJUoQiZ.jpg,1974-12-20,False,False,8.6,14433,"Drama, Crime"
False,/rbZvGN1A1QyZuoKzhCw8QPmf2q0.jpg,"18, 53, 9648",11324,Shutter Island,en,Shutter Island,"World War II soldier-turned-U.S. Marshal Teddy Daniels investigates the disappearance of a patient from a hospital for the criminally insane, but his efforts are compromised by troubling visions and a mysterious doctor.",39.891,/nrmXQ0zcZUL8jFLrakWc90IR8z9.jpg,2010-02-14,False,False,8.196,26550,"Drama, Thriller, Mystery"
False,/3eUyLEF5M0ky3h6KJsWiWzaakB8.jpg,"27, 9648, 80",1159559,Scream 7,en,Scream 7,"When a new Ghostface killer emerges in the quiet town where Sidney Prescott has built a new life, her darkest fears are realized as her daughter becomes the next target. Determined to protect her family, Sidney must face the horrors of her past to put an end to the bloodshed once and for all.",39.8079,/jjyuk0edLiW8vOSnlfwWCCLpbh5.jpg,2026-02-25,False,False,6.2,1338,"Horror, Mystery, Crime"
False,/AmR3JG1VQVxU8TfAvljUhfSFUOx.jpg,"27, 878",348,Alien,en,Alien,"During its return to the earth, commercial spaceship Nostromo intercepts a distress signal from a distant planet. When a three-member team of the crew discovers a chamber containing thousands of eggs on the planet, a creature inside one of the eggs attacks an explorer. The entire crew is unaware of the impending nightmare set to descend upon them when the alien parasite planted inside its unfortunate host is birthed.",39.7376,/vfrQk5IPloGg1v9Rzbh2Eg3VGyM.jpg,1979-05-25,False,False,8.2,16942,"Horror, Science Fiction"
False,/7Zx3wDG5bBtcfk8lcnCWDOLM4Y4.jpg,"10751, 878, 35",552524,Lilo & Stitch,en,Lilo & Stitch,The wildly funny and touching story of a lonely Hawaiian girl and the fugitive alien who helps to mend her broken family.,39.642,/ckQzKpQJO4ZQDCN5evdpKcfm7Ys.jpg,2025-05-17,False,False,7.2,2315,"Family, Science Fiction, Comedy"
False,/zNriRTr0kWwyaXPzdg1EIxf0BWk.jpg,"878, 12, 28",1234821,Jurassic World Rebirth,en,Jurassic World Rebirth,"Five years after the events of Jurassic World Dominion, covert operations expert Zora Bennett is contracted to lead a skilled team on a top-secret mission to secure genetic material from the world's three most massive dinosaurs. When Zora's operation intersects with a civilian family whose boating expedition was capsized, they all find themselves stranded on an island where they come face-to-face with a sinister, shocking discovery that's been hidden from the world for decades.",39.6256,/1RICxzeoNCAO5NpcRMIgg1XT6fm.jpg,2025-06-23,False,False,6.3,3828,"Science Fiction, Adventure, Action"
False,/qqHQsStV6exghCM7zbObuYBiYxw.jpg,18,389,12 Angry Men,en,12 Angry Men,"The defense and the prosecution have rested and the jury is filing into the jury room to decide if a young Spanish-American is guilty or innocent of murdering his father. What begins as an open and shut case soon becomes a mini-drama of each of the jurors' prejudices and preconceptions about the trial, the accused, and each other.",39.4033,/zhG3vKWyDRaZYoaww1UVAi29T9h.jpg,1957-04-10,False,False,8.6,10451,Drama
False,/pjlxrd646cBYznHoPBWTzz6FujX.jpg,"28, 878, 18",39254,Real Steel,en,Real Steel,"Charlie Kenton is a washed-up fighter who retired from the ring when robots took over the sport. After his robot is trashed, he reluctantly teams up with his estranged son to rebuild and train an unlikely contender.",39.3716,/4GIeI5K5YdDUkR3mNQBoScpSFEf.jpg,2011-09-28,False,False,7.153,9618,"Action, Science Fiction, Drama"
False,/fRGxZuo7jJUWQsVg9PREb98Aclp.jpg,"18, 10402, 53",244786,Whiplash,en,Whiplash,"Under the direction of a ruthless instructor, a talented young drummer begins to pursue perfection at any cost, even his humanity.",37.9322,/7fn624j5lj3xTme2SgiLCeuedmO.jpg,2014-10-10,False,False,8.4,17195,"Drama, Music, Thriller"
False,/bs32Ds4L8VADGjBVasSK1ASU7OW.jpg,"35, 18, 10749",950028,The Invite,en,The Invite,"Joe and Angela's marriage is on thin ice. When they invite their enigmatic upstairs neighbors for a dinner party, the night spirals into unexpected places. Have they reignited the spark or lit the match that burns it all down?",39.2143,/b7Dr8Chzse8VagexAporUu2RtLx.jpg,2026-06-25,False,False,7.216,749,"Comedy, Drama, Romance"
False,/nq73eRdEooripf3k0XHLtX14zyC.jpg,"53, 18, 9648, 80",1269325,Drishyam: The Conclusion,hi,दृश्यम्: आख़िरी हिस्सा,"Years after outsmarting the police, Vijay Salgaonkar's past resurfaces when a new evidence threatens to expose his secret. As the investigation reopens, he must outwit the system once again to save his family.",35.632,/67FsF2kpgEZ1T5Qos4adgqm9dLf.jpg,2026-10-02,False,False,7.643,7,"Thriller, Drama, Mystery, Crime"
False,/538U9snNc2fpnOmYXAPUh3zn31H.jpg,"28, 53, 12",575265,Mission: Impossible - The Final Reckoning,en,Mission: Impossible - The Final Reckoning,"Ethan Hunt and team continue their search for the terrifying AI known as the Entity — which has infiltrated intelligence networks all over the globe — with the world's governments and a mysterious ghost from Hunt's past on their trail. Joined by new allies and armed with the means to shut the Entity down for good, Hunt is in a race against time to prevent the world as we know it from changing forever.",38.4254,/iKPsC9EFUafRP9SrUznI61getVP.jpg,2025-05-17,False,False,7.2,3218,"Action, Thriller, Adventure"
False,/wvXxKpFGXvQJRB0nvvfURhRD3C0.jpg,"14, 12, 16, 35, 10751",810,Shrek the Third,en,Shrek the Third,"After the King of Far Far Away dies, Shrek and Fiona are to succede. However, Shrek wants to return to his cozy swamp and live in peace and quiet, so when he finds out there is another heir to the throne, he and Donkey set off to bring him back to rule the kingdom.",39.9823,/n4SexGGQzI26E269tfpa80MZaGV.jpg,2007-05-17,False,False,6.315,10045,"Fantasy, Adventure, Animation, Comedy, Family"
False,/kARonxQpuSZdFraTKlCThWOBCtu.jpg,35,38365,Grown Ups,en,Grown Ups,"After their high school basketball coach passes away, five good friends and former teammates reunite for a Fourth of July holiday weekend.",37.9448,/cQGM5k1NtU85n4TUlrOrwijSCcm.jpg,2010-06-24,False,False,6.436,6927,Comedy
False,/aHj7d7wSLqrg5cjAcgHhiGr97Ih.jpg,"28, 53, 878",798645,The Running Man,en,The Running Man,"Desperate to save his sick daughter, working-class Ben Richards is convinced by The Running Man's charming but ruthless producer to enter the deadly competition game as a last resort. But Ben's defiance, instincts, and grit turn him into an unexpected fan favorite — and a threat to the entire system. As ratings skyrocket, so does the danger, and Ben must outwit not just the Hunters, but a nation addicted to watching him fall.",41.2482,/dKL78O9zxczVgjtNcQ9UkbYLzqX.jpg,2025-11-11,False,False,6.7,2036,"Action, Thriller, Science Fiction"
False,/ncoqdHs1poUaBqyKic9YI8ai7MP.jpg,"53, 80",161,Ocean's Eleven,en,Ocean's Eleven,"Less than 24 hours into his parole, charismatic thief Danny Ocean is already rolling out his next plan: In one night, Danny's hand-picked crew of specialists will attempt to steal more than $150 million from three Las Vegas casinos. But to score the cash, Danny risks his chances of reconciling with ex-wife, Tess.",36.5313,/hQQCdZrsHtZyR6NbKH2YyCqd2fR.jpg,2001-12-07,False,False,7.5,12973,"Thriller, Crime"
False,/kJsPVzdyBrYHLomuNv5SJDXUQ2f.jpg,"28, 12, 878",76600,Avatar: The Way of Water,en,Avatar: The Way of Water,"Set more than a decade after the events of the first film, learn the story of the Sully family (Jake, Neytiri, and their kids), the trouble that follows them, the lengths they go to keep each other safe, the battles they fight to stay alive, and the tragedies they endure.",38.7677,/t6HIqrRAclMCA60NsSmeqe9RmNV.jpg,2022-12-14,False,False,7.583,14738,"Action, Adventure, Science Fiction"
False,/izkMjmhauFx9DjoBQqM5sM5WAwE.jpg,"28, 53, 878",280,Terminator 2: Judgment Day,en,Terminator 2: Judgment Day,"Ten years after the events of the original, a reprogrammed T-800 is sent back in time to protect young John Connor from the shape-shifting T-1000. Together with his mother Sarah, he fights to stop Skynet from triggering a nuclear apocalypse.",36.4173,/jFTVD4XoWQTcg7wdyJKa8PEds5q.jpg,1991-07-03,False,False,8.173,14980,"Action, Thriller, Science Fiction"
False,/hrCTKrc3Tz2wbPOt5rcrlAhqF11.jpg,"878, 9648, 28",1058424,Hope,ko,호프,"In the remote South Korean village of Hope Harbor, police chief Bum-seok and officer Sung-ae are called to investigate a mysterious creature wreaking havoc on the community. But all is not as it seems, and perceptions can be misleading. What begins as ignorance plants the seed of disaster, escalating through human conflict into a tragedy of cosmic proportions.",38.6588,/1n37BJchWHLiSYQkuFxe5KjB951.jpg,2026-07-15,False,False,7.2,112,"Science Fiction, Mystery, Action"
False,/w3Bi0wygeFQctn6AqFTwhGNXRwL.jpg,"14, 10402, 35, 16",803796,KPop Demon Hunters,en,KPop Demon Hunters,"When K-pop superstars Rumi, Mira and Zoey aren't selling out stadiums, they're using their secret powers to protect their fans from supernatural threats.",37.8142,/zT7Lhw3BhJbMkRqm9Zlx2YGMsY0.jpg,2025-06-20,False,False,7.99,3266,"Fantasy, Music, Comedy, Animation"
False,/amZavErrjrdgDwhsIdpWxHNenIx.jpg,"14, 18, 80",497,The Green Mile,en,The Green Mile,"A supernatural tale set on death row in a Southern prison, where gentle giant John Coffey possesses the mysterious power to heal people's ailments. When the cell block's head guard, Paul Edgecomb, recognizes Coffey's miraculous gift, he tries desperately to help stave off the condemned man's execution.",38.5973,/8VG8fDNiy50H4FedGwdSVUPoaJe.jpg,1999-12-10,False,False,8.506,19927,"Fantasy, Drama, Crime"
False,/eCynaAOgYYiw5yN5lBwz3IxqvaW.jpg,"16, 10751, 12",12,Finding Nemo,en,Finding Nemo,"Nemo, an adventurous young clownfish, is unexpectedly taken from his Great Barrier Reef home to a dentist's office aquarium. It's up to his worrisome father Marlin and a friendly but forgetful fish Dory to bring Nemo home -- meeting vegetarian sharks, surfer dude turtles, hypnotic jellyfish, hungry seagulls, and more along the way.",39.2519,/eHuGQ10FUzK1mdOY69wF5pGgEf5.jpg,2003-05-30,False,False,7.821,21068,"Animation, Family, Adventure"
False,/cbcpDn6XJaIGoOil1bKuskU8ds4.jpg,"12, 14",12445,Harry Potter and the Deathly Hallows: Part 2,en,Harry Potter and the Deathly Hallows: Part 2,"Harry, Ron and Hermione continue their quest to vanquish the evil Voldemort once and for all. Just as things begin to look hopeless for the young wizards, Harry discovers a trio of magical objects that endow him with powers to rival Voldemort's formidable skills.",37.8885,/c54HpQmuwXjHq2C9wmoACjxoom3.jpg,2011-07-12,False,False,8.08,22539,"Adventure, Fantasy"
False,/lzMS0CI3FLQYC5EgJoWeIaEt0lm.jpg,"878, 18, 12",286217,The Martian,en,The Martian,"During a manned mission to Mars, Astronaut Mark Watney is presumed dead after a fierce storm and left behind by his crew. But Watney has survived and finds himself stranded and alone on the hostile planet. With only meager supplies, he must draw upon his ingenuity, wit and spirit to subsist and find a way to signal to Earth that he is alive.",38.3852,/5BHuvQ6p9kfc091Z8RiFNhCwL4b.jpg,2015-09-30,False,False,7.708,21915,"Science Fiction, Drama, Adventure"
False,/3Rfvhy1Nl6sSGJwyjb0QiZzZYlB.jpg,"10751, 35, 16, 12",862,Toy Story,en,Toy Story,"Led by Woody, Andy's toys live happily in his room until Andy's birthday brings Buzz Lightyear onto the scene. Afraid of losing his place in Andy's heart, Woody plots against Buzz. But when circumstances separate Buzz and Woody from their owner, the duo eventually learns to put aside their differences.",35.7726,/uXDfjJbdP4ijW5hWSBrPrlKpxab.jpg,1995-11-22,False,False,7.989,20637,"Family, Comedy, Animation, Adventure"
False,/6yeVcxFR0j08vlv2OlL6zbewm4D.jpg,"28, 878, 53",1265609,War Machine,en,War Machine,"On one last grueling mission during Army Ranger training, a combat engineer must lead his unit in a fight against a giant otherworldly killing machine.",37.9485,/rFhKkXhk7ClU03jQ5rHIApJDwev.jpg,2026-02-12,False,False,7.506,2568,"Action, Science Fiction, Thriller"
False,/xXCuto8YVp5RFqBJ7yKmVmLOWpF.jpg,"18, 10749",597,Titanic,en,Titanic,"101-year-old Rose DeWitt Bukater tells the story of her life aboard the Titanic, 84 years later. A young Rose boards the ship with her mother and fiancé. Meanwhile, Jack Dawson and Fabrizio De Rossi win third-class tickets aboard the ship. Rose tells the whole story from Titanic's departure through to its death—on its first and last voyage—on April 15, 1912.",37.8546,/9xjZS2rlVxm8SFx8kPC3aIGCOYQ.jpg,1997-12-18,False,False,7.901,27860,"Drama, Romance"
False,/nHxWyy18SvAZ8jJeemtS8k1UNjM.jpg,"28, 80, 53",1290821,Shelter,en,Shelter,"A man living in self-imposed exile on a remote island rescues a young girl from a violent storm, setting off a chain of events that forces him out of seclusion to protect her from enemies tied to his past.",38.0655,/cv7DeQQ7TOozPoTCBdNJIvWKhU1.jpg,2026-01-28,False,False,7.743,1950,"Action, Crime, Thriller"
False,/zOpe0eHsq0A2NvNyBbtT6sj53qV.jpg,"28, 878, 35, 10751",939243,Sonic the Hedgehog 3,en,Sonic the Hedgehog 3,"Sonic, Knuckles, and Tails reunite against a powerful new adversary, Shadow, a mysterious villain with powers unlike anything they have faced before. With their abilities outmatched in every way, Team Sonic must seek out an unlikely alliance in hopes of stopping Shadow and protecting the planet.",37.2607,/d8Ryb8AunYAuycVKDp5HpdWPKgC.jpg,2024-12-19,False,False,7.599,3496,"Action, Science Fiction, Comedy, Family"
False,/lxwzY9vNwjDgxWKt3zZ6zcU6rEJ.jpg,"28, 12, 16, 10751",9806,The Incredibles,en,The Incredibles,"Bob Parr has given up his superhero days to log in time as an insurance adjuster and raise his three children with his formerly heroic wife in suburbia. But when he receives a mysterious assignment, it's time to get back into costume.",33.1974,/2LqaLgk4Z226KkgPJuiOQ58wvrm.jpg,2004-10-27,False,False,7.7,19387,"Action, Adventure, Animation, Family"
False,/w0eKUOEog2ImtktCHAMUZws8qif.jpg,"16, 35, 14, 12, 10751",808,Shrek,en,Shrek,"It ain't easy bein' green -- especially if you're a likable (albeit smelly) ogre named Shrek. On a mission to retrieve a gorgeous princess from the clutches of a fire-breathing dragon, Shrek teams up with an unlikely compatriot -- a wisecracking donkey.",38.6088,/iB64vpL3dIObOtMZgX3RqdVdQDc.jpg,2001-05-18,False,False,7.8,19407,"Animation, Comedy, Fantasy, Adventure, Family"
False,/aC6wW62V6b0csr5iUnbOjYAqfhg.jpg,"18, 53, 9648",345,Eyes Wide Shut,en,Eyes Wide Shut,"After Dr. Bill Harford's wife, Alice, admits to having sexual fantasies about a man she met, Bill becomes obsessed with having a sexual encounter. He discovers an underground sexual group and attends one of their meetings -- and quickly discovers that he is in over his head.",37.779,/knEIz1eNGl5MQDbrEAVWA7iRqF9.jpg,1999-07-16,False,False,7.5,7369,"Drama, Thriller, Mystery"
False,/vLmHH8jAy8Jq8uBsLucd3592WGh.jpg,"28, 12, 35, 878",284053,Thor: Ragnarok,en,Thor: Ragnarok,"Thor is imprisoned on the other side of the universe and finds himself in a race against time to get back to Asgard to stop Ragnarok, the destruction of his home-world and the end of Asgardian civilization, at the hands of a powerful new threat, the ruthless Hela.",38.2652,/rzRwTcFvttcN1ZpX2xv4j3tSdJu.jpg,2017-10-24,False,False,7.579,22585,"Action, Adventure, Comedy, Science Fiction"
False,/e20V500lJHkQbf1iGet34Jc5h8r.jpg,"35, 18",1763619,"Crazy Rich, Incredibly Broke",ar,المهايطية,"When the snobbish and wealthy AlThahabi family find out they're actually not as loaded as they think, they're forced to fake their affluence to survive.",35.7638,/zXrxCpD6UR96mk3umb93ub3RmSs.jpg,2026-10-01,False,False,6.6,7,"Comedy, Drama"
False,/wqBW5ltBJu0gs26yCc8shQQV82d.jpg,"28, 12, 878",429617,Spider-Man: Far From Home,en,Spider-Man: Far From Home,"Peter Parker and his friends go on a summer trip to Europe. However, they will hardly be able to rest - Peter will have to agree to help Nick Fury uncover the mystery of creatures that cause natural disasters and destruction throughout the continent.",37.5437,/4q2NNj4S5dG2RLF9CpXsej7yXl.jpg,2019-06-28,False,False,7.4,17711,"Action, Adventure, Science Fiction"
False,/6G73mNyooWAEQTpckPSnFxFoNmc.jpg,"12, 14, 28",121,The Lord of the Rings: The Two Towers,en,The Lord of the Rings: The Two Towers,"Frodo Baggins and the other members of the Fellowship continue on their sacred quest to destroy the One Ring--but on separate paths. Their destinies lie at two towers--Orthanc Tower in Isengard, where the corrupt wizard Saruman awaits, and Sauron's fortress at Barad-dur, deep within the dark lands of Mordor.",36.4825,/5VTN0pR8gcqV3EPUHHfMGnJYN9L.jpg,2002-12-18,False,False,8.431,24714,"Adventure, Fantasy, Action"
False,/9vAoubhoZE8aSkUZoSfxs3UWZhO.jpg,"53, 28, 80",156022,The Equalizer,en,The Equalizer,"McCall believes he has put his mysterious past behind him and dedicated himself to beginning a new, quiet life. But when he meets Teri, a young girl under the control of ultra-violent Russian gangsters, he can’t stand idly by – he has to help her. Armed with hidden skills that allow him to serve vengeance against anyone who would brutalize the helpless, McCall comes out of his self-imposed retirement and finds his desire for justice reawakened. If someone has a problem, if the odds are stacked against them, if they have nowhere else to turn, McCall will help. He is The Equalizer.",39.6473,/9u4yW7yPA0BQ2pv9XwiNzItwvp8.jpg,2014-09-24,False,False,7.295,10262,"Thriller, Action, Crime"
False,/lkDYN0whyE82mcM20rwtwjbniKF.jpg,"28, 18",911430,F1,en,F1,Racing legend Sonny Hayes is coaxed out of retirement to lead a struggling Formula 1 team—and mentor a young hotshot driver—while chasing one more chance at glory.,36.5068,/9PXZIUsSDh4alB80jheWX4fhZmy.jpg,2025-06-25,False,False,7.8,4784,"Action, Drama"
False,/kg2FOT2Oe5PSCgs3L4vLel6B7ck.jpg,"28, 27, 878",72190,World War Z,en,World War Z,"Life for former United Nations investigator Gerry Lane and his family seems content. Suddenly, the world is plagued by a mysterious infection turning whole human populations into rampaging mindless zombies. After barely escaping the chaos, Lane is persuaded to go on a mission to investigate this disease. What follows is a perilous trek around the world where Lane must brave horrific dangers and long odds to find answers before human civilization falls.",38.0719,/aCnVdvExw6UWSeQfr0tUH3jr4qG.jpg,2013-06-19,False,False,6.853,17138,"Action, Horror, Science Fiction"
False,/5i2QAYnbN5vOZUUolLPYHTb9spe.jpg,"12, 14",12444,Harry Potter and the Deathly Hallows: Part 1,en,Harry Potter and the Deathly Hallows: Part 1,"Harry, Ron and Hermione walk away from their last year at Hogwarts to find and destroy the remaining Horcruxes, putting an end to Voldemort's bid for immortality. But with Harry's beloved Dumbledore dead and Voldemort's unscrupulous Death Eaters on the loose, the world is more dangerous than ever.",36.661,/iGoXIpQb7Pot00EEdwpwPajheZ5.jpg,2010-11-17,False,False,7.733,20881,"Adventure, Fantasy"
False,/f64W2nsfmXUUUfGaOEQ4haxwa3P.jpg,"27, 28, 18",532153,Amazon Hot Box,en,Amazon Hot Box,An innocent college student must fight for her life inside a jungle prison with an evil wardress who uses voodoo experiments and a torture machine.,33.9588,/i5sG67f8SgyjegxPO27S9C7czsK.jpg,2018-06-15,False,False,3.8,22,"Horror, Action, Drama"
False,/i5H7zusQGsysGQ8i6P361Vnr0n2.jpg,"80, 9648, 53",807,Se7en,en,Se7en,"Two homicide detectives are on a desperate hunt for a serial killer whose crimes are based on the ""seven deadly sins"" in this dark and haunting film that takes viewers from the tortured remains of one victim to the next. The seasoned Det. Somerset researches each sin in an effort to get inside the killer's mind, while his novice partner, Mills, scoffs at his efforts to unravel the case.",37.1328,/191nKfP0ehp3uIvWqgPbFmI4lv9.jpg,1995-09-22,False,False,8.382,23933,"Crime, Mystery, Thriller"
False,/4XM8DUTQb3lhLemJC51Jx4a2EuA.jpg,"28, 80, 53",385687,Fast X,en,Fast X,"Over many missions and against impossible odds, Dom Toretto and his family have outsmarted, out-nerved and outdriven every foe in their path. Now, they confront the most lethal opponent they've ever faced: A terrifying threat emerging from the shadows of the past who's fueled by blood revenge, and who is determined to shatter this family and destroy everything—and everyone—that Dom loves, forever.",35.4948,/fiVW06jE7z9YnO4trhaMEdclSiC.jpg,2023-05-17,False,False,6.975,6551,"Action, Crime, Thriller"
False,/lv3TXqhpaIxkclIHbhN2MRMOemQ.jpg,"14, 28, 12",453395,Doctor Strange in the Multiverse of Madness,en,Doctor Strange in the Multiverse of Madness,"Doctor Strange, with the help of mystical allies both old and new, traverses the mind-bending and dangerous alternate realities of the Multiverse to confront a mysterious new adversary.",37.3978,/ddJcSKbcp4rKZTmuyWaMhuwcfMz.jpg,2022-05-04,False,False,7.225,10949,"Fantasy, Action, Adventure"
False,/9n2tJBplPbgR2ca05hS5CKXwP2c.jpg,"10751, 35, 12, 14, 16",502356,The Super Mario Bros. Movie,en,The Super Mario Bros. Movie,"While working underground to fix a water main, Brooklyn plumbers—and brothers—Mario and Luigi are transported down a mysterious pipe and wander into a magical new world. But when the brothers are separated, Mario embarks on an epic quest to find Luigi.",35.2025,/qNBAXBIQlnOThrVvA6mA2B5ggV6.jpg,2023-04-05,False,False,7.6,11197,"Family, Comedy, Adventure, Fantasy, Animation"
False,/wXTaGcqX3jvdXSKCJAkl5jZyrKp.jpg,"18, 53",1281331,The Social Reckoning,en,The Social Reckoning,"Frances Haugen, a young Facebook engineer, enlists the help of Jeff Horwitz, a Wall Street Journal reporter, to go on a dangerous journey that ends up blowing the whistle on the social network's most guarded secrets.",46.3143,/nZ8cQbjAQHRuSqwxvuYhOfxyhfW.jpg,2026-10-07,False,False,7.8,23,"Drama, Thriller"
False,/gVSX8lhWstcisE9xfk84coE3nbi.jpg,"10402, 10770",267544,Così fan tutte,it,Così fan tutte,"Who loves whom in Così fan tutte, Mozart’s and Da Ponte’s cruelly comic reflection on desire, fidelity and betrayal? Or have the confusions to which the main characters subject one another ensured that in spite of the heartfelt love duets and superficially fleetfooted comedy nothing will work any longer and that a sense of emotional erosion has replaced true feelings? Così fan tutte is a timeless work full of questions that affect us all. The Academy Award-winning director Michael Haneke once said that he was merely being precise and did not want to distort reality. In only his second opera production after Don Giovanni in 2006, he presents what ARTE described as a “disillusioned vision of love in an ice-cold, realistic interpretation”.",65.7702,/ippqaLWr6HOEa9bhlgJcTsvzj6R.jpg,2013-06-21,False,False,6.8,10,"Music, TV Movie"
False,/fOy2Jurz9k6RnJnMUMRDAgBwru2.jpg,"16, 10751, 35, 14",508947,Turning Red,en,Turning Red,"Thirteen-year-old Mei is experiencing the awkwardness of being a teenager with a twist – when she gets too excited, she transforms into a giant red panda.",35.5985,/qsdjk9oAKSQMWs0Vt5Pyfh6O4GZ.jpg,2022-03-10,False,False,7.3,6072,"Animation, Family, Comedy, Fantasy"
False,/cLFbDVfhllIMybpo2fkGNzehiQG.jpg,"12, 53, 878",840464,Greenland 2: Migration,en,Greenland 2: Migration,"Having found the safety of the Greenland bunker after the comet Clarke decimated the Earth, the Garrity family must now risk everything to embark on a perilous journey across the wasteland of Europe to find a new home.",34.567,/z2tqCJLsw6uEJ8nJV8BsQXGa3dr.jpg,2026-01-07,False,False,6.37,1592,"Adventure, Thriller, Science Fiction"
False,/qO55CD8tgVL1T4WKn6zYFFiD6lL.jpg,"28, 18, 80",1439930,The Punisher: One Last Kill,en,The Punisher: One Last Kill,"As Frank Castle searches for meaning beyond revenge, an unexpected force pulls him back into the fight.",34.3853,/qQclTgLMDvGBuUBFGHRipxkEwWR.jpg,2026-05-12,False,False,8.255,2309,"Action, Drama, Crime"
False,/wE5JGzujfvDPMIfFjJyrhXFjZLc.jpg,"16, 10751, 35",10193,Toy Story 3,en,Toy Story 3,"Woody, Buzz, and the rest of Andy's toys haven't been played with in years. With Andy about to go to college, the gang find themselves accidentally left at a nefarious day care center. The toys must band together to escape and return home to Andy.",36.4854,/AbbXspMOwdvwWZgVN0nabZq03Ec.jpg,2010-06-16,False,False,7.818,16324,"Animation, Family, Comedy"
False,/7yYR8ulZdXBXFKmxGw1Uk28jnyH.jpg,"18, 10749",741110,Dreamchild,fr,L'Enfant rêvé,"François and Noémie run a sawmill in the mountains not far from the Swiss border. François has taken over his family's business, making him the fourth generation. He dreams of having a child. After years of failed fertility assistance, they give up on having a baby of their own and turn to adoption. But then François meets Patricia, new to the neighborhood. They begin a passionate affair. Soon after, Patricia gets pregnant.",42.1405,/mdLNmqIehGximKCHZre65hCcYxb.jpg,2020-10-07,False,False,5.6,28,"Drama, Romance"
False,/9IIBboV7MCT0bTxzXHmWK1Hq558.jpg,"18, 80, 28",272,Batman Begins,en,Batman Begins,"Driven by tragedy, billionaire Bruce Wayne dedicates his life to uncovering and defeating the corruption that plagues his home, Gotham City.  Unable to work within the system, he instead creates a new identity, a symbol of fear for the criminal underworld - The Batman.",36.3359,/sPX89Td70IDDjVr85jdSBb4rWGr.jpg,2005-06-10,False,False,7.731,23303,"Drama, Crime, Action"
False,/keIxh0wPr2Ymj0Btjh4gW7JJ89e.jpg,"28, 12, 878",497698,Black Widow,en,Black Widow,"Natasha Romanoff, also known as Black Widow, confronts the darker parts of her ledger when a dangerous conspiracy with ties to her past arises. Pursued by a force that will stop at nothing to bring her down, Natasha must deal with her history as a spy and the broken relationships left in her wake long before she became an Avenger.",34.9096,/qAZ0pzat24kLdO3o8ejmbLxyOac.jpg,2021-07-07,False,False,7.1,11686,"Action, Adventure, Science Fiction"
False,/weAYfu6FfrNxEDJ3xH1XpgQcqUv.jpg,"14, 18, 10749",8966,Twilight,en,Twilight,"When Bella Swan moves to a small town in the Pacific Northwest, she falls in love with Edward Cullen, a mysterious classmate who reveals himself to be a 108-year-old vampire. Despite Edward's repeated cautions, Bella can't stay away from him, a fatal move that endangers her own life.",34.1789,/3Gkb6jm6962ADUPaCBqzz9CTbn9.jpg,2008-11-20,False,False,6.273,14733,"Fantasy, Drama, Romance"
False,/7FWlcZq3r6525LWOcvO9kNWurN1.jpg,"12, 28, 878",271110,Captain America: Civil War,en,Captain America: Civil War,"Following the events of Age of Ultron, the collective governments of the world pass an act designed to regulate all superhuman activity. This polarizes opinion amongst the Avengers, causing two factions to side with Iron Man or Captain America, which causes an epic battle between former allies.",35.1087,/rAGiXaUfPzY7CDEyNKUofk3Kw2e.jpg,2016-04-27,False,False,7.454,24671,"Adventure, Action, Science Fiction"
False,/83H0C66AcvkwpG2738VCTHMY9uv.jpg,"28, 12, 878",505642,Black Panther: Wakanda Forever,en,Black Panther: Wakanda Forever,"Queen Ramonda, Shuri, M’Baku, Okoye and the Dora Milaje fight to protect their nation from intervening world powers in the wake of King T’Challa’s death.  As the Wakandans strive to embrace their next chapter, the heroes must band together with the help of War Dog Nakia and Everett Ross and forge a new path for the kingdom of Wakanda.",33.2995,/sv1xJUazXeYqALzczSZ3O6nkH75.jpg,2022-11-09,False,False,7.0,7840,"Action, Adventure, Science Fiction"
False,/zNnjHLDtV8Ti3aworltaeaLMov4.jpg,"80, 18, 53",242,The Godfather Part III,en,The Godfather Part III,"In the midst of trying to legitimize his business dealings in 1979 New York and Italy, aging mafia don, Michael Corleone seeks forgiveness for his sins while taking a young protege under his wing.",34.5218,/lm3pQ2QoQ16pextRsmnUbG2onES.jpg,1990-12-25,False,False,7.4,7105,"Crime, Drama, Thriller"
False,/b6ZJZHUdMEFECvGiDpJjlfUWela.jpg,"28, 12, 878",284054,Black Panther,en,Black Panther,"King T'Challa returns home to the reclusive, technologically advanced African nation of Wakanda to serve as his country's new leader. However, T'Challa soon finds that he is challenged for the throne by factions within his own country as well as without. Using powers reserved to Wakandan kings, T'Challa assumes the Black Panther mantle to join with ex-girlfriend Nakia, the queen-mother, his princess-kid sister, members of the Dora Milaje (the Wakandan 'special forces') and an American secret agent, to prevent Wakanda from being dragged into a world war.",36.3016,/uxzzxijgPIY7slzFvMotPv8wjKA.jpg,2018-02-13,False,False,7.361,24064,"Action, Adventure, Science Fiction"
False,/4EAAwpylq313qrDqpCxulUrXBNF.jpg,"28, 14, 12",931285,Mortal Kombat II,en,Mortal Kombat II,"The fan favorite champions—now joined by Johnny Cage himself—are pitted against one another in the ultimate, no-holds barred, gory battle to defeat the dark rule of Shao Kahn that threatens the very existence of the Earthrealm and its defenders.",35.2097,/hwRdDFIhaEmpRgoki805YvyyjZf.jpg,2026-05-06,False,False,7.781,2665,"Action, Fantasy, Adventure"
False,/hDwl0YMxwGhNe7u8wgHHk2Hyw3W.jpg,"10770, 10751, 28, 878",1506560,Clash of the Thundermans,en,Clash of the Thundermans,"When Chloe develops a destructive new superpower, the Hero League orders her to an elite boarding school for superheroes to learn control of her abilities. Faced with the prospect of sending Chloe away for years, the Thundermans split apart, with Phoebe, Barb and Billy taking her into hiding. Max, Hank, and Nora track their rogue family members, until the two factions face off against each other in a full-on battle for the Thundermans’ future.",35.3435,/16oqRrWVzQm6qdGfBxvziZ2UiMT.jpg,2026-09-03,False,False,6.5,64,"TV Movie, Family, Action, Science Fiction"
False,/eTlcNXGv32zkVI7ZDHhfeaKHXKQ.jpg,"28, 9648, 878, 53",198663,The Maze Runner,en,The Maze Runner,"A teenager with no memory of his past finds himself among a group of boys living in a walled enclosure surrounded by a massive, ever-changing maze. As he struggles to adapt to their rules and society, he begins to uncover clues that may lead to escape and the truth behind their confinement.",36.5362,/ode14q7WtDugFDp78fo9lCsmay9.jpg,2014-09-10,False,False,7.2,18535,"Action, Mystery, Science Fiction, Thriller"
False,/wE6syT1vv6W24iLGfhR4kQHnIDN.jpg,"10749, 14, 35",1302904,Practical Magic 2,en,Practical Magic 2,The Owens sisters must confront the dark curse that threatens to unravel their family once and for all.,33.4786,/ogwQOLbCfncjvBhFb5l0OmQH8KC.jpg,2026-09-09,False,False,6.2,108,"Romance, Fantasy, Comedy"
False,/cGbPBHKSFO7hSIjxkb3KOaGdOep.jpg,"14, 12, 10749",967941,Wicked: For Good,en,Wicked: For Good,"As an angry mob rises against the Wicked Witch, Glinda and Elphaba must unite one last time with honesty and empathy to fulfill their shared destiny and change the fate of Oz forever.",35.898,/si9tolnefLSUKaqQEGz1bWArOaL.jpg,2025-11-19,False,False,6.6,1174,"Fantasy, Adventure, Romance"
False,/f0ACHVpV707zqu4etZrXnWNdSgL.jpg,"28, 80, 53",866398,The Beekeeper,en,The Beekeeper,One man's campaign for vengeance takes on national stakes after he is revealed to be a former operative of a powerful and clandestine organization known as Beekeepers.,35.8069,/A7EByudX0eOzlkQ2FIbogzyazm2.jpg,2024-01-08,False,False,7.3,4594,"Action, Crime, Thriller"
False,/8itHQecANtOevcCdr3AhVxFCYkw.jpg,"18, 28, 12, 36, 10752",1495,Kingdom of Heaven,en,Kingdom of Heaven,"After his wife dies, a blacksmith named Balian is thrust into royalty, political intrigue and bloody holy wars during the Crusades.",34.4685,/2NaFdWy9hkM35vZB1hkqsnTcms8.jpg,2005-05-03,False,False,7.1,5282,"Drama, Action, Adventure, History, War"
False,/nYs4ZwnJBK4AgljhvzwNz7fpr3E.jpg,"16, 10751, 878",10681,WALL·E,en,WALL·E,"After hundreds of years doing what he was built for, WALL•E— a robot designed to clean up the earth—discovers a new purpose in life when he meets a sleek search robot named EVE. EVE comes to realize that WALL•E has inadvertently stumbled upon the key to the planet's future, and races back to space to report to the humans. Meanwhile, WALL•E chases EVE across the galaxy and sets into motion one of the most imaginative adventures ever brought to the big screen.",34.8321,/hbhFnRzzg6ZDmm8YAmxBnQpQIPh.jpg,2008-06-26,False,False,8.126,20982,"Animation, Family, Science Fiction"
False,/qcIKxhqGMIj8uujsSoSMZWr8QqU.jpg,"28, 53",1122573,In the Grey,en,In the Grey,"A covert team of elite operatives are living in the shadows. When a ruthless despot steals a billion-dollar fortune, they're sent to take it back—an impossible heist that erupts into a deadly game of strategy, deception and survival.",34.6728,/dQgIcW6Th08kMRf2HBoYWoFE6OD.jpg,2026-05-13,False,False,7.564,1092,"Action, Thriller"
False,/TU9NIjwzjoKPwQHoHshkFcQUCG.jpg,"35, 53, 18",496243,Parasite,ko,기생충,"All unemployed, Ki-taek's family takes peculiar interest in the wealthy and glamorous Parks for their livelihood until they get entangled in an unexpected incident.",35.0633,/7IiTTgloJzvGI1TAYymCfbfl3vT.jpg,2019-05-30,False,False,8.5,21446,"Comedy, Thriller, Drama"
False,/jr8tSoJGj33XLgFBy6lmZhpGQNu.jpg,"16, 12, 14, 35, 10751",315162,Puss in Boots: The Last Wish,en,Puss in Boots: The Last Wish,"Puss in Boots discovers that his passion for adventure has taken its toll: He has burned through eight of his nine lives, leaving him with only one life left. Puss sets out on an epic journey to find the mythical Last Wish and restore his nine lives.",35.0438,/kuf6dutpsT0vSVehic3EZIqkOBt.jpg,2022-12-07,False,False,8.2,9281,"Animation, Adventure, Fantasy, Comedy, Family"
False,/2Nti3gYAX513wvhp8IiLL6ZDyOm.jpg,"10751, 14, 35, 12",950387,A Minecraft Movie,en,A Minecraft Movie,"Four misfits find themselves struggling with ordinary problems when they are suddenly pulled through a mysterious portal into the Overworld: a bizarre, cubic wonderland that thrives on imagination. To get back home, they'll have to master this world while embarking on a magical quest with an unexpected, expert crafter, Steve.",34.9859,/yFHHfHcUgGAxziP1C3lLt0q2T4s.jpg,2025-03-31,False,False,6.2,3345,"Family, Fantasy, Comedy, Adventure"
False,/3jgATRIFenOrgNKEC9bFv5QqKGf.jpg,"35, 53",1599993,Animals,es,Animales,"Four couples sail the thin line between desire and search for authenticity, in a world where truth is as fragile as their relationships.",34.9821,/9fbZdiOI9fRinl44mNm3CYgEtYR.jpg,2026-02-05,False,False,6.264,53,"Comedy, Thriller"
False,/zqkmTXzjkAgXmEWLRsY4UpTWCeo.jpg,"12, 28, 878",11,Star Wars,en,Star Wars,Princess Leia is captured and held hostage by the evil Imperial forces in their effort to take over the galactic Empire. Venturesome Luke Skywalker and dashing captain Han Solo team together with the loveable robot duo R2-D2 and C-3PO to rescue the beautiful princess and restore peace and justice in the Empire.,34.9647,/fai0rspsNeJCS69wHNjOdWxcI7P.jpg,1977-05-25,False,False,8.2,22977,"Adventure, Action, Science Fiction"
False,/2oZklIzUbvZXXzIFzv7Hi68d6xf.jpg,"18, 37",68718,Django Unchained,en,Django Unchained,"With the help of a German bounty hunter, a freed slave sets out to rescue his wife from a brutal Mississippi plantation owner.",34.9513,/7oWY8VDWW7thTzWh3OKYRkWUlD5.jpg,2012-12-25,False,False,8.2,28730,"Drama, Western"
False,/1oKLEA9JOhvaBwLpqjROisvWMy7.jpg,"10749, 35, 18",1325734,The Drama,en,The Drama,A happily engaged couple is put to the test when an unexpected turn sends their wedding week off the rails.,34.9393,/rnIOUhzwJDfgQakx8EjoNyItKgs.jpg,2026-04-01,False,False,6.893,1920,"Romance, Comedy, Drama"
False,/7I6VUdPj6tQECNHdviJkUHD2u89.jpg,"28, 53, 80",603692,John Wick: Chapter 4,en,John Wick: Chapter 4,"With the price on his head ever increasing, John Wick uncovers a path to defeating The High Table. But before he can earn his freedom, Wick must face off against a new enemy with powerful alliances across the globe and forces that turn old friends into foes.",34.7924,/vZloFAK7NmvMGKE7VkF5UHaz0I.jpg,2023-03-21,False,False,7.711,8390,"Action, Thriller, Crime"
False,/4s2d3xdyqotiVNHTlTlJjrr3q0H.jpg,"12, 10751, 16, 28, 35",177572,Big Hero 6,en,Big Hero 6,"A special bond develops between plus-sized inflatable robot Baymax, and prodigy Hiro Hamada, who team up with a group of friends to form a band of high-tech heroes.",34.6849,/2mxS4wUimwlLmI1xp6QW6NSU361.jpg,2014-10-24,False,False,7.7,16975,"Adventure, Family, Animation, Action, Comedy"
False,/FfAU0PUs8AJkMU2VbkVNFtRXR4.jpg,"28, 12, 878",559,Spider-Man 3,en,Spider-Man 3,"The seemingly invincible Spider-Man goes up against an all-new crop of villains—including the shape-shifting Sandman. While Spider-Man’s superpowers are altered by an alien organism, his alter ego, Peter Parker, deals with nemesis Eddie Brock and also gets caught up in a love triangle.",34.6841,/qFmwhVUoUSXjkKRmca5yGDEXBIj.jpg,2007-05-01,False,False,6.485,15862,"Action, Adventure, Science Fiction"
False,/9gKgRM5nzNBQVy50peiR2eYQVX0.jpg,"80, 18",1439171,Traces of Justice,zh,神探之痕迹,"The film follows criminal police officer Cui Xun over half a century of investigative work. Alongside his colleagues, he solved numerous major cases while staying true to his original aspiration of 'serving the people.' This legendary detective not only witnessed the evolution of China's public security system but also stood as a living testament to the rise of New China.",34.6717,/jfDFyAb9DW6QczgNeieSzPOz1cT.jpg,2026-10-01,False,False,7.5,2,"Crime, Drama"
False,/wVg11RahrRfghgqViuoJgcJL1iM.jpg,35,264980,Loves of a French Pussycat,de,Das Mädchen mit der heißen Masche,"Rolf, a sex-advice columnist and a lecher, has affairs with numerous women, but never a permanent relationship. Suzanne, one of his ex-lovers, offers to bet that no woman can get Rolf to propose marriage, a bet her girlfriend Andrea eagerly accepts. But there's a catch: To win the bet, Andrea must get the womanizing Rolf to commit to marriage without first going to bed with him.",34.6414,/1WGq9cMuj09tnTJ5wdkINOJff04.jpg,1972-03-09,False,False,4.2,9,Comedy
False,/xugEpZk9YQ0DIz1aFvH5HGkqpZK.jpg,"27, 9648",1304313,Lee Cronin's The Mummy,en,Lee Cronin's The Mummy,"The young daughter of a journalist disappears into the desert without a trace—eight years later, the broken family is shocked when she is returned to them, as what should be a joyful reunion turns into a living nightmare.",34.5766,/1q308iixueCU4pFtSYugNOevtNx.jpg,2026-04-15,False,False,7.831,2768,"Horror, Mystery"
False,/fTrQsdMS2MUw00RnzH0r3JWHhts.jpg,"28, 80, 53",1197306,A Working Man,en,A Working Man,"Levon Cade left behind a decorated military career in the black ops to live a simple life working construction. But when his boss's daughter, who is like family to him, is taken by human traffickers, his search to bring her home uncovers a world of corruption far greater than he ever could have imagined.",34.5759,/6FRFIogh3zFnVWn7Z6zcYnIbRcX.jpg,2025-03-26,False,False,6.673,2116,"Action, Crime, Thriller"
False,/rthMuZfFv4fqEU4JVbgSW9wQ8rs.jpg,"28, 878, 12",986056,Thunderbolts*,en,Thunderbolts*,"After finding themselves ensnared in a death trap, seven disillusioned castoffs must embark on a dangerous mission that will force them to confront the darkest corners of their pasts.",34.5165,/hqcexYHbiTBfDIdDWxrxPtVndBX.jpg,2025-04-30,False,False,7.296,4151,"Action, Science Fiction, Adventure"
False,/vDKRMZGFTKP9nQolzeSB1rB1w6p.jpg,"18, 36, 10752",324786,Hacksaw Ridge,en,Hacksaw Ridge,"WWII American Army Medic Desmond T. Doss, who served during the Battle of Okinawa, refuses to kill people and becomes the first Conscientious Objector in American history to receive the Congressional Medal of Honor.",34.4967,/fnOMP6mjmOmZwmlC1n0K7ivrzt1.jpg,2016-10-07,False,False,8.192,15379,"Drama, History, War"
False,/kKF4gEiBDArhONlCcunHVgBp3bA.jpg,"80, 53",1171145,Crime 101,en,Crime 101,"When an elusive thief whose high-stakes heists unfold along the iconic 101 freeway in Los Angeles eyes the score of a lifetime, with hopes of this being his final job, his path collides with a disillusioned insurance broker who is facing her own crossroads. Determined to crack the case, a relentless detective closes in on the operation, raising the stakes even higher.",34.489,/tVvpFIoteRHNnoZMhdnwIVwJpCA.jpg,2026-02-11,False,False,7.025,1407,"Crime, Thriller"
False,/6WqqEjiycNvDLjbEClM1zCwIbDD.jpg,"27, 53, 878",1100988,28 Years Later,en,28 Years Later,"Twenty-eight years after the Rage virus outbreak, a heavily-defended island survives connected to the mainland by a single causeway. When one of the group leaves the island into the dark heart of the mainland, he discovers secrets, wonders, and horrors that have mutated not only the infected but other survivors as well.",34.4611,/n5FygjEppOvac6yEaowi26nTyw3.jpg,2025-06-18,False,False,6.6,3037,"Horror, Thriller, Science Fiction"
False,/a92L1Zm4vGlXOD0f2CEsfqnNDhc.jpg,"28, 12, 878",1930,The Amazing Spider-Man,en,The Amazing Spider-Man,A teenage Peter Parker grapples with both high school and amazing super-human crises as his alter-ego Spider-Man.,34.422,/jexoNYnPd6vVrmygwF6QZmWPFdu.jpg,2012-06-23,False,False,6.8,19196,"Action, Adventure, Science Fiction"
False,/o375tDNib7tihlkWdtLW1fQhNL1.jpg,27,760104,X,en,X,"In 1979, a group of young filmmakers set out to make an adult film in rural Texas, but when their reclusive, elderly hosts catch them in the act, the cast find themselves fighting for their lives.",34.1835,/lopZSVtXzhFY603E9OqF7O1YKsh.jpg,2022-03-17,False,False,6.7,4173,Horror
False,/9tOkjBEiiGcaClgJFtwocStZvIT.jpg,"16, 12, 10751, 35",269149,Zootopia,en,Zootopia,"Determined to prove herself, Officer Judy Hopps, the first bunny on Zootopia's police force, jumps at the chance to crack her first case - even if it means partnering with scam-artist fox Nick Wilde to solve the mystery.",34.1453,/hlK0e0wAQ3VLuJcsfIYPvb4JVud.jpg,2016-02-11,False,False,7.8,18591,"Animation, Adventure, Family, Comedy"
False,/ze6Mx4QE5mQVXRYmG2flncqqle4.jpg,"12, 14",767,Harry Potter and the Half-Blood Prince,en,Harry Potter and the Half-Blood Prince,Dumbledore tries to prepare Harry for the final battle with Voldemort while Death Eaters wreak havoc in both Muggle and Wizard worlds.,34.1214,/z7uo9zmQdQwU5ZJHFpv2Upl30i1.jpg,2009-07-15,False,False,7.682,21274,"Adventure, Fantasy"
False,/cWczNud8Y8i8ab0Z4bxos4myWYO.jpg,"16, 10751, 12",38757,Tangled,en,Tangled,"Feisty teenager Rapunzel, who has long and magical hair, wants to go and see sky lanterns on her eighteenth birthday, but she's bound to a tower by her overprotective mother. She strikes a deal with Flynn Rider, a charming wanted thief, and the duo set off on an action-packed escapade.",34.0633,/ym7Kst6a4uodryxqbGOxmewF235.jpg,2010-11-24,False,False,7.6,12758,"Animation, Family, Adventure"
False,/hD9zZYKYb1xBgcm8XIfyvclSkjs.jpg,27,259693,The Conjuring 2,en,The Conjuring 2,Lorraine and Ed Warren travel to north London to help a single mother raising four children alone in a house plagued by malicious spirits.,33.9547,/zEqyD0SBt6HL7W9JQoWwtd5Do1T.jpg,2016-06-08,False,False,7.3,9457,Horror
False,/8J6UlIFcU7eZfq9iCLbgc8Auklg.jpg,"14, 10751, 28, 12",1087192,How to Train Your Dragon,en,How to Train Your Dragon,"On the rugged isle of Berk, where Vikings and dragons have been bitter enemies for generations, Hiccup stands apart, defying centuries of tradition when he befriends Toothless, a feared Night Fury dragon. Their unlikely bond reveals the true nature of dragons, challenging the very foundations of Viking society.",33.9423,/53dsJ3oEnBhTBVMigWJ9tkA5bzJ.jpg,2025-06-06,False,False,7.9,3164,"Fantasy, Family, Action, Adventure"
False,/zb6fM1CX41D9rF9hdgclu0peUmy.jpg,"18, 36, 10752",424,Schindler's List,en,Schindler's List,The true story of how businessman Oskar Schindler saved over a thousand Jewish lives from the Nazis while they worked as slaves in his factory during World War II.,33.9275,/sF1U4EUQS8YHUYjNl3pMGNIQyr0.jpg,1993-12-15,False,False,8.6,18005,"Drama, History, War"
False,/bBQHALHRAaaORlPNXv7fNcRXYdx.jpg,"9648, 53, 27",419430,Get Out,en,Get Out,"Chris and his girlfriend Rose go upstate to visit her parents for the weekend. At first, Chris reads the family's overly accommodating behavior as nervous attempts to deal with their daughter's interracial relationship, but as the weekend progresses, a series of increasingly disturbing discoveries lead him to a truth that he never could have imagined.",33.8854,/tFXcEccSQMf3lfhfXKSU9iRBpa3.jpg,2017-02-24,False,False,7.625,19442,"Mystery, Thriller, Horror"
False,/5bzPWQ2dFUl2aZKkp7ILJVVkRed.jpg,"12, 35, 878",105,Back to the Future,en,Back to the Future,"Eighties teenager Marty McFly is accidentally sent back in time to 1955, inadvertently disrupting his parents' first meeting and attracting his mother's romantic interest. Marty must repair the damage to history by rekindling his parents' romance and - with the help of his eccentric inventor friend Doc Brown - return to 1985.",33.8534,/vN5B5WgYscRGcQpVhHl6p9DDTP0.jpg,1985-07-03,False,False,8.3,22523,"Adventure, Comedy, Science Fiction"
False,/kKTPv9LKKs5L3oO1y5FNObxAPWI.jpg,"35, 18, 53",466272,Once Upon a Time... in Hollywood,en,Once Upon a Time... in Hollywood,"Los Angeles, 1969. TV star Rick Dalton, a struggling actor specializing in westerns, and stuntman Cliff Booth, his best friend, try to survive in a constantly changing movie industry. Dalton is the neighbor of the young and promising actress and model Sharon Tate, who has just married the prestigious Polish director Roman Polanski…",33.787,/8j58iEBw9pOXFD2L0nt0ZXeHviB.jpg,2019-07-24,False,False,7.417,15364,"Comedy, Drama, Thriller"
False,/lSd6nEnlaeQkswLLUgHC5gyuXyU.jpg,"53, 80",1514682,Above & Below,en,Above & Below,A group of friends' dream diving vacation turns into a fight for survival when brutal criminals attack their boat in open waters.,33.7348,/7bOuu1SRALGwsG2fLCTvRkCmQBj.jpg,2026-07-29,False,False,6.0,42,"Thriller, Crime"
False,/kkoiH8ZWxJ9WSAjOadGtuHUQxbm.jpg,"14, 12, 28",284052,Doctor Strange,en,Doctor Strange,"After his career is destroyed, a brilliant but arrogant surgeon gets a new lease on life when a sorcerer takes him under her wing and trains him to defend the world against evil.",33.6899,/uGBVj3bEbCoZbDjjl9wTxcygko1.jpg,2016-10-25,False,False,7.425,24020,"Fantasy, Adventure, Action"
False,/zdXnJqBaGFVtLoPNuMeKfEYUViZ.jpg,"10749, 18",11036,The Notebook,en,The Notebook,"An epic love story centered around an older man who reads aloud to a woman with Alzheimer's. From a faded notebook, the old man's words bring to life the story about a couple who is separated by World War II, and is then passionately reunited, seven years later, after they have taken different paths.",33.6808,/rNzQyW4f8B8cQeg7Dgj3n6eT5k9.jpg,2004-06-25,False,False,7.9,12931,"Romance, Drama"
False,/nP3y0TkR6XniFs9J53qQkg4Bnnk.jpg,"18, 35",10625,Mean Girls,en,Mean Girls,"Cady Heron is a hit with The Plastics, the A-list girl clique at her new school, until she makes the mistake of falling for Aaron Samuels, the ex-boyfriend of alpha Plastic Regina George.",33.628,/2ZkuQXvVhh45uSvkBej4S7Ix1NJ.jpg,2004-04-30,False,False,7.231,9716,"Drama, Comedy"
False,/hwNtEmmugU5Yd7hpfprNWI0DGIn.jpg,"18, 53, 10752",16869,Inglourious Basterds,en,Inglourious Basterds,"In Nazi-occupied France during World War II, a group of Jewish-American soldiers known as ""The Basterds"" are chosen specifically to spread fear throughout the Third Reich by scalping and brutally killing Nazis. The Basterds, lead by Lt. Aldo Raine soon cross paths with a French-Jewish teenage girl who runs a movie theater in Paris which is targeted by the soldiers.",33.6279,/aupnPtagH9JVBuMrGEanf4iqXEQ.jpg,2009-08-02,False,False,8.217,24903,"Drama, Thriller, War"
False,/rlay2M5QYvi6igbGcFjq8jxeusY.jpg,"80, 53, 18",475557,Joker,en,Joker,"During the 1980s, a failed stand-up comedian is driven insane and turns to a life of crime and chaos in Gotham City while becoming an infamous psychopathic crime figure.",33.6252,/udDclJoHjfjb8Ekgsd4FDteOkCU.jpg,2019-10-01,False,False,8.1,28461,"Crime, Thriller, Drama"
False,/AoSZyb37ljMAxw0RdeQEBHKtgcc.jpg,"10751, 16, 12, 35, 14",330457,Frozen II,en,Frozen II,"Elsa, Anna, Kristoff and Olaf head far into the forest to learn the truth about an ancient mystery of their kingdom.",33.5277,/mINJaa34MtknCYl5AjtNJzWj8cD.jpg,2019-11-20,False,False,7.2,10506,"Family, Animation, Adventure, Comedy, Fantasy"
False,/a8uQvrplTkhGJQog6GZ6CqF8An6.jpg,"35, 10751, 9648",1301421,The Sheep Detectives,en,The Sheep Detectives,"George Hardy is a shepherd who reads detective novels to his beloved sheep every night, assuming they can't possibly understand. But when a mysterious incident disrupts life on the farm, the sheep realize they must become the detectives. As they follow the clues and investigate human suspects, they prove that even sheep can be brilliant crime-solvers.",33.5239,/iKy5460GdsoknM8ppmGlJbKxAKa.jpg,2026-04-30,False,False,7.9,1769,"Comedy, Family, Mystery"
False,/ufqytAlziHq5pljKByGJ8IKhtEZ.jpg,"80, 53",425274,Now You See Me: Now You Don't,en,Now You See Me: Now You Don't,"The original Four Horsemen reunite with a new generation of illusionists to take on powerful diamond heiress Veronika Vanderberg, who leads a criminal empire built on money laundering and trafficking. The new and old magicians must overcome their differences to work together on their most ambitious heist yet.",33.4251,/oD3Eey4e4Z259XLm3eD3WGcoJAh.jpg,2025-11-12,False,False,6.4,1878,"Crime, Thriller"
False,/69EFgWWPFWbRNHmQgYdSnyJ94Ge.jpg,"28, 12, 878",49521,Man of Steel,en,Man of Steel,"A young boy learns that he has extraordinary powers and is not of this earth. As a young man, he journeys to discover where he came from and what he was sent here to do. But the hero in him must emerge if he is to save the world from annihilation and become the symbol of hope for all mankind.",33.3788,/8GFtkImmK0K1VaUChR0n9O61CFU.jpg,2013-06-12,False,False,6.661,16675,"Action, Adventure, Science Fiction"
False,/uauoVKKCkNA9iWjgJCL8TdSfLf5.jpg,"80, 18, 53",860508,The Whisper Man,en,The Whisper Man,"When his young son vanishes, a widower enlists help from his estranged father, a retired detective who put away the serial killer now linked to the case.",33.3535,/ndRs5lADYm0PeVjuOxaMcInY0o2.jpg,2026-08-27,False,False,6.868,880,"Crime, Drama, Thriller"
False,/y2Ca1neKke2mGPMaHzlCNDVZqsK.jpg,"28, 35, 53",718930,Bullet Train,en,Bullet Train,"Unlucky assassin Ladybug is determined to do his job peacefully after one too many gigs gone off the rails. Fate, however, may have other plans, as Ladybug's latest mission puts him on a collision course with lethal adversaries from around the globe—all with connected, yet conflicting, objectives—on the world's fastest train.",33.3434,/j8szC8OgrejDQjjMKSVXyaAjw3V.jpg,2022-08-03,False,False,7.408,8002,"Action, Comedy, Thriller"
False,/7Q2CmqIVJuDAESPPp76rWIiA0AD.jpg,"28, 12, 18",1011477,Karate Kid: Legends,en,Karate Kid: Legends,"After a family tragedy, kung fu prodigy Li Fong is uprooted from his home in Beijing and forced to move to New York City with his mother. When a new friend needs his help, Li enters a karate competition – but his skills alone aren't enough. Li's kung fu teacher Mr. Han enlists original Karate Kid Daniel LaRusso for help, and Li learns a new way to fight, merging their two styles into one for the ultimate martial arts showdown.",33.0978,/c90Lt7OQGsOmhv6x4JoFdoHzw5l.jpg,2025-05-08,False,False,6.971,1320,"Action, Adventure, Drama"
False,/jvpkBenB6hv19WWYVlaiow8zklq.jpg,"10751, 35, 80, 12, 16, 28",1175942,The Bad Guys 2,en,The Bad Guys 2,"The now-reformed Bad Guys are trying (very, very hard) to be good, but instead find themselves hijacked into a high-stakes, globe-trotting heist, masterminded by a new team of criminals they never saw coming: The Bad Girls.",33.0558,/26oSPnq0ct59l07QOXZKyzsiRtN.jpg,2025-07-24,False,False,7.6,917,"Family, Comedy, Crime, Adventure, Animation, Action"
False,/xyXmtuvsoM5J3yNad0nvcetpBdY.jpg,"12, 14, 28",49051,The Hobbit: An Unexpected Journey,en,The Hobbit: An Unexpected Journey,"Bilbo Baggins, a hobbit enjoying his quiet life, is swept into an epic quest by Gandalf the Grey and thirteen dwarves who seek to reclaim their mountain home from Smaug, the dragon.",33.0524,/yHA9Fc37VmpUA5UncTxxo3rTGVA.jpg,2012-12-12,False,False,7.384,20163,"Adventure, Fantasy, Action"
False,/95ckrV6wQgbffurAVmETQ5YKASL.jpg,"10752, 18, 28",228150,Fury,en,Fury,"April, 1945. As the Allies make their final push in the European Theater, a battle-hardened army sergeant commands a Sherman tank with a five-man crew on a deadly mission behind enemy lines.",33.0466,/pfte7wdMobMF4CVHuOxyu6oqeeA.jpg,2014-10-15,False,False,7.545,13297,"War, Drama, Action"
False,/a8w3luV9uCjveB8v7grHfvXVOFJ.jpg,"28, 12, 16, 35, 80, 10751",629542,The Bad Guys,en,The Bad Guys,"When the Bad Guys, a crew of criminal animals, are finally caught after years of heists and being the world’s most-wanted villains, Mr. Wolf brokers a deal to save them all from prison.",33.0068,/7qop80YfuO0BwJa1uXk1DXUUEwv.jpg,2022-03-17,False,False,7.5,2700,"Action, Adventure, Animation, Comedy, Crime, Family"
False,/hGGC9gKo7CFE3fW07RA587e5kol.jpg,"16, 35, 10751, 12",14160,Up,en,Up,"Carl Fredricksen spent his entire life dreaming of exploring the globe and experiencing life to its fullest. But at age 78, life seems to have passed him by, until a twist of fate (and a persistent 8-year old Wilderness Explorer named Russell) gives him a new lease on life.",32.8368,/mFvoEwSfLqbcWwFsDjQebn9bzFe.jpg,2009-05-28,False,False,7.961,22228,"Animation, Comedy, Family, Adventure"
False,/fj0hwDJEOOHllRim2BMt5L7tbjf.jpg,"80, 18, 28",101,Léon: The Professional,fr,Léon,"Léon, the top hit man in New York, has earned a rep as an effective ""cleaner"". But when his next-door neighbors are wiped out by a loose-cannon DEA agent, he becomes the unwilling custodian of 12-year-old Mathilda. Before long, Mathilda's thoughts turn to revenge, and she considers following in Léon's footsteps.",32.8164,/bxB2q91nKYp8JNzqE7t7TWBVupB.jpg,1994-09-14,False,False,8.289,16617,"Crime, Drama, Action"
False,/7IGKrY1f1KfwMipx9wZC4NRgIdF.jpg,"18, 10749, 53",216015,Fifty Shades of Grey,en,Fifty Shades of Grey,"When college senior Anastasia Steele steps in for her sick roommate to interview prominent businessman Christian Grey for their campus paper, little does she realize the path her life will take. Christian, as enigmatic as he is rich and powerful, finds himself strangely drawn to Ana, and she to him. Though sexually inexperienced, Ana plunges headlong into an affair -- and learns that Christian's true sexual proclivities push the boundaries of pain and pleasure.",32.7929,/63kGofUkt1Mx0SIL4XI4Z5AoSgt.jpg,2015-02-11,False,False,5.859,12574,"Drama, Romance, Thriller"
False,/ocOWbTzHcJVTw9Tz173KPeskDOP.jpg,"10751, 14, 12",12155,Alice in Wonderland,en,Alice in Wonderland,"Alice, now 19 years old, returns to the whimsical world she first entered as a child and embarks on a journey to discover her true destiny.",32.7534,/o0kre9wRCZz3jjSjaru7QU0UtFz.jpg,2010-03-03,False,False,6.643,15107,"Family, Fantasy, Adventure"
False,/1jHxkVXMI5s3vRiyiZooUy1shB5.jpg,"12, 14, 28",285,Pirates of the Caribbean: At World's End,en,Pirates of the Caribbean: At World's End,"After losing Captain Jack Sparrow to the locker of Davy Jones, Will Turner, Elizabeth Swann, and Captain Barbossa journey to the ends of the earth to rescue him. And as the East India Trading Company tightens its grip on the seas under Lord Cutler Beckett—now in control of Davy Jones—the fate of piracy hangs by a thread. Now, they must unite the pirate lords for one final stand. But as loyalties are tested and alliances shift, each must ultimately choose where they stand in the battle for freedom on the high seas.",32.7502,/jGWpG4YhpQwVmjyHEGkxEkeRf0S.jpg,2007-05-19,False,False,7.278,15910,"Adventure, Fantasy, Action"
False,/8VyTWJrNEyV2MTWvniDVp0MpOAe.jpg,"27, 9648",1078605,Weapons,en,Weapons,"When all but one child from the same class mysteriously vanish on the same night at exactly the same time, a community is left questioning who or what is behind their disappearance.",32.7068,/cpf7vsRZ0MYRQcnLWteD5jK9ymT.jpg,2025-08-04,False,False,7.266,4065,"Horror, Mystery"
False,/7Nwnmyzrtd0FkcRyPqmdzTPppQa.jpg,"80, 18, 35",106646,The Wolf of Wall Street,en,The Wolf of Wall Street,"A New York stockbroker refuses to cooperate in a large securities fraud case involving corruption on Wall Street, corporate banking world and mob infiltration. Based on Jordan Belfort's autobiography.",32.6891,/kW9LmvYHAaS9iA0tHmZVq8hQYoq.jpg,2013-12-25,False,False,8.027,26672,"Crime, Drama, Comedy"
False,/1esAE8sLJRWWFsLLeh5r3g2WanI.jpg,"35, 12, 14",346698,Barbie,en,Barbie,"Barbie and Ken are having the time of their lives in the colorful and seemingly perfect world of Barbie Land. However, when they get a chance to go to the real world, they soon discover the joys and perils of living among humans.",32.6632,/iuFNMS8U5cb6xfzi51Dbkovj7vM.jpg,2023-07-19,False,False,6.9,11652,"Comedy, Adventure, Fantasy"
False,/mMtUybQ6hL24FXo0F3Z4j2KG7kZ.jpg,"16, 10749, 18",372058,Your Name.,ja,君の名は。,"High schoolers Mitsuha and Taki are complete strangers living separate lives. But one night, they suddenly switch places. Mitsuha wakes up in Taki’s body, and he in hers. This bizarre occurrence continues to happen randomly, and the two must adjust their lives around each other.",32.5973,/vfJFJPepRKapMd5G2ro7klIRysq.jpg,2016-07-01,False,False,8.489,13071,"Animation, Romance, Drama"
False,/3IFRjBDwtk0DlIsDfJ2zEzLjUBi.jpg,"10751, 16, 35, 12",82690,Wreck-It Ralph,en,Wreck-It Ralph,"Wreck-It Ralph is the 9-foot-tall, 643-pound villain of an arcade video game named Fix-It Felix Jr., in which the game's titular hero fixes buildings that Ralph destroys. Wanting to prove he can be a good guy and not just a villain, Ralph escapes his game and lands in Hero's Duty, a first-person shooter where he helps the game's hero battle against alien invaders. He later enters Sugar Rush, a kart racing game set on tracks made of candies, cookies and other sweets. There, Ralph meets Vanellope von Schweetz who has learned that her game is faced with a dire threat that could affect the entire arcade, and one that Ralph may have inadvertently started.",32.5808,/nrEupcBwf4O1zihCM34NoXusZDq.jpg,2012-11-01,False,False,7.4,13375,"Family, Animation, Comedy, Adventure"
False,/zeoaHdXRDd5IoUiMVsNhwTZm78B.jpg,"16, 35, 10751, 14",2062,Ratatouille,en,Ratatouille,"In one of Paris's finest restaurants, Remy, a determined young rat, dreams of becoming a renowned French chef. Torn between his family's wishes and his true calling, Remy and his pal Linguini set in motion a hilarious chain of events that turns the City of Lights upside down.",32.5364,/t3vaWRPSf6WjDSamIkKDs1iQWna.jpg,2007-06-28,False,False,7.8,19035,"Animation, Comedy, Family, Fantasy"
False,/vr6n6ZFUZvedvIlhfYcbCWcaKyW.jpg,"12, 14, 28",58,Pirates of the Caribbean: Dead Man's Chest,en,Pirates of the Caribbean: Dead Man's Chest,"Captain Jack Sparrow’s got a blood debt to pay: he owes his soul to the legendary Davy Jones, ghastly Ruler of the Ocean Depths. To escape eternal servitude aboard the Flying Dutchman, ever-crafty Jack must track down the still-beating heart of Jones. But he won’t do it alone: Will Turner and Elizabeth Swann are drawn back into another one of his perilous quests—assuming they can evade execution for aiding a pirate.",32.5145,/uXEqmloGyP7UXAiphJUu2v2pcuE.jpg,2006-07-06,False,False,7.392,17679,"Adventure, Fantasy, Action"
False,/jlGmlFOcfo8n5tURmhC7YVd4Iyy.jpg,"28, 35, 12",436969,The Suicide Squad,en,The Suicide Squad,"Supervillains Harley Quinn, Bloodsport, Peacemaker and a collection of nutty cons at Belle Reve prison join the super-secret, super-shady Task Force X as they are dropped off at the remote, enemy-infused island of Corto Maltese.",32.284,/q61qEyssk2ku3okWICKArlAdhBn.jpg,2021-07-28,False,False,7.442,9971,"Action, Comedy, Adventure"
False,/1Onam6oWyFAUCcoxtdWkACtEiNr.jpg,"18, 10749",4348,Pride & Prejudice,en,Pride & Prejudice,"A story of love and life among the landed English gentry during the Georgian era. Mr. Bennet is a gentleman living in Hertfordshire with his overbearing wife and five daughters, but if he dies their house will be inherited by a distant cousin whom they have never met, so the family's future happiness and security is dependent on the daughters making good marriages.",30.5176,/o8UhmEbWPHmTUxP0lMuCoqNkbB3.jpg,2005-09-16,False,False,8.1,8997,"Drama, Romance"
False,/scLQDnf1m2AqEEQSjAEdMRD6K9I.jpg,"16, 35, 12, 10751",57800,Ice Age: Continental Drift,en,Ice Age: Continental Drift,"Manny, Diego, and Sid embark upon another adventure after their continent is set adrift. Using an iceberg as a ship, they encounter sea creatures and battle pirates as they explore a new world.",30.9327,/dfp1BZF7FxbBUyzHvMOI9t8NWDD.jpg,2012-06-27,False,False,6.395,8310,"Animation, Comedy, Adventure, Family"
False,/ncr6KR7bBF8cps6yZKiTAwClpn1.jpg,"14, 35, 10751",10439,Hocus Pocus,en,Hocus Pocus,"After 300 years of slumber, three sister witches are accidentally resurrected in Salem on Halloween night, and it is up to three kids and their newfound feline friend to put an end to the witches' reign of terror once and for all.",30.6185,/by4D4Q9NlUjFSEUA1yrxq6ksXmk.jpg,1993-07-16,False,False,7.038,3417,"Fantasy, Comedy, Family"
False,/AdKA2F1SzYPhSZdEbjH1Zh75UVQ.jpg,"27, 53",694,The Shining,en,The Shining,"Jack Torrance accepts a caretaker job at the Overlook Hotel, where he, along with his wife Wendy and their son Danny, must live isolated from the rest of the world for the winter. But they aren't prepared for the madness that lurks within.",31.4981,/uAR0AWqhQL1hQa69UDEbb2rE5Wx.jpg,1980-05-23,False,False,8.2,19489,"Horror, Thriller"
False,/ihOd5W6qOgrBSLj0uDTnGs8k1aa.jpg,"14, 12, 10751, 35",10588,The Cat in the Hat,en,The Cat in the Hat,"During a rainy day, and while their mother is out, Conrad and Sally, and their pet fish, are visited by the mischievous Cat in the Hat. Fun soon turns to mayhem, and the siblings must figure out how to rid themselves of the maniacal Cat.",30.5185,/uYYLz67e5xEQMsY858VSSCDsLU6.jpg,2003-11-21,False,False,5.4,1910,"Fantasy, Adventure, Family, Comedy"
False,/1TUg5pO1VZ4B0Q1amk3OlXvlpXV.jpg,"12, 18, 10751, 16",420818,The Lion King,en,The Lion King,"Simba idolizes his father, King Mufasa, and takes to heart his own royal destiny. But not everyone in the kingdom celebrates the new cub's arrival. Scar, Mufasa's brother—and former heir to the throne—has plans of his own. The battle for Pride Rock is ravaged with betrayal, tragedy and drama, ultimately resulting in Simba's exile. With help from a curious pair of newfound friends, Simba will have to figure out how to grow up and take back what is rightfully his.",32.2473,/dzBtMocZuJbjLOXvrl4zGYigDzh.jpg,2019-07-12,False,False,7.1,10944,"Adventure, Drama, Family, Animation"
False,/q62bpQ67qaXY0u6b2wFEnQYIbPd.jpg,"10751, 35, 16, 12",301528,Toy Story 4,en,Toy Story 4,"Woody has always been confident about his place in the world, devoted to taking care of his kid—whether that's Andy or Bonnie. But after Bonnie creates a reluctant new toy called ""Forky"", a road trip adventure alongside old and new friends challenges everything Woody believes about loyalty, purpose, and what it truly means to be a toy.",32.5059,/w9kR8qbmQ01HwnvK4alvnQ2ca0L.jpg,2019-06-19,False,False,7.5,11057,"Family, Comedy, Animation, Adventure"
False,/iYqSQaWDttQIQzsxg9xHyg0bttG.jpg,"27, 878",945961,Alien: Romulus,en,Alien: Romulus,"While scavenging the deep ends of a derelict space station, a group of young space colonizers come face to face with the most terrifying life form in the universe.",33.7469,/2uSWRTtCG336nuBiG8jOTEUKSy8.jpg,2024-08-13,False,False,7.159,4953,"Horror, Science Fiction"
False,/8pwIhymsxfAVjrAE7syDjQULn37.jpg,"16, 35, 10751, 12",425,Ice Age,en,Ice Age,"Manny the mammoth, Sid the loquacious sloth, and Diego the sabre-toothed tiger go on a comical quest to return a human baby back to his father, across a world on the brink of an ice age.",31.0342,/gLhHHZUzeseRXShoDyC4VqLgsNv.jpg,2002-03-14,False,False,7.4,14689,"Animation, Comedy, Family, Adventure"
False,/3yQV8aUxMYeSCVF6R5Q6xcaMZsl.jpg,"9648, 53",880067,Strung,en,Strung,"A talented violinist's prestigious new role as a music tutor for an enigmatic, elite family spirals into a psychological battle for her safety and sanity.",27.4289,/exO0gvoZUXERxUaejyDchobOvjD.jpg,2026-06-18,False,False,7.617,90,"Mystery, Thriller"
False,/j9eOeLlTGoHoM8BNUJVNyWmIvCi.jpg,"10749, 35",1072790,Anyone but You,en,Anyone but You,"After an amazing first date, Bea and Ben’s fiery attraction turns ice cold — until they find themselves unexpectedly reunited at a destination wedding in Australia. So they do what any two mature adults would do: pretend to be a couple.",29.182,/5qHoazZiaLe7oFBok7XlUhg96f2.jpg,2023-12-21,False,False,6.743,3245,"Romance, Comedy"
False,/iVped1djsF0tvGkvnHbzsE3ZPTF.jpg,"28, 12, 878",68721,Iron Man 3,en,Iron Man 3,"When Tony Stark's world is torn apart by a formidable terrorist called the Mandarin, he starts an odyssey of rebuilding and retribution.",32.7108,/qhPtAc1TKbMPqNvcdXSOn9Bn7hZ.jpg,2013-04-18,False,False,6.932,23970,"Action, Adventure, Science Fiction"
False,/rHnANzYUmV3WZw3n0yWOLiR3pen.jpg,"53, 80",976912,Graphic Desires,en,Graphic Desires,"When reclusive Franklin cheats on his partner with a mysterious girl he meets on a dating app, it becomes the start of a deadly obsession.",29.8674,/3BjLdTWRiHc1ISIZMFvToOmghOM.jpg,2023-08-31,False,False,6.9,160,"Thriller, Crime"
False,/zh6IdheEYinU4TPtorWsjx6qPQE.jpg,"878, 10749, 35",792307,Poor Things,en,Poor Things,"Brought back to life by an unorthodox scientist, a young woman runs off with a lawyer on a whirlwind adventure across the continents. Free from the prejudices of her times, she grows steadfast in her purpose to stand for equality and liberation.",30.5215,/kCGlIMHnOm8JPXq3rXM6c5wMxcT.jpg,2023-12-07,False,False,7.628,5808,"Science Fiction, Romance, Comedy"
False,/xfBnQ4mgf1jYZsscJGJjr6ce0Ar.jpg,"878, 28, 12",1724,The Incredible Hulk,en,The Incredible Hulk,"Scientist Bruce Banner scours the planet for an antidote to the unbridled force of rage within him: the Hulk. But when the military masterminds who dream of exploiting his powers force him back to civilization, he finds himself coming face to face with a new, deadly foe.",31.3391,/gKzYx79y0AQTL4UAk1cBQJ3nvrm.jpg,2008-06-12,False,False,6.3,13217,"Science Fiction, Action, Adventure"
False,/4rLaMBcCJ1pMq72vCulBMPsbAyh.jpg,"27, 14, 35",1153714,Death of a Unicorn,en,Death of a Unicorn,"A father and daughter accidentally hit and kill a unicorn while en route to a weekend retreat, where his billionaire boss seeks to exploit the creature’s miraculous curative properties.",36.6038,/xWlF2i51zUq7BUq4iJte1g9NyIM.jpg,2025-03-17,False,False,6.4,946,"Horror, Fantasy, Comedy"
False,/rmiG2uwcNoGFmBKMoa1pIcf514L.jpg,"35, 18",37165,The Truman Show,en,The Truman Show,"In a picture-perfect seaside town, an insurance salesman begins to realize that his entire existence may be staged and observed by a vast unseen audience as part of a long-running real-time reality TV show.",31.5898,/vuza0WqY239yBXOadKlGwJsZJFE.jpg,1998-06-04,False,False,8.2,20978,"Comedy, Drama"
False,/uRNgkJSkNBFbbn9fPsEjDIy8Sh3.jpg,"12, 14, 28",22,Pirates of the Caribbean: The Curse of the Black Pearl,en,Pirates of the Caribbean: The Curse of the Black Pearl,"When wily pirate Captain Barbossa seizes Jack Sparrow’s beloved ship, the Black Pearl, and kidnaps the governor’s daughter, Elizabeth Swann, blacksmith Will Turner reluctantly teams up with the unpredictable pirate Jack to rescue her—only to uncover a terrifying curse that turns Barbossa’s crew into the undead.",31.2235,/poHwCZeWzJCShH7tOjg8RIoyjcw.jpg,2003-07-09,False,False,7.836,22879,"Adventure, Fantasy, Action"
False,/fW4ZCoEZRBqLAJGFQ2g5AdAfPQR.jpg,"10749, 10751, 16, 14",10020,Beauty and the Beast,en,Beauty and the Beast,"Follow the adventures of Belle, a bright young woman who finds herself in the castle of a prince who's been turned into a mysterious beast. With the help of the castle's enchanted staff, Belle soon learns the most important lesson of all -- that true beauty comes from within.",28.8352,/hUJ0UvQ5tgE2Z9WpfuduVSdiCiU.jpg,1991-10-22,False,False,7.7,10936,"Romance, Family, Animation, Fantasy"
False,/rFj9IKlL75B2pXhZA60jkNWvxeW.jpg,"28, 12, 35",293660,Deadpool,en,Deadpool,"The origin story of former Special Forces operative turned mercenary Wade Wilson, who, after being subjected to a rogue experiment that leaves him with accelerated healing powers, adopts the alter ego Deadpool. Armed with his new abilities and a dark, twisted sense of humor, Deadpool hunts down the man who nearly destroyed his life.",30.9012,/3E53WEZJqP6aM84D8CckXx4pIHw.jpg,2016-02-09,False,False,7.626,33411,"Action, Adventure, Comedy"
False,/g7Ccid5kuD7A8hXWlsQiNfwOxaD.jpg,"28, 35",1137844,Mayday,en,Mayday,"When a U.S. Navy pilot on a top-secret mission during the Cold War gets trapped behind enemy lines, his only chance at survival is to form an alliance with an eccentric ex-KGB agent.",29.093,/hVXjX1jLZ1ljFSNGXpjJfbTUOa7.jpg,2026-09-03,False,False,7.9,929,"Action, Comedy"
False,/xtHonIIIQXverDQM08TMQXjn9Fe.jpg,"35, 14",214756,Ted 2,en,Ted 2,"Newlywed couple Ted and Tami-Lynn want to have a baby, but in order to qualify to be a parent, Ted will have to prove he's a person in a court of law.",29.6252,/38C91I7Xft0gyY7BITm8i4yvuRb.jpg,2015-06-25,False,False,6.328,8208,"Comedy, Fantasy"
False,/ce3prrjh9ZehEl5JinNqr4jIeaB.jpg,"28, 53, 878",822119,Captain America: Brave New World,en,Captain America: Brave New World,"After meeting with newly elected U.S. President Thaddeus Ross, Sam finds himself in the middle of an international incident. He must discover the reason behind a nefarious global plot before the true mastermind has the entire world seeing red.",27.2015,/pzIddUEMWhWzfvLI3TwxUG2wGoi.jpg,2025-02-12,False,False,5.957,3504,"Action, Thriller, Science Fiction"
False,/robYRZk9LxJTwD7GlZCginji5k.jpg,"16, 10751, 12, 35",49013,Cars 2,en,Cars 2,Star race car Lightning McQueen and his pal Mater head overseas to compete in the World Grand Prix race. But the road to the championship becomes rocky as Mater gets caught up in an intriguing adventure of his own: international espionage.,30.0348,/okIz1HyxeVOMzYwwHUjH2pHi74I.jpg,2011-06-11,False,False,6.2,8751,"Animation, Family, Adventure, Comedy"
False,/oV472EbPedkc5QzqolGc7sCgCnn.jpg,"27, 28, 53",1110034,Kraken,no,Kraken,"A marine biologist is doing research on a fish farm when she encounters several strange occurrences. Along with the brutal deaths of two teenagers, all signs point to the deep fjord; can there be more to the depths than the eye can see?",31.4611,/snjASPpfqpkmA7lVXDo24rA8I0z.jpg,2026-02-06,False,False,6.205,349,"Horror, Action, Thriller"
False,/qdthf9WrRDSaIkGVQGhhJ9pz1hn.jpg,"28, 16, 35, 10751",9502,Kung Fu Panda,en,Kung Fu Panda,"Chosen by prophecy but doubted by all, Po is an unlikely choice for the mystical title of the Dragon Warrior—a clumsy panda thrust into the world of kung fu as a deadly enemy threatens the Valley of Peace. Under reluctant guidance by Master Shifu and the Furious Five, Po must embrace who he is to unlock the power that no scroll can teach.",30.1559,/wWt4JYXTg5Wr3xBW2phBrMKgp3x.jpg,2008-06-04,False,False,7.341,13061,"Action, Animation, Comedy, Family"
False,/xzm3RfWh932rS28WErNC3u8qzVm.jpg,"16, 18, 9648, 14",822653,Puella Magi Madoka Magica the Movie -Walpurgisnacht: Rising-,ja,劇場版 魔法少女まどか☆マギカ〈ワルプルギスの廻天〉,"After the events of Rebellion, the world appears to be in balance—but that peace is fragile. As a new threat connected to Walpurgisnacht emerges, Homura Akemi is forced to face the consequences of her choices and question how far she is willing to go to protect Madoka.",27.3682,/g4kCd4rMuN7G3VQQDUT6mLbrBqQ.jpg,2026-08-28,False,False,9.0,2,"Animation, Drama, Mystery, Fantasy"
False,/l8RKevhGpFOBxm356ODFhvG3naw.jpg,"10749, 35",353208,Black Maid,it,La cameriera nera,"Major Galeazzo, Chancellor Enea, the goalkeeper Placido, journalist Antenor and others living in a building of the city. All are drawn to the morbid fascination of Mariolina, exuberant waitress Venetian. But soon Aminta, maid of color, dispossess irreparably.",35.3973,/daiXaADJedcAKRhiJuZSow3RI6k.jpg,1976-03-06,False,False,4.6,9,"Romance, Comedy"
False,/tyfO9jHgkhypUFizRVYD0bytPjP.jpg,"10751, 14",447273,Snow White,en,Snow White,"Following the benevolent King's disappearance, the Evil Queen dominated the once fair land with a cruel streak. Princess Snow White flees the castle when the Queen, in her jealousy over Snow White's inner beauty, tries to kill her. Deep into the dark woods, she stumbles upon seven magical dwarves and a young bandit named Jonathan. Together, they strive to survive the Queen's relentless pursuit and aspire to take back the kingdom.",30.9517,/oLxWocqheC8XbXbxqJ3x422j9PW.jpg,2025-03-19,False,False,4.243,1761,"Family, Fantasy"
False,/zgQQF04u3OgNBJqClRNby1FPz9s.jpg,"12, 16, 35, 10751, 878",893723,PAW Patrol: The Mighty Movie,en,PAW Patrol: The Mighty Movie,"A magical meteor crash lands in Adventure City and gives the PAW Patrol pups superpowers, transforming them into The Mighty Pups.",29.5273,/aTvePCU7exLepwg5hWySjwxojQK.jpg,2023-09-21,False,False,7.0,600,"Adventure, Animation, Comedy, Family, Science Fiction"
False,/tBRSSfgqOAq7YlG8udcoJIBm2FG.jpg,"28, 80, 18",1213243,Toxic,kn,ಟಾಕ್ಸಿಕ್,"A powerful drug cartel pulls the strings behind a facade of sun-soaked beaches as a gritty, violent underworld power struggle emerges during the crumbling of Portuguese colonial rule.",29.8045,/5RTd3YCLWbEhbe9OXRuNX3pbT5U.jpg,2026-08-26,False,False,7.9,78,"Action, Crime, Drama"
False,/x4biAVdPVCghBlsVIzB6NmbghIz.jpg,37,429,"The Good, the Bad and the Ugly",it,"Il buono, il brutto, il cattivo","While the Civil War rages on between the Union and the Confederacy, three men – a quiet loner, a ruthless hitman, and a Mexican bandit – comb the American Southwest in search of a strongbox containing $200,000 in stolen gold.",29.6983,/bX2xnavhMYjWDoZp1VM6VnU1xwe.jpg,1966-12-23,False,False,8.468,10016,Western
False,/3P52oz9HPQWxcwHOwxtyrVV1LKi.jpg,"28, 35, 12",383498,Deadpool 2,en,Deadpool 2,Wisecracking mercenary Deadpool battles the evil and powerful Cable and other bad guys to save a boy's life.,31.3741,/to0spRl1CMDvyUbOnbb4fTk3VAd.jpg,2018-05-15,False,False,7.488,19753,"Action, Comedy, Adventure"
False,/tuDhEdza074bA497bO9WFEPs6O6.jpg,"12, 10751, 14",411,"The Chronicles of Narnia: The Lion, the Witch and the Wardrobe",en,"The Chronicles of Narnia: The Lion, the Witch and the Wardrobe",Four kids travel through a wardrobe to the land of Narnia and learn of their destiny to free it with the guidance of a mystical lion.,29.5281,/iREd0rNCjYdf5Ar0vfaW32yrkm.jpg,2005-12-07,False,False,7.1,11820,"Adventure, Family, Fantasy"
False,/9nhjGaFLKtddDPtPaX5EmKqsWdH.jpg,"10749, 878, 53",950396,The Gorge,en,The Gorge,"Two highly trained operatives grow close from a distance after being sent to guard opposite sides of a mysterious gorge. When an evil below emerges, they must work together to survive what lies within.",31.2021,/7iMBZzVZtG0oBug4TfqDb9ZxAOa.jpg,2025-02-13,False,False,7.703,4277,"Romance, Science Fiction, Thriller"
False,/szKv713FcUXx6hcfdY369vtkmzr.jpg,"27, 53, 12",1127384,Deep Water,en,Deep Water,A group of international passengers on a flight from Los Angeles to Shanghai is forced to make an emergency landing in shark-infested waters. The terrified group is forced to work together and overcome their differences if they hope to escape their sinking plane and the frenzy of sharks drawn to the wreckage.,30.1159,/ZWHxL2ETItcZzeVsVfs6gv3SZ7.jpg,2026-04-30,False,False,7.409,667,"Horror, Thriller, Adventure"
False,/2Czzw6qOeYAWhWnFEx8WSmA0E8F.jpg,"27, 35",1481603,Hold the Fort,en,Hold the Fort,"A HOA turns out to be more troublesome than usual in this wildly amusing, FX-heavy freak-out about newly minted suburbanites unexpectedly forced to take part in a struggle against monstrous forces.",27.3048,/fnq6itOtvCXRBjwuq96hkYu0pCX.jpg,2025-07-16,False,False,6.1,16,"Horror, Comedy"
False,/gILte6Zd7m1YneIr6MVhh30S9pr.jpg,"18, 80",769,GoodFellas,en,GoodFellas,"The true story of Henry Hill, a half-Irish, half-Sicilian Brooklyn kid who is adopted by neighbourhood gangsters at an early age and climbs the ranks of a Mafia family under the guidance of Jimmy Conway.",29.2334,/9OkCLM73MIU2CrKZbqiT8Ln1wY2.jpg,1990-09-12,False,False,8.45,14851,"Drama, Crime"
False,/Ar7QuJ7sJEiC0oP3I8fKBKIQD9u.jpg,"28, 18, 12",98,Gladiator,en,Gladiator,"After the death of Emperor Marcus Aurelius, his devious son takes power and demotes Maximus, one of Rome's most capable generals who Marcus preferred. Eventually, Maximus is forced to become a gladiator and battle to the death against other men for the amusement of paying audiences.",31.7241,/aDb548BOkFfI4nFm0kx8A3Ezh7H.jpg,2000-05-04,False,False,8.2,21622,"Action, Drama, Adventure"
False,/nHRUtBwFNnNN70vcQ7lAsjc2T6S.jpg,"27, 18, 878",447332,A Quiet Place,en,A Quiet Place,A family is forced to live in silence while hiding from creatures that hunt by sound.,29.098,/nAU74GmpUk7t5iklEp3bufwDq4n.jpg,2018-04-03,False,False,7.395,15801,"Horror, Drama, Science Fiction"
False,/hO2jx1H3XafR7Y8QbFgVH1sHTY9.jpg,"27, 53, 35",1198994,Send Help,en,Send Help,"Two colleagues become stranded on a deserted island, the only survivors of a plane crash. On the island, they must overcome past grievances and work together to survive, but ultimately, it's a battle of wills and wits to make it out alive.",32.1014,/zbJWVHOtj3ljBzWgL1P8pxP03Up.jpg,2026-01-22,False,False,7.012,2379,"Horror, Thriller, Comedy"
False,/o4mQHoP8LExn2Q9dn16OGqHvaiK.jpg,"12, 18, 10751",1265,Bridge to Terabithia,en,Bridge to Terabithia,"Jesse Aarons trained all summer to become the fastest runner in school. So he's very upset when newcomer Leslie Burke outruns him and everyone else. Despite this and other differences including that she's rich, he's poor, she's a city girl, and he's a country boy the two become fast friends. Together they create Terabithia, a land of monsters, trolls, ogres, and giants where they rule as king and queen.",29.3748,/ieIoNyJvtwQ6joyG6npTKxnCtGH.jpg,2007-02-15,False,False,7.4,5508,"Adventure, Drama, Family"
False,/3TwUt1vUmbPaUMJSm7luCbDABTB.jpg,"12, 16, 35",1598766,Crayon Shin-chan the Movie: Very Bizarre! My Yokai Vacation,ja,クレヨンしんちゃん 奇々怪々！オラの妖怪バケ～ション,"Shin-chan and his family visit his father's home town of Akita in order to view the Omagari Fireworks Festival. When a strange incident to causes the residents of “Yokai Land” to begin running wild throughout Akita and the rest of Japan, Shin-chan and company are lured to “Yokai Land” for an unusual adventure.",26.5241,/15iwqqJVgFfeFh4Y1f8gg9yi2Fw.jpg,2026-07-31,False,False,0.0,0,"Adventure, Animation, Comedy"
False,/gddUsvfyySrM5k8B8wwJy2VRlBx.jpg,"80, 53, 37",6977,No Country for Old Men,en,No Country for Old Men,"Llewelyn Moss stumbles upon dead bodies, $2 million and a hoard of heroin in a Texas desert, but methodical killer Anton Chigurh comes looking for it, with local sheriff Ed Tom Bell hot on his trail. The roles of prey and predator blur as the violent pursuit of money and justice collide.",28.5817,/6d5XOczc226jECq0LIX0siKtgHR.jpg,2007-11-09,False,False,7.951,13867,"Crime, Thriller, Western"
False,/uzzTystB8lL0mRDII5Sfs5HxgkI.jpg,"35, 12, 14, 16, 10751",10192,Shrek Forever After,en,Shrek Forever After,"A midlife-crisis burdened Shrek, longing for the days of when he felt like a real ogre, makes a pact with magic deal-maker Rumpelstiltskin. But when he's duped and sent to a twisted version of Far Far Away—where Rumpelstiltskin is king, ogres are hunted, and he and Fiona have never met—he sets out to restore his world and reclaim his true love.",31.7307,/6HrfPZtKcGmX2tUWW3cnciZTaSD.jpg,2010-05-16,False,False,6.415,8164,"Comedy, Adventure, Fantasy, Animation, Family"
False,/rj58WQ9ImI0mYDptXdM7euX1Wjt.jpg,"16, 10751, 12, 14",109445,Frozen,en,Frozen,"Young princess Anna of Arendelle dreams about finding true love at her sister Elsa’s coronation. Fate takes her on a dangerous journey in an attempt to end the eternal winter that has fallen over the kingdom. She's accompanied by ice delivery man Kristoff, his reindeer Sven, and snowman Olaf. On an adventure where she will find out what friendship, courage, family, and true love really means.",29.8337,/itAKcobTYGpYT8Phwjd8c9hleTo.jpg,2013-11-20,False,False,7.2,17950,"Animation, Family, Adventure, Fantasy"
False,/nlPCdZlHtRNcF6C9hzUH4ebmV1w.jpg,"35, 18, 10749",313369,La La Land,en,La La Land,"Mia, an aspiring actress, serves lattes to movie stars in between auditions and Sebastian, a jazz musician, scrapes by playing cocktail party gigs in dingy bars, but as success mounts they are faced with decisions that begin to fray the fragile fabric of their love affair, and the dreams they worked so hard to maintain in each other threaten to rip them apart.",29.5806,/uDO8zWDhfWwoFdKS4fzkUJt0Rf0.jpg,2016-12-01,False,False,7.9,18573,"Comedy, Drama, Romance"
False,/quAHqi4zBrB5fIfHvgrqiG4xzAC.jpg,"878, 53, 12",1384216,The Dog Stars,en,The Dog Stars,"After the world's population has been ravaged by a pandemic, a man lives a lonesome existence in a Colorado airplane hangar with his dog and a dour gunman he has befriended. When a mysterious transmission comes through on the radio while he’s flying his old Cessna, it sparks a hunt for the provenance of the sound.",26.8423,/5O616X9vmRzQdB68PHzBewPittd.jpg,2026-08-26,False,False,6.6,307,"Science Fiction, Thriller, Adventure"
False,/bQXAqRx2Fgc46uCVWgoPz5L5Dtr.jpg,"28, 12, 878",436270,Black Adam,en,Black Adam,"Nearly 5,000 years after he was bestowed with the almighty powers of the Egyptian gods—and imprisoned just as quickly—Black Adam is freed from his earthly tomb, ready to unleash his unique form of justice on the modern world.",31.1154,/rCtreCr4xiYEWDQTebybolIh6Xe.jpg,2022-10-19,False,False,6.8,7303,"Action, Adventure, Science Fiction"
False,/AcxbOWUbwtIEDisfuhNGHQNfnMK.jpg,"16, 10751, 35, 878",11544,Lilo & Stitch,en,Lilo & Stitch,"As Stitch, a runaway genetic experiment from a faraway planet, wreaks havoc on the Hawaiian Islands, he becomes the mischievous adopted alien ""puppy"" of an independent little girl named Lilo and learns about loyalty, friendship, and ʻohana, the Hawaiian tradition of family.",30.2233,/cFuLvQJPoZpuruAtN3rVnMmLIH8.jpg,2002-06-21,False,False,7.6,7280,"Animation, Family, Comedy, Science Fiction"
False,/iuRVt8tFiXDPGgzavhuSa3QHRxD.jpg,35,18785,The Hangover,en,The Hangover,"When three friends finally come to after a raucous night of bachelor-party revelry, they find a baby in the closet and a tiger in the bathroom. But they can't seem to locate their best friend, Doug – who's supposed to be tying the knot. Launching a frantic search for Doug, the trio perseveres through a nasty hangover to try to make it to the church on time.",35.4195,/A0uS9rHR56FeBtpjVki16M5xxSW.jpg,2009-06-02,False,False,7.338,18605,Comedy
False,/o1jr0UqVjxIZ1JnFzuVLN4ulWey.jpg,"16, 10751, 35, 12",950,Ice Age: The Meltdown,en,Ice Age: The Meltdown,"Diego, Manny and Sid return in this sequel to the hit animated movie Ice Age. This time around, the deep freeze is over, and the ice-covered earth is starting to melt, which will destroy the trio's cherished valley. The impending disaster prompts them to reunite and warn all the other beasts about the desperate situation.",29.8903,/zDduhCHasKQ9YOTvlOreHem7Wbi.jpg,2006-03-29,False,False,6.7,10585,"Animation, Family, Comedy, Adventure"
False,/g1OvTd1eF346vmx8qsJnjaiooZ6.jpg,"12, 14, 10751",630,The Wizard of Oz,en,The Wizard of Oz,"Young Dorothy finds herself in a magical world where she makes friends with a lion, a scarecrow and a tin man as they make their way along the yellow brick road to talk with the Wizard and ask for the things they miss most in their lives. The Wicked Witch of the West is the only thing that could stop them.",28.0251,/uCC3j4pV9eOZwzDUWp2ilbcTf1f.jpg,1939-08-21,False,False,7.6,6320,"Adventure, Fantasy, Family"
False,/iBfpVJCn2nKSkuWjv1Wp4GTiqoG.jpg,"28, 14",843352,Legend of the White Dragon,en,Legend of the White Dragon,"Forced to hide in the shadows, fugitive hero Erik Reed must clear his name to reunite with his family. Standing in his way is a mysterious villain obsessed with destroying the White Dragon for good.",46.6745,/yygzww0GACtCMmwhtPG1P01qSx5.jpg,2026-08-28,False,False,6.548,31,"Action, Fantasy"
False,/1w8kutrRucTd3wlYyu5QlUDMiG1.jpg,"12, 10751, 16",762509,Mufasa: The Lion King,en,Mufasa: The Lion King,"Mufasa, a cub lost and alone, meets a sympathetic lion named Taka, the heir to a royal bloodline. The chance meeting sets in motion an expansive journey of a group of misfits searching for their destiny.",30.2313,/jbOSUAWMGzGL1L4EaUF8K6zYFo7.jpg,2024-12-18,False,False,7.285,2798,"Adventure, Family, Animation"
False,/5Iw7zQTHVRBOYpA0V6z0yypOPZh.jpg,"12, 28, 878",181808,Star Wars: The Last Jedi,en,Star Wars: The Last Jedi,"Rey develops her newly discovered abilities with the guidance of Luke Skywalker, who is unsettled by the strength of her powers. Meanwhile, the Resistance prepares to do battle with the First Order.",29.8478,/kOVEVeg59E0wsnXmF9nrh6OmWII.jpg,2017-12-13,False,False,6.7,16750,"Adventure, Action, Science Fiction"
False,/hClLP88yMIuhslwSVxtYrvWmxfp.jpg,"28, 35, 80",522627,The Gentlemen,en,The Gentlemen,"American expat Mickey Pearson has built a highly profitable marijuana empire in London. When word gets out that he’s looking to cash out of the business forever it triggers plots, schemes, bribery and blackmail in an attempt to steal his domain out from under him.",31.076,/jtrhTYB7xSrJxR1vusu99nvnZ1g.jpg,2020-01-01,False,False,7.7,6955,"Action, Comedy, Crime"
False,/fIwiFha3WPu5nHkBeMQ4GzEk0Hv.jpg,"28, 12, 878",545611,Everything Everywhere All at Once,en,Everything Everywhere All at Once,"An aging Chinese immigrant is swept up in an insane adventure, where she alone can save what's important to her by connecting with the lives she could have led in other universes.",28.1799,/u68AjlvlutfEIcpmbYpKcdi09ut.jpg,2022-03-24,False,False,7.7,8500,"Action, Adventure, Science Fiction"
False,/zDE9hd1SG9695YncbZGjSf7Z9Jk.jpg,"28, 14",1153576,Street Fighter,en,Street Fighter,"In 1993, estranged Street Fighters Ryu and Ken Masters are thrown back into combat when the mysterious Chun-Li recruits them for the next World Warrior Tournament: a brutal clash of fists, fate, and fury. But behind this battle royale lies a deadly conspiracy that forces them to face off against each other and the demons of their past. And if they don't, it's GAME OVER!",31.5442,/dJPT2Uf12X6aFg8i5N67NTpIZ9t.jpg,2026-10-13,False,False,0.0,0,"Action, Fantasy"
False,/tK3QdOOrX4qEkmSlvrmc8cK7iOU.jpg,"27, 35, 53",1393326,Ghost in the Cell,id,Ghost in the Cell,"In a notorious prison, an invisible force begins killing inmates brutally, compelling enemy gangs and corrupt guards to work together as they try to survive the mounting bloodshed.",29.7032,/zxcMdx0w5Zmg8yZuuiS7CJ8vOea.jpg,2026-04-16,False,False,7.0,88,"Horror, Comedy, Thriller"
False,/bGGjyPqtNc8hhGkPo8W8D8t90bW.jpg,"28, 12, 53",539972,Kraven the Hunter,en,Kraven the Hunter,"Kraven Kravinoff's complex relationship with his ruthless gangster father, Nikolai, starts him down a path of vengeance with brutal consequences, motivating him to become not only the greatest hunter in the world, but also one of its most feared.",29.6892,/1GvBhRxY6MELDfxFrete6BNhBB5.jpg,2024-12-11,False,False,6.41,2541,"Action, Adventure, Thriller"
False,/reK7SgAFlyxg3s9R7neh6M970kh.jpg,"12, 16, 35, 10751",7518,Over the Hedge,en,Over the Hedge,"A scheming raccoon fools a mismatched family of forest creatures into helping him repay a debt of food, by invading the new suburban sprawl that popped up while they were hibernating – and learns a lesson about family himself.",29.5859,/jtZnymorbnHY7mOiBXR14ZDJseM.jpg,2006-05-17,False,False,6.6,5006,"Adventure, Animation, Comedy, Family"
False,/k6ANeyxAfMRi5xhxIXv1Scn9vc2.jpg,"27, 53, 80",934433,Scream VI,en,Scream VI,"Following the latest Ghostface killings, the four survivors leave Woodsboro behind and start a fresh chapter.",29.5157,/wDWwtvkRRlgTiUr6TyLSMX8FCuZ.jpg,2023-03-08,False,False,6.913,3360,"Horror, Thriller, Crime"
False,/5o88bbqcV5STn56jqOeovaaWbAE.jpg,"28, 12, 14",76338,Thor: The Dark World,en,Thor: The Dark World,"Thor fights to restore order across the cosmos… but an ancient race led by the vengeful Malekith returns to plunge the universe back into darkness. Faced with an enemy that even Odin and Asgard cannot withstand, Thor must embark on his most perilous and personal journey yet, one that will reunite him with Jane Foster and force him to sacrifice everything to save us all.",29.4561,/wp6OxE4poJ4G7c0U2ZIXasTSMR7.jpg,2013-10-30,False,False,6.507,18809,"Action, Adventure, Fantasy"
False,/70AV2Xx5FQYj20labp0EGdbjI6E.jpg,"53, 80, 18",637649,Wrath of Man,en,Wrath of Man,"A cold and mysterious new security guard for a Los Angeles cash truck company surprises his co-workers when he unleashes precision skills during a heist. The crew is left wondering who he is and where he came from. Soon, the marksman's ultimate motive becomes clear as he takes dramatic and irrevocable steps to settle a score.",29.4043,/M7SUK85sKjaStg4TKhlAVyGlz3.jpg,2021-04-22,False,False,7.572,6348,"Thriller, Crime, Drama"
False,/r7K6Xt0RX4Mw0cAbZVw5cyb1Tux.jpg,"28, 12, 14",566525,Shang-Chi and the Legend of the Ten Rings,en,Shang-Chi and the Legend of the Ten Rings,Shang-Chi must confront the past he thought he left behind when he is drawn into the web of the mysterious Ten Rings organization.,29.3352,/9f2Q0U3IOsLgrI2HkvldwSABZy5.jpg,2021-09-01,False,False,7.483,10809,"Action, Adventure, Fantasy"
False,/vP7YFt9pP8NPCg4PMBAHO5ILdrQ.jpg,"28, 53",44980,Zero Woman 2,ja,Zero WOMAN ＩＩ　警視庁０課の女,"When a valuable suitcase is stolen, the mob, petty criminals, and a beautiful agent from the Elite Zero division are pulled into a battle to settle the score.",29.3194,/sQHeDjwmBQba8E51Mkp5dvgkzeZ.jpg,1995-09-05,False,False,5.0,8,"Action, Thriller"
False,/uzIGtyS6bbnJzGsPL93WCF1FWm8.jpg,"12, 28, 14",1865,Pirates of the Caribbean: On Stranger Tides,en,Pirates of the Caribbean: On Stranger Tides,"When Jack crosses paths with a woman from his past, he's not sure if it's love...or if she's a ruthless con artist using him to find the fabled Fountain of Youth.",29.2566,/keGfSvCmYj7CvdRx36OdVrAEibE.jpg,2011-05-15,False,False,6.574,15307,"Adventure, Action, Fantasy"
False,/5fX1oSGuYdKgwWmUTAN5MNSQGzr.jpg,"28, 12, 14",209112,Batman v Superman: Dawn of Justice,en,Batman v Superman: Dawn of Justice,"Fearing the actions of a god-like Super Hero left unchecked, Gotham City’s own formidable, forceful vigilante takes on Metropolis’s most revered, modern-day savior, while the world wrestles with what sort of hero it really needs. And with Batman and Superman at war with one another, a new threat quickly arises, putting mankind in greater danger than it’s ever known before.",29.2426,/5UsK3grJvtQrtzEgqNlDljJW96w.jpg,2016-03-23,False,False,6.013,19431,"Action, Adventure, Fantasy"
False,/ggC3Brchf4RqPitEh7cROFoeAWn.jpg,"18, 80",640,Catch Me If You Can,en,Catch Me If You Can,"A true story about Frank Abagnale Jr. who, before his 19th birthday, successfully conned millions of dollars worth of checks as a Pan Am pilot, doctor, and legal prosecutor. An FBI agent makes it his mission to put him behind bars. But Frank not only eludes capture, he revels in the pursuit.",29.2416,/ctjEj2xM32OvBXCq8zAdK3ZrsAj.jpg,2002-12-16,False,False,8.0,17672,"Drama, Crime"
False,/atoIgfAk2Ig2HFJLD0VUnjiPWEz.jpg,"12, 35, 10751, 14",118,Charlie and the Chocolate Factory,en,Charlie and the Chocolate Factory,"A young boy wins a tour through the most magnificent chocolate factory in the world, led by the world's most unusual candy maker.",29.2248,/iKP6wg3c6COUe8gYutoGG7qcPnO.jpg,2005-07-13,False,False,7.0,16446,"Adventure, Comedy, Family, Fantasy"
False,/qGZXYHvWR1TYOU9raCaEABrj9m7.jpg,"16, 10751, 14",10144,The Little Mermaid,en,The Little Mermaid,This colorful adventure tells the story of an impetuous mermaid princess named Ariel who falls in love with the very human Prince Eric and puts everything on the line for the chance to be with him. Memorable songs and characters -- including the villainous sea witch Ursula.,29.219,/plcZXvI310FkbwIptvd6rqk63LP.jpg,1989-11-17,False,False,7.352,8602,"Animation, Family, Fantasy"
False,/5lWIYxYEqWi8j3ZloxXntw3ImBo.jpg,"16, 35, 10751, 14",360920,The Grinch,en,The Grinch,The Grinch hatches a scheme to ruin Christmas when the residents of Whoville plan their annual holiday celebration. But a certain little who might change things.,29.1687,/Al7DMUp8bqUN4JwXVNxfJYyv5cH.jpg,2018-11-08,False,False,6.9,4534,"Animation, Comedy, Family, Fantasy"
False,/w6tPctxWAsHoQXeKxxNOT6lYKpx.jpg,"12, 35, 878",165,Back to the Future Part II,en,Back to the Future Part II,"Marty and Doc are at it again as the time-traveling duo head to 2015 to nip some McFly family woes in the bud. But things go awry thanks to bully Biff Tannen and a pesky sports almanac. In a last-ditch attempt to set things straight, Marty finds himself bound for 1955 and face to face with his teenage parents -- again.",29.1395,/hQq8xZe5uLjFzSBt4LanNP7SQjl.jpg,1989-11-22,False,False,7.784,14367,"Adventure, Comedy, Science Fiction"
False,/7bWxAsNPv9CXHOhZbJVlj2KxgfP.jpg,"27, 53",713704,Evil Dead Rise,en,Evil Dead Rise,"A reunion between two estranged sisters gets cut short by the rise of flesh-possessing demons, thrusting them into a primal battle for survival as they face the most nightmarish version of family imaginable.",29.0923,/5ik4ATKmNtmJU6AYD0bLm56BCVM.jpg,2023-04-12,False,False,6.963,4045,"Horror, Thriller"
False,/gqTz24ZRsCP6AKjARmEivY7m0cK.jpg,"16, 28, 10749, 14",1218925,Chainsaw Man - The Movie: Reze Arc,ja,劇場版 チェンソーマン レゼ篇,"In a brutal war between devils, hunters, and secret enemies, a mysterious girl named Reze has stepped into Denji's world, and he faces his deadliest battle yet, fueled by love in a world where survival knows no rules.",29.0727,/pHyxb2RV5wLlboAwm9ZJ9qTVEDw.jpg,2025-09-19,False,False,8.538,1233,"Animation, Action, Romance, Fantasy"
False,/twsxsfao6ZOVvT8LfudH603MMi6.jpg,"16, 35, 28, 878, 10751",519182,Despicable Me 4,en,Despicable Me 4,"Gru and Lucy and their girls—Margo, Edith and Agnes—welcome a new member to the Gru family, Gru Jr., who is intent on tormenting his dad. Gru also faces a new nemesis in Maxime Le Mal and his femme fatale girlfriend Valentina, forcing the family to go on the run.",29.066,/wWba3TaojhK7NdycRhoQpsG0FaH.jpg,2024-06-20,False,False,6.966,3398,"Animation, Comedy, Action, Science Fiction, Family"
False,/4kbkq887XNT85d6nJonCnmXDWor.jpg,"10749, 14, 35",6435,Practical Magic,en,Practical Magic,"Sally and Gillian Owens, born into a magical family, have mostly avoided witchcraft themselves. But when Gillian's vicious boyfriend, Jimmy Angelov, dies unexpectedly, the Owens sisters give themselves a crash course in hard magic. With policeman Gary Hallet growing suspicious, the girls struggle to resurrect Angelov -- and unwittingly inject his corpse with an evil spirit that threatens to end their family line.",29.0584,/AwmToSgf2IL3aHv0QRVsR5KvChv.jpg,1998-10-16,False,False,6.813,2023,"Romance, Fantasy, Comedy"
False,/aJn9XeesqsrSLKcHfHP4u5985hn.jpg,"878, 12, 28",283995,Guardians of the Galaxy Vol. 2,en,Guardians of the Galaxy Vol. 2,The Guardians must fight to keep their newfound family together as they unravel the mysteries of Peter Quill's true parentage.,29.0505,/y4MBh0EjBlMuOzv9axM4qJlmhzz.jpg,2017-04-25,False,False,7.6,23548,"Science Fiction, Adventure, Action"
False,/k0hlAzTryCYX1O1LyC6P8tAa8s0.jpg,"28, 12, 878",102382,The Amazing Spider-Man 2,en,The Amazing Spider-Man 2,"For Peter Parker, life is busy. Between taking out the bad guys as Spider-Man and spending time with the person he loves, Gwen Stacy, high school graduation cannot come quickly enough. Peter has not forgotten about the promise he made to Gwen’s father to protect her by staying away, but that is a promise he cannot keep. Things will change for Peter when a new villain, Electro, emerges, an old friend, Harry Osborn, returns, and Peter uncovers new clues about his past.",29.0253,/bU7nTmvmy0h3VUP01v1T2imgH6N.jpg,2014-04-16,False,False,6.564,14818,"Action, Adventure, Science Fiction"
False,/jW21PoKwqs79wk6bfiYezox63mK.jpg,"878, 28, 12",18,The Fifth Element,fr,Le Cinquième Élément,"In 2257, a taxi driver is unintentionally given the task of saving a young girl who is part of the key that will ensure the survival of humanity.",28.874,/fPtlCO1yQtnoLHOwKtWz7db6RGU.jpg,1997-05-02,False,False,7.593,12223,"Science Fiction, Action, Adventure"
False,/pbMbDlOAkVuvnxovBA2ENin59xH.jpg,"12, 10751, 14, 10749",447277,The Little Mermaid,en,The Little Mermaid,"The youngest of King Triton’s daughters, and the most defiant, Ariel longs to find out more about the world beyond the sea, and while visiting the surface, falls for the dashing Prince Eric. With mermaids forbidden to interact with humans, Ariel makes a deal with the evil sea witch, Ursula, which gives her a chance to experience life on land, but ultimately places her life – and her father’s crown – in jeopardy.",28.857,/ym1dxyOk4jFcSl4Q2zmRrA5BEEN.jpg,2023-05-18,False,False,6.2,3428,"Adventure, Family, Fantasy, Romance"
False,/7MgDnow9u8wJcaxhPpFEAJLTK2q.jpg,35,330477,Baby Love,it,Baby Love,"A queen has a stepdaughter named Baby Love, whom she wants to sell as a bride to the highest bidder. Four individuals present themselves to the castle to contribute to a kind of auction, but the girl, route to all sexual experiences while still a virgin, prefers to set out and lose virginity with a young knife thrower who is, incidentally, also the queen's lover. Kidnapped, finally, by an actor of avant-garde theater, Baby Love chooses to live with him in a hermitage, while mother and buyers remain with egg on the face?",28.8504,/mSMHfCSmI0XYUbjDFge3Fmg57ON.jpg,1979-01-01,False,False,3.0,7,Comedy
False,/nfNaAiiILjYRc2CKkId1ZfPTtlh.jpg,"18, 10749, 35",1408162,Vishwanath & Sons,ta,விஸ்வநாத் & சன்ஸ்,A celebrated Olympian shooter travels to America looking for a donor to help his sick child — but unexpected romance complicates his search.,28.8417,/mLsvCffzpxxDwC7yVLJSLLjgzoq.jpg,2026-08-14,False,False,7.1,32,"Drama, Romance, Comedy"
False,/zPACwR32amTNvzId9qyapCWXYDJ.jpg,"12, 28",85,Raiders of the Lost Ark,en,Raiders of the Lost Ark,"When Dr. Indiana Jones – the tweed-suited professor who just happens to be a celebrated archaeologist – is hired by the government to locate the legendary Ark of the Covenant, he finds himself up against the entire Nazi regime.",28.8357,/ceG9VzoRAVGwivFU403Wc3AHRys.jpg,1981-06-12,False,False,7.928,14076,"Adventure, Action"
False,/gystuaqp5AkVqqu3Nf0564zeOv4.jpg,"28, 53, 80",926393,The Equalizer 3,en,The Equalizer 3,"Robert McCall finds himself at home in Southern Italy but he discovers his friends are under the control of local crime bosses. As events turn deadly, McCall knows what he has to do: become his friends' protector by taking on the mafia.",28.7601,/b0Ej6fnXAP8fK75hlyi2jKqdhHz.jpg,2023-08-30,False,False,7.3,3956,"Action, Thriller, Crime"
False,/lFIXZpwwlF9hg8NM3RazaIJDuaj.jpg,18,207,Dead Poets Society,en,Dead Poets Society,"At an elite, old-fashioned boarding school in New England, a passionate English teacher inspires his students to rebel against convention and seize the potential of every day, courting the disdain of the stern headmaster.",28.7514,/tNvKkSnnn4Z6RCBThyK1gfCSSvv.jpg,1989-06-02,False,False,8.3,13031,Drama
False,/w5IDXtifKntw0ajv2co7jFlTQDM.jpg,"878, 9648, 12",62,2001: A Space Odyssey,en,2001: A Space Odyssey,"Humanity finds a mysterious object buried beneath the lunar surface and sets off to find its origins with the help of HAL 9000, the world's most advanced super computer.",28.7438,/ve72VxNqjGM69Uky4WTo2bK6rfq.jpg,1968-04-02,False,False,8.0,13025,"Science Fiction, Mystery, Adventure"
False,/6WRrGYalXXveItfpnipYdayFkQB.jpg,"18, 53, 80",1422,The Departed,en,The Departed,"To take down South Boston's Irish Mafia, the police send in one of their own to infiltrate the underworld, not realizing the syndicate has done likewise. While an undercover cop curries favor with the mob kingpin, a career criminal rises through the police ranks. But both sides soon discover there's a mole among them.",28.7021,/nT97ifVT2J1yMQmeq20Qblg61T.jpg,2006-10-04,False,False,8.158,16746,"Drama, Thriller, Crime"
False,/8fnYJPoXxwAN4valDLgz2whMGTH.jpg,"35, 10751, 12",772,Home Alone 2: Lost in New York,en,Home Alone 2: Lost in New York,"Instead of flying to Florida with his folks, Kevin ends up alone in New York, where he gets a hotel room with his dad's credit card—despite problems from a clerk and meddling bellboy. But when Kevin runs into his old nemeses, the Wet Bandits, he's determined to foil their plans to rob a toy store on Christmas Eve.",28.6609,/uuitWHpJwxD1wruFl2nZHIb4UGN.jpg,1992-11-15,False,False,6.795,10951,"Comedy, Family, Adventure"
False,/2spEHYDcyE9r9mS7AFEscfKVDzO.jpg,"878, 18, 53",78,Blade Runner,en,Blade Runner,"In the smog-choked dystopian Los Angeles of 2019, blade runner Rick Deckard is called out of retirement to terminate a quartet of replicants who have escaped to Earth seeking their creator for a way to extend their short life spans.",28.6472,/63N9uy8nd9j7Eog2axPQ8lbr3Wj.jpg,1982-06-25,False,False,7.9,15490,"Science Fiction, Drama, Thriller"
False,/clFFCapyGpE7KD4Jsu5pUbFBZF4.jpg,"28, 53, 18",359410,Road House,en,Road House,"Ex-UFC fighter Dalton takes a job as a bouncer at a Florida Keys roadhouse, only to discover that this paradise is not all it seems.",28.606,/fDEdtS4P0gJsxHDIt8dG8TR5dx1.jpg,2024-03-08,False,False,6.935,3275,"Action, Thriller, Drama"
False,/cjZ7No0DX2L3ielLSoUOMYPw7C.jpg,"27, 35",1124620,The Monkey,en,The Monkey,"When twin brothers find a mysterious wind-up monkey, a series of outrageous deaths tear their family apart. Twenty-five years later, the monkey begins a new killing spree forcing the estranged brothers to confront the cursed toy.",28.5955,/aGDekyIb0yfmnuLZciCozRPk2TE.jpg,2025-02-10,False,False,5.987,1483,"Horror, Comedy"
False,/8AAuJtCzaibYkbE0QVHc8EBsELB.jpg,"14, 28, 12, 16, 10751",82702,How to Train Your Dragon 2,en,How to Train Your Dragon 2,"Five years after uniting the dragons and Vikings of Berk, Hiccup and Toothless soar beyond their homeland, charting the vast unknown. During one of their adventures, the pair discover a secret cave that houses hundreds of wild dragons—and a mysterious dragon rider with a startling connection to Hiccup. And as the ruthless conqueror Drago Bludvist rises to seize control of both dragons and people alike, Hiccup must step into his role as a true leader and, alongside his friends and Toothless, protect Berk from a devastating war.",28.5726,/d13Uj86LdbDLrfDoHR5aDOFYyJC.jpg,2014-06-05,False,False,7.684,10716,"Fantasy, Action, Adventure, Animation, Family"
False,/lUqBGngYLKomteGQrwM6gd89uEM.jpg,"12, 53",390062,Jungle,en,Jungle,"In 1981, an enthusiastic young adventurer follows his dreams into the Bolivian Amazon jungle with two friends and a guide with a mysterious past. Their journey quickly turns into a terrifying ordeal as the darkest elements of human nature and the deadliest threats of the wilderness lead to an all-out fight for survival.",28.5501,/tDgxknTVwrScxpCYyGUjXSn5NRk.jpg,2017-06-27,False,False,6.738,2313,"Adventure, Thriller"
False,/5fxTB08O7CW1hAcN2MWOKodp1h1.jpg,"18, 35",615777,Babylon,en,Babylon,"A tale of outsized ambition and outrageous excess, tracing the rise and fall of multiple characters in an era of unbridled decadence and depravity during Hollywood's transition from silent films to sound films in the late 1920s.",28.5376,/wjOHjWCUE0YzDiEzKv8AfqHj3ir.jpg,2022-12-22,False,False,7.341,3967,"Drama, Comedy"
False,/5mzr6JZbrqnqD8rCEvPhuCE5Fw2.jpg,"28, 878, 27",615656,Meg 2: The Trench,en,Meg 2: The Trench,An exploratory dive into the deepest depths of the ocean of a daring research team spirals into chaos when a malevolent mining operation threatens their mission and forces them into a high-stakes battle for survival.,28.5188,/4m1Au3YkjqsxF8iwQy0fPYSxE0h.jpg,2023-08-02,False,False,6.3,4143,"Action, Science Fiction, Horror"
False,/mabuNsGJgRuCTuGqjFkWe1xdu19.jpg,"28, 12, 16, 10751",260513,Incredibles 2,en,Incredibles 2,"Elastigirl springs into action to save the day, while Mr. Incredible faces his greatest challenge yet – taking care of the problems of his three children.",28.4925,/9lFKBtaVIhP7E2Pk0IY1CwTKTMZ.jpg,2018-06-14,False,False,7.452,14000,"Action, Adventure, Animation, Family"
False,/bz7pwNGCbV576COsDcYN9MbEACC.jpg,"28, 53, 12",370172,No Time to Die,en,No Time to Die,"Bond has left active service and is enjoying a tranquil life in Jamaica. His peace is short-lived when his old friend Felix Leiter from the CIA turns up asking for help. The mission to rescue a kidnapped scientist turns out to be far more treacherous than expected, leading Bond onto the trail of a mysterious villain armed with dangerous new technology.",28.3624,/iUgygt3fscRoKWCV1d0C7FbM9TP.jpg,2021-09-29,False,False,7.3,7443,"Action, Thriller, Adventure"
False,/raph7qjAGTMXaIjVxt6ZDSXRzUr.jpg,"28, 878, 12",786892,Furiosa: A Mad Max Saga,en,Furiosa: A Mad Max Saga,"As the world falls, young Furiosa is snatched from the Green Place of Many Mothers into the hands of a great biker horde led by the warlord Dementus. Sweeping through the wasteland, they encounter the citadel presided over by Immortan Joe. The two tyrants wage war for dominance, and Furiosa must survive many trials as she puts together the means to find her way home.",28.3606,/iADOJ8Zymht2JPMoy3R7xceZprc.jpg,2024-05-22,False,False,7.4,5250,"Action, Science Fiction, Adventure"
False,/wvlIoof1FnKPLv9jAYanuP31V0C.jpg,"878, 28, 53",87101,Terminator Genisys,en,Terminator Genisys,"The year is 2029. John Connor, leader of the resistance continues the war against the machines. At the Los Angeles offensive, John's fears of the unknown future begin to emerge when TECOM spies reveal a new plot by SkyNet that will attack him from both fronts; past and future, and will ultimately change warfare forever.",28.3351,/oZRVDpNtmHk8M1VYy1aeOWUXgbC.jpg,2015-06-23,False,False,5.962,9223,"Science Fiction, Action, Thriller"
False,/zpEWFNqoN8Qg1SzMMHmaGyOBTdW.jpg,"53, 80, 35",1054867,One Battle After Another,en,One Battle After Another,"Washed-up revolutionary Bob exists in a state of stoned paranoia, surviving off-grid with his spirited, self-reliant daughter, Willa. When his evil nemesis resurfaces after 16 years and she goes missing, the former radical scrambles to find her, father and daughter both battling the consequences of his past.",28.3168,/lbBWwxBht4JFP5PsuJ5onpMqugW.jpg,2025-09-23,False,False,7.3,4364,"Thriller, Crime, Comedy"
False,/gQsjbxdjJUam7buy4U2TpVTiGSO.jpg,35,1288059,I Want Your Sex,en,I Want Your Sex,"When a naive young man becomes the sexual muse for a renowned and provocative artist, his dream job quickly turns dangerous as he is drawn into an obsessive world of power, betrayal, and murder.",28.3038,/pR7SIX3AwqdoD96OI44oLG98e7g.jpg,2026-07-29,False,False,6.08,100,Comedy
False,/tOqIwliWMovSIZ9DyvHcHI7p2im.jpg,"28, 12, 18",558449,Gladiator II,en,Gladiator II,"Years after witnessing the death of the revered hero Maximus at the hands of his uncle, Lucius is forced to enter the Colosseum after his home is conquered by the tyrannical Emperors who now lead Rome with an iron fist. With rage in his heart and the future of the Empire at stake, Lucius must look to his past to find strength and honor to return the glory of Rome to its people.",28.2786,/2cxhvwyEwRlysAmRH4iodkvo0z5.jpg,2024-11-13,False,False,6.6,4795,"Action, Adventure, Drama"
False,/bdD39MpSVhKjxarTxLSfX6baoMP.jpg,"10752, 18, 36",857,Saving Private Ryan,en,Saving Private Ryan,"As U.S. troops storm the beaches of Normandy, three brothers lie dead on the battlefield, with a fourth trapped behind enemy lines. Ranger captain John Miller and seven men are tasked with penetrating German-held territory and bringing the boy home.",28.2425,/uqx37cS8cpHg8U35f9U5IBlrCV3.jpg,1998-07-24,False,False,8.233,17881,"War, Drama, History"
False,/cF3H9pyUF6dsvqlYUcH0TyBAMTG.jpg,"12, 16, 10751",105864,The Good Dinosaur,en,The Good Dinosaur,An epic journey into the world of dinosaurs where an Apatosaurus named Arlo makes an unlikely human friend.,28.2032,/8RSkxOO80btfKjyiC5ZiTaCHIT8.jpg,2015-11-14,False,False,6.8,6181,"Adventure, Animation, Family"
False,/acvE3RWjDLgvbL2RtcyzkrsAyNV.jpg,"80, 36, 18",466420,Killers of the Flower Moon,en,Killers of the Flower Moon,"When oil is discovered in 1920s Oklahoma under Osage Nation land, the Osage people are murdered one by one—until the FBI steps in to unravel the mystery.",28.1909,/dB6Krk806zeqd0YNp2ngQ9zXteH.jpg,2023-10-18,False,False,7.391,4385,"Crime, History, Drama"
False,/dd31qJxOarrHyGZwYsCzOjobQzP.jpg,"28, 53",1380291,Tom Clancy's Jack Ryan: Ghost War,en,Tom Clancy's Jack Ryan: Ghost War,"Jack Ryan is reluctantly pulled back into espionage when an international covert mission unravels a deadly conspiracy. Racing against time, he joins CIA allies Mike November & James Greer and sharp MI6 officer Emma Marlowe to battle a rogue black-ops unit in a high-stakes, deeply personal fight.",28.1855,/8ehYxUh5MWE41AeE9gkHE8DKzvB.jpg,2026-05-20,False,False,6.9,800,"Action, Thriller"
False,/yaExZh6qE2cfyK3o4kAMEq0mkgy.jpg,"18, 9648, 878",1124,The Prestige,en,The Prestige,"A mysterious story of two magicians whose intense rivalry leads them on a life-long battle for supremacy -- full of obsession, deceit and jealousy with dangerous and deadly consequences.",28.166,/Ag2B2KHKQPukjH7WutmgnnSNurZ.jpg,2006-10-19,False,False,8.2,18242,"Drama, Mystery, Science Fiction"
False,/6h7w8R4BA7vubEmEEW5vYEjuoz6.jpg,"18, 53",1317288,Marty Supreme,en,Marty Supreme,"Marty Mauser, a young man with a dream no one respects, goes to hell and back in pursuit of greatness.",28.1033,/lYWEXbQgRTR4ZQleSXAgRbxAjvq.jpg,2025-12-19,False,False,7.4,2261,"Drama, Thriller"
False,/6LVSrgm83UYWlrLTCVGmWhFKYO0.jpg,"27, 53, 18",474350,It Chapter Two,en,It Chapter Two,"27 years after overcoming the malevolent supernatural entity Pennywise, the former members of the Losers' Club, who have grown up and moved away from Derry, are brought back together by a devastating phone call.",28.0353,/zfE0R94v1E8cuKAerbskfD3VfUt.jpg,2019-09-04,False,False,6.826,9900,"Horror, Thriller, Drama"
False,/rOmUuQEZfPXglwFs5ELLLUDKodL.jpg,"28, 12, 35, 14",845781,Red One,en,Red One,"After Santa Claus (codename: Red One) is kidnapped, the North Pole's Head of Security must team up with the world's most infamous tracker in a globe-trotting, action-packed mission to save Christmas.",27.9915,/cdqLnri3NEGcmfnqwk2TSIYtddg.jpg,2024-10-31,False,False,6.947,3189,"Action, Adventure, Comedy, Fantasy"
False,/aDnCTWpWMHcQxOeGWsITmoLuEGy.jpg,"16, 35, 10751, 14, 27",9297,Monster House,en,Monster House,"Monsters under the bed are scary enough, but what happens when an entire house is out to get you? Three teens aim to find out when they go up against a decrepit neighboring home and unlock its frightening secrets.",27.9799,/zCRPr4bkO3ae0U1134vJ39xZnAG.jpg,2006-06-30,False,False,6.725,4499,"Animation, Comedy, Family, Fantasy, Horror"
False,/4HWAQu28e2yaWrtupFPGFkdNU7V.jpg,"35, 80, 9648",546554,Knives Out,en,Knives Out,"When renowned crime novelist Harlan Thrombey is found dead at his estate just after his 85th birthday, the inquisitive and debonair Detective Benoit Blanc is mysteriously enlisted to investigate. From Harlan's dysfunctional family to his devoted staff, Blanc sifts through a web of red herrings and self-serving lies to uncover the truth behind Harlan's untimely death.",27.9326,/pThyQovXQrw2m0s9x82twj48Jq4.jpg,2019-11-27,False,False,7.8,14602,"Comedy, Crime, Mystery"
False,/8FHQFJGCuIuSQ8hC7Iyrd8fPdy7.jpg,"27, 9648, 53",591634,False Positive,en,False Positive,"After months of trying and failing to get pregnant, Lucy and Adrian finally find their dream fertility doctor in the illustrious Dr. Hindle. But after becoming pregnant with a healthy baby girl, Lucy begins to notice something sinister through Hindle's gleaming charm, and she sets out to uncover the unsettling truth about him.",27.9087,/3HSov8EW2fI3oQbUJxOvnf684ej.jpg,2021-06-18,False,False,5.549,205,"Horror, Mystery, Thriller"
False,/71FjlP0qZPc1iymcHf8u5vXfH50.jpg,"16, 10751",73723,The Lorax,en,The Lorax,"A 12-year-old boy searches for the one thing that will enable him to win the affection of the girl of his dreams. To find it he must discover the story of the Lorax, the grumpy yet charming creature who fights to protect his world.",27.8941,/tePFnZFw5JvjwjQjaKkqDPNMLPU.jpg,2012-03-01,False,False,6.5,4005,"Animation, Family"
False,/uNLIMPxknsV4n3IAEDpS1iqF5dm.jpg,"14, 18, 10749",162,Edward Scissorhands,en,Edward Scissorhands,A small suburban town receives a visit from a castaway unfinished science experiment named Edward.,27.8801,/e0FqKFvGPdQNWG8tF9cZBtev9Em.jpg,1990-12-07,False,False,7.7,14091,"Fantasy, Drama, Romance"
False,/lqxxwTRk0l7CubY6JkJdhnwJEkn.jpg,"18, 10749",331482,Little Women,en,Little Women,Four sisters come of age in America in the aftermath of the Civil War.,27.8554,/yn5ihODtZ7ofn8pDYfxCmxh8AXI.jpg,2019-12-25,False,False,7.841,7034,"Drama, Romance"
False,/y3zUOMWRoI2vC4ck2GBJyFWhzyA.jpg,"35, 10751, 10749",9820,The Parent Trap,en,The Parent Trap,"Hallie Parker and Annie James are identical twins who were separated at a young age due to their parents' divorce. Unbeknownst to their parents, the girls are sent to the same summer camp, where they meet, discover the truth about their relationship, and come up with a plan to switch places in an effort to reunite their mother and father.",27.825,/p4dGmi8u9W0HHyVXcgWPoiFfKTF.jpg,1998-07-28,False,False,7.2,4674,"Comedy, Family, Romance"
False,/xcjJ5khg2yzOa282mza39Lbrm7j.jpg,27,9552,The Exorcist,en,The Exorcist,"When a mysterious entity possesses a young girl, her mother seeks the help of two Catholic priests to save her life.",27.8233,/5x0CeVHJI8tcDx8tUUwYHQSNILq.jpg,1973-12-26,False,False,7.7,8921,Horror
False,/eHaazLxM5LRMh0ySkVy7SK6wUWt.jpg,"12, 28, 878",101299,The Hunger Games: Catching Fire,en,The Hunger Games: Catching Fire,"After surviving the Hunger Games, Katniss and Peeta struggle with the consequences of their victory as unrest spreads across Panem. Forced back into the spotlight, they become symbols of hope and resistance while the Capitol prepares a new and deadly challenge that will change the future of the nation forever.",27.8163,/vrQHDXjVmbYzadOXQ0UaObunoy2.jpg,2013-11-15,False,False,7.424,18868,"Adventure, Action, Science Fiction"
False,/4DZxWNSAyksN6N3JkvpJ53Yq6zU.jpg,"28, 18, 878",263115,Logan,en,Logan,"In the near future, a weary Logan cares for an ailing Professor X in a hideout on the Mexican border. But Logan's attempts to hide from the world and his legacy are upended when a young mutant arrives, pursued by dark forces.",27.8097,/fnbjcRDYn6YviCcePDnGdyAkYsB.jpg,2017-02-28,False,False,7.82,20923,"Action, Drama, Science Fiction"
False,/feSiISwgEpVzR1v3zv2n2AU4ANJ.jpg,"878, 12, 28",609681,The Marvels,en,The Marvels,"When her duties send her to an anomalous wormhole linked to a Kree revolutionary, Carol's powers become entangled with that of Jersey City super-fan Kamala Khan, aka Ms. Marvel, and Carol's estranged niece, now S.A.B.E.R. astronaut Captain Monica Rambeau. Together, this unlikely trio must team up and learn to work in concert to save the universe.",27.6756,/9GBhzXMFjgcZ3FdR9w3bUMMTps5.jpg,2023-11-08,False,False,5.902,3679,"Science Fiction, Adventure, Action"
False,/uIpJPDNFoeX0TVml9smPrs9KUVx.jpg,"27, 9648",574475,Final Destination Bloodlines,en,Final Destination Bloodlines,"Plagued by a violent recurring nightmare, college student Stefanie heads home to track down the one person who might be able to break the cycle and save her family from the grisly demise that inevitably awaits them all.",27.6536,/6WxhEvFsauuACfv8HyoVX6mZKFj.jpg,2025-05-14,False,False,7.0,3162,"Horror, Mystery"
False,/ehzI1mVcnHqB58NqPyQwpMqcVoz.jpg,"28, 80, 53",168259,Furious 7,en,Furious 7,Deckard Shaw seeks revenge against Dominic Toretto and his family for his comatose brother.,27.6355,/ktofZ9Htrjiy0P6LEowsDaxd3Ri.jpg,2015-04-01,False,False,7.21,11536,"Action, Crime, Thriller"
False,/5rARlA8beRAVXPYzSaF2NoS8Ry5.jpg,"16, 35, 10751, 14",76492,Hotel Transylvania,en,Hotel Transylvania,"Welcome to Hotel Transylvania, Dracula's lavish five-stake resort, where monsters and their families can live it up and no humans are allowed. One special weekend, Dracula has invited all his best friends to celebrate his beloved daughter Mavis's 118th birthday. For Dracula catering to all of these legendary monsters is no problem but the party really starts when one ordinary guy stumbles into the hotel and changes everything!",27.6195,/eJGvzGrsfe2sqTUPv5IwLWXjVuR.jpg,2012-09-20,False,False,6.971,9402,"Animation, Comedy, Family, Fantasy"
False,/8zLS8p1tRyWFLRFfmgQq0j5WE6z.jpg,"12, 28, 14",564,The Mummy,en,The Mummy,Dashing legionnaire Rick O'Connell stumbles upon the hidden ruins of Hamunaptra while in the midst of a battle to claim the area in 1920s Egypt. It has been over three thousand years since former High Priest Imhotep suffered a fate worse than death as a punishment for a forbidden love—along with a curse that guarantees eternal doom upon the world if he is ever awoken.,27.6005,/yhIsVvcUm7QxzLfT6HW2wLf5ajY.jpg,1999-04-16,False,False,6.998,10462,"Adventure, Action, Fantasy"
False,/xEY0MV2jSQBz9iOJfCFvLTiPGMA.jpg,"53, 80",75656,Now You See Me,en,Now You See Me,An FBI agent and an Interpol detective track a team of illusionists who pull off bank heists during their performances and reward their audiences with the money.,27.5706,/tWsNYbrqy1p1w6K9zRk0mSchztT.jpg,2013-05-29,False,False,7.324,17198,"Thriller, Crime"
False,/1A7s8zG4PF6YoJrncrTO6N4r0Sx.jpg,"27, 53, 878",1400940,Clayface,en,Clayface,"Matt Hagen's meteoric rise from Gotham street kid to Hollywood leading man is tragically cut short when a local crime boss's actions leave him horribly disfigured. Abandoned by his team and with nothing left, Matt seeks out a cutting edge treatment that miraculously returns him to his former self… but also unexpectedly affects his grip on reality, spiraling him down a destructive path of all-consuming revenge.",27.5631,/5jCpQnWPikggmQZoDp1eAi6BI6w.jpg,2026-10-21,False,False,0.0,0,"Horror, Thriller, Science Fiction"
False,/mu930fAteJp5tqiXZbxiONTBPnK.jpg,"36, 18",1165366,De Gaulle: Résistance,fr,La bataille de Gaulle - partie 1 : L'âge de fer,"June, 1940. France collapses and signs the armistice. In the midst of the chaos, one man refuses to give up. Alone against the odds, this unknown general flees to London to save what remains of freedom.",27.466,/4ri8KO5i7ldQiS3807KXn6awQEs.jpg,2026-06-03,False,False,7.8,226,"History, Drama"
False,/uU1Mt4JWhDvl4vKb3AfxNsorkoM.jpg,"10751, 14, 10749",321612,Beauty and the Beast,en,Beauty and the Beast,A live-action adaptation of Disney's version of the classic tale of a cursed prince and a beautiful young woman who helps him break the spell.,27.4565,/hKegSKIDep2ewJWPUQD7u0KqFIp.jpg,2017-03-16,False,False,6.967,16196,"Family, Fantasy, Romance"
False,/l7asYmqOad01F2u0oCMM8nQjoEP.jpg,"28, 53, 80",87513,Motor City,en,Motor City,"In 1970s Detroit, John Miller falls for a local gangster's girl and lands in prison for a crime he didn't commit. With his life ruined, Miller plots revenge against the man who took his girl away.",27.4293,/rKws4iqKhrzWHVLHnwtMnCpEHhF.jpg,2026-07-23,False,False,6.206,124,"Action, Thriller, Crime"
False,/z7noaCJ4KtmhwHw7QcNtnMMo4Qy.jpg,"28, 53, 80",345887,The Equalizer 2,en,The Equalizer 2,"Robert McCall, who serves an unflinching justice for the exploited and oppressed, embarks on a relentless, globe-trotting quest for vengeance when his former partner is murdered.",27.4225,/cQvc9N6JiMVKqol3wcYrGshsIdZ.jpg,2018-07-19,False,False,6.795,6205,"Action, Thriller, Crime"
False,/5a7lMDn3nAj2ByO0X1fg6BhUphR.jpg,"12, 28, 878",333339,Ready Player One,en,Ready Player One,"When the creator of a popular video game system dies, a virtual contest is created to compete for his fortune.",27.4212,/pU1ULUq8D3iRxl1fdX2lZIzdHuI.jpg,2018-03-28,False,False,7.585,17444,"Adventure, Action, Science Fiction"
False,/iffzIhuLAO38Po6sh1s6ZEVwlNL.jpg,"28, 80",24,Kill Bill: Vol. 1,en,Kill Bill: Vol. 1,"An assassin is shot by her ruthless employer, Bill, and other members of their assassination circle – but she lives to plot her vengeance.",27.3865,/v7TaX8kXMXs5yFFGR41guUDNcnB.jpg,2003-10-10,False,False,7.969,19520,"Action, Crime"
False,/mIpCxBWNz6SHCQBe2K2PFr5MB7f.jpg,"16, 10751, 35, 14",62211,Monsters University,en,Monsters University,A look at the relationship between Mike and Sulley during their days at Monsters University — when they weren't necessarily the best of friends.,27.3831,/y7thwJ7z5Bplv6vwl6RI0yteaDD.jpg,2013-06-19,False,False,7.1,11587,"Animation, Family, Comedy, Fantasy"
False,/ZPcC5hJh21QiW0jmhMQhZeSoGu.jpg,"28, 12",652,Troy,en,Troy,"In year 1250 B.C. during the late Bronze age, two emerging nations begin to clash. Paris, the Trojan prince, convinces Helen, Queen of Sparta, to leave her husband Menelaus, and sail with him back to Troy. After Menelaus finds out that his wife was taken by the Trojans, he asks his brother Agamemnon to help him get her back. Agamemnon sees this as an opportunity for power. They set off with 1,000 ships holding 50,000 Greeks to Troy.",27.3813,/a07wLy4ONfpsjnBqMwhlWTJTcm.jpg,2004-05-13,False,False,7.192,11587,"Action, Adventure"
False,/r9leYNa8nTRCceZrZhP1DXkgKVb.jpg,"27, 9648, 878",1091,The Thing,en,The Thing,A research team in Antarctica is hunted by a shape-shifting alien that assumes the appearance of its victims.,27.317,/tzGY49kseSE9QAKk47uuDGwnSCu.jpg,1982-06-25,False,False,8.1,8323,"Horror, Mystery, Science Fiction"
False,/1wi1hcbl6KYqARjdQ4qrBWZdiau.jpg,"35, 80, 28",1035259,The Naked Gun,en,The Naked Gun,"Only one man has the particular set of skills... to lead Police Squad and save the world: Lt. Frank Drebin Jr. Following in his father's footsteps, he must solve a murder case to prevent Police Squad from closure.",27.2152,/rwla9vqzrKVVKVKiOuROTIXGsxj.jpg,2025-07-30,False,False,6.346,2020,"Comedy, Crime, Action"
False,/6Ybbh8TrO8bkEfQXDedekLwVDfA.jpg,"16, 35, 10751, 12",8355,Ice Age: Dawn of the Dinosaurs,en,Ice Age: Dawn of the Dinosaurs,"Times are changing for Manny the moody mammoth, Sid the motor mouthed sloth and Diego the crafty saber-toothed tiger. Life heats up for our heroes when they meet some new and none-too-friendly neighbors – the mighty dinosaurs.",27.1877,/cXOLaxcNjNAYmEx1trZxOTKhK3Q.jpg,2009-06-26,False,False,6.8,9108,"Animation, Comedy, Family, Adventure"
False,/uXgWbwxmCW6XZ3ylRThk9Sqhwwq.jpg,"878, 27, 14",1159831,The Bride!,en,The Bride!,A lonely Frankenstein travels to 1930s Chicago to ask groundbreaking scientist Dr. Euphronious to create a companion for him. The two revive a murdered young woman and The Bride is born. But what ensues is beyond what either of them imagined.,27.1813,/lV8YHwGkYZsm6EfIqnhaSz2avKt.jpg,2026-03-04,False,False,6.1,679,"Science Fiction, Horror, Fantasy"
False,/rJP8rrfbWPYgpNqwHSHQ5wlBpIm.jpg,"27, 53, 878",170,28 Days Later,en,28 Days Later,"Twenty-eight days after a killer virus was accidentally unleashed from a British research facility, a small group of London survivors are caught in a desperate struggle to protect themselves from the infected. Carried by animals and humans, the virus turns those it infects into homicidal maniacs -- and it's absolutely impossible to contain.",27.174,/sQckQRt17VaWbo39GIu0TMOiszq.jpg,2002-10-31,False,False,7.244,8947,"Horror, Thriller, Science Fiction"
False,/hCxxOJojCUFyuahDx167glJgp7E.jpg,"28, 53, 18",1368,First Blood,en,First Blood,"When former Green Beret John Rambo is harassed by local law enforcement and arrested for vagrancy, he is forced to flee into the mountains and wage an escalating one-man war against his pursuers.",27.0628,/a9sa6ERZCpplbPEO7OMWE763CLD.jpg,1982-10-22,False,False,7.5,7153,"Action, Thriller, Drama"
False,/sHI9xlFRWCJ38AIIfOqnGjuEvXz.jpg,"27, 53",948,Halloween,en,Halloween,"Fifteen years after murdering his sister on Halloween Night 1963, Michael Myers escapes from a mental hospital and returns to the small town of Haddonfield, Illinois to kill again.",27.0605,/wijlZ3HaYMvlDTPqJoTCWKFkCPU.jpg,1978-10-24,False,False,7.6,6406,"Horror, Thriller"
False,/9hk5iiycq7ukRAAXQiJT9HZX3SX.jpg,"12, 878, 53",507086,Jurassic World Dominion,en,Jurassic World Dominion,"Four years after Isla Nublar was destroyed, dinosaurs now live—and hunt—alongside humans all over the world. This fragile balance will reshape the future and determine, once and for all, whether human beings are to remain the apex predators on a planet they now share with history's most fearsome creatures.",27.0428,/jbAvCACjLf1ZG0unB2tdmx5HAf1.jpg,2022-06-01,False,False,6.586,7325,"Adventure, Science Fiction, Thriller"
False,/sra8XnL96OyLHENcglmZJg6HA8z.jpg,"12, 28, 53",954,Mission: Impossible,en,Mission: Impossible,"When Ethan Hunt, the leader of a crack espionage team whose perilous operation has gone awry with no explanation, discovers that a mole has penetrated the CIA, he's surprised to learn that he's the prime suspect. To clear his name, Hunt now must ferret out the real double agent and, in the process, even the score.",27.0286,/l5uxY5m5OInWpcExIpKG6AR3rgL.jpg,1996-05-22,False,False,7.032,10336,"Adventure, Action, Thriller"
False,/9X7Im1YuBhyHYVD8r7CAONPJR5k.jpg,"28, 878, 12",68726,Pacific Rim,en,Pacific Rim,"Using massive piloted robots to combat the alien threat, Earth's survivors take the fight to the invading alien force lurking in the depths of the Pacific Ocean. Nearly defenseless in the face of the relentless enemy, the forces of mankind have no choice but to turn to two unlikely heroes who now stand as Earth's final hope against the mounting apocalypse.",27.0242,/8wo4eN8dWKaKlxhSvBz19uvj8gA.jpg,2013-07-11,False,False,6.95,13885,"Action, Science Fiction, Adventure"
False,/ko7hMSCtXoJFfpYAIbrowwgH0eq.jpg,"10751, 14, 35",252,Willy Wonka & the Chocolate Factory,en,Willy Wonka & the Chocolate Factory,"When eccentric candy man Willy Wonka promises a lifetime supply of sweets and a tour of his chocolate factory to five lucky kids, penniless Charlie Bucket seeks the golden ticket that will make him a winner.",26.9777,/vmpsZkrs4Uvkp9r1atL8B3frA63.jpg,1971-06-29,False,False,7.5,4111,"Family, Fantasy, Comedy"
False,/fypydCipcWDKDTTCoPucBsdGYXW.jpg,"878, 12, 28",653346,Kingdom of the Planet of the Apes,en,Kingdom of the Planet of the Apes,"Several generations following Caesar's reign, apes – now the dominant species – live harmoniously while humans have been reduced to living in the shadows. As a new tyrannical ape leader builds his empire, one young ape undertakes a harrowing journey that will cause him to question all he's known about the past and to make choices that will define a future for apes and humans alike.",26.7485,/gKkl37BQuKTanygYQG1pyYgLVgf.jpg,2024-05-08,False,False,7.045,4500,"Science Fiction, Adventure, Action"
False,/5En0fmDagt3Pk8d7P3uTwfeQceg.jpg,"18, 35, 36",490132,Green Book,en,Green Book,"Tony Lip, a bouncer in 1962, is hired to drive pianist Don Shirley on a tour through the Deep South in the days when African Americans, forced to find alternate accommodations and services due to segregation laws below the Mason-Dixon Line, relied on a guide called The Negro Motorist Green Book.",26.7283,/7BsvSuDQuoqhWmU2fL7W2GOcZHU.jpg,2018-11-16,False,False,8.2,13334,"Drama, Comedy, History"
False,/9nzfyiYbmTUXWC4B2kwjl4NAlqO.jpg,"28, 53",1318447,Apex,en,Apex,A grieving woman pushing her limits on a solo adventure in the Australian wild is ensnared in a twisted game with a cunning killer who thinks she's prey.,26.7064,/eTp7gSPkSF3Aw79mNx1NkBP1PZT.jpg,2026-04-24,False,False,6.894,1982,"Action, Thriller"
False,/jsoz1HlxczSuTx0mDl2h0lxy36l.jpg,"14, 28, 35",616037,Thor: Love and Thunder,en,Thor: Love and Thunder,"After his retirement is interrupted by Gorr the God Butcher, a galactic killer who seeks the extinction of the gods, Thor Odinson enlists the help of King Valkyrie, Korg, and ex-girlfriend Jane Foster, who now wields Mjolnir as the Mighty Thor. Together they embark upon a harrowing cosmic adventure to uncover the mystery of the God Butcher’s vengeance and stop him before it’s too late.",26.7028,/pIkRyD18kl4FhoCNQuWxWu5cBLM.jpg,2022-07-06,False,False,6.4,9025,"Fantasy, Action, Comedy"
False,/46Os8U0DEPmI0OnvKDxucl6SLVZ.jpg,27,1008042,Talk to Me,en,Talk to Me,"When a group of friends discover how to conjure spirits using an embalmed hand, they become hooked on the new thrill, until one of them goes too far and unleashes terrifying supernatural forces.",26.6787,/kdPMUMJzyYAc4roD52qavX0nLIC.jpg,2023-07-26,False,False,7.143,4023,Horror
False,/yF1eOkaYvwiORauRCPWznV9xVvi.jpg,"28, 878, 12",298618,The Flash,en,The Flash,"When his attempt to save his family inadvertently alters the future, Barry Allen becomes trapped in a reality in which General Zod has returned and there are no Super Heroes to turn to. In order to save the world that he is in and return to the future that he knows, Barry's only hope is to race for his life. But will making the ultimate sacrifice be enough to reset the universe?",26.6707,/rktDFPbfHfUbArZ6OOOKsXcv0Bm.jpg,2023-06-13,False,False,6.6,5305,"Action, Science Fiction, Adventure"
False,/qAzYK4YPSWDc7aa4R43LcwRIAyb.jpg,"28, 12, 878",299537,Captain Marvel,en,Captain Marvel,"The story follows Carol Danvers as she becomes one of the universe’s most powerful heroes when Earth is caught in the middle of a galactic war between two alien races. Set in the 1990s, Captain Marvel is an all-new adventure from a previously unseen period in the history of the Marvel Cinematic Universe.",26.6343,/AtsgWhDnHTq68L0lLsUrCnM7TjG.jpg,2019-03-06,False,False,6.769,17223,"Action, Adventure, Science Fiction"
False,/aRsmRuomE4vIGNUPIGLrp9ojM5a.jpg,"878, 28, 80, 14, 53",813418,Hot Spot,en,Hot Spot,"Set in a near future society ruled by sentient A.I., a private eye investigates a murder case only to discover a rebel group capable of undermining the digital overlord. As the detective's identity slowly unravels, his world enters a state of hypnotic meltdown.",26.6158,/42egzT6e4CIEdrEo4Xc31DKyGjA.jpg,2026-08-21,False,False,4.451,41,"Science Fiction, Action, Crime, Fantasy, Thriller"
False,/cDJ61O1STtbWNBwefuqVrRe3d7l.jpg,"12, 14, 28",10195,Thor,en,Thor,"Against his father Odin's will, The Mighty Thor - a powerful but arrogant warrior god - recklessly reignites an ancient war. Thor is cast down to Earth and forced to live among humans as punishment. Once here, Thor learns what it takes to be a true hero when the most dangerous villain of his world sends the darkest forces of Asgard to invade Earth.",26.4873,/prSfAi1xGrhLQNxVSUFh61xQ4Qy.jpg,2011-04-27,False,False,6.772,22895,"Adventure, Fantasy, Action"
False,/wQoe0j7ZDk7LWexC0XhwkK4brIb.jpg,"12, 16, 10751, 35, 878",278154,Ice Age: Collision Course,en,Ice Age: Collision Course,"Set after the events of Continental Drift, Scrat's epic pursuit of his elusive acorn catapults him outside of Earth, where he accidentally sets off a series of cosmic events that transform and threaten the planet. To save themselves from peril, Manny, Sid, Diego, and the rest of the herd leave their home and embark on a quest full of thrills and spills, highs and lows, laughter and adventure while traveling to exotic new lands and locations.",26.4393,/tFzUkdhPOForVrEfvxydXfPLrZR.jpg,2016-06-23,False,False,6.1,5003,"Adventure, Animation, Family, Comedy, Science Fiction"
False,/8MUZz7oPXQftFTslZpRP3CVMOoq.jpg,"18, 878, 9648",329865,Arrival,en,Arrival,"Taking place after alien crafts land around the world, an expert linguist is recruited by the military to determine whether they come in peace or are a threat.",25.6217,/pEzNVQfdzYDzVK0XqxERIw2x2se.jpg,2016-11-10,False,False,7.6,19983,"Drama, Science Fiction, Mystery"
False,/7jaNOECZG8uS1tlq69HsY5xY8P9.jpg,"28, 10752, 36",855,Black Hawk Down,en,Black Hawk Down,"When U.S. Rangers and an elite Delta Force team attempt to kidnap two underlings of a Somali warlord, their Black Hawk helicopters are shot down, and the Americans suffer heavy casualties, facing intense fighting from the militia on the ground.",26.9545,/7fU5dSqKRL4XHeEUz62rCKBfYok.jpg,2001-12-28,False,False,7.402,6640,"Action, War, History"
False,/wZS4xSfPtk1NPQnx9zsT5R2WhCu.jpg,"16, 35, 80, 878, 10751",438148,Minions: The Rise of Gru,en,Minions: The Rise of Gru,"A fanboy of a supervillain supergroup known as the Vicious 6, Gru hatches a plan to become evil enough to join them, with the backup of his followers, the Minions.",25.3493,/wKiOkZTN9lUUUNZLmtnwubZYONg.jpg,2022-06-29,False,False,7.3,4205,"Animation, Comedy, Crime, Science Fiction, Family"
False,/yBv9RxlWPXRCvjMFsrmB1pxwWo6.jpg,"53, 12, 28",27578,The Expendables,en,The Expendables,"Barney Ross leads a band of highly skilled mercenaries including knife enthusiast Lee Christmas, a martial arts expert Yin Yang, heavy weapons specialist Hale Caesar, demolitionist Toll Road, and a loose-cannon sniper Gunner Jensen. When the group is commissioned by the mysterious Mr. Church to assassinate the dictator of a small South American island, Barney and Lee visit the remote locale to scout out their opposition and discover the true nature of the conflict engulfing the city.",26.4555,/j09ZkH6R4JWVylBcDai1laCmGw7.jpg,2010-08-07,False,False,6.3,8504,"Thriller, Adventure, Action"
False,/lMRX4cLx4hxYth3iQ96c0E1RHGB.jpg,"28, 35",11770,Shaolin Soccer,cn,少林足球,A young Shaolin follower reunites with his discouraged brothers to form a soccer team using their martial art skills to their advantage.,23.1827,/z6ZQqwoxWy9muIxwUP4K2zWw7BU.jpg,2001-07-05,False,False,7.223,2676,"Action, Comedy"
False,/q7vmCCmyiHnuKGMzHZlr0fD44b9.jpg,"10749, 14, 10751, 18",150689,Cinderella,en,Cinderella,"When her father unexpectedly passes away, young Ella finds herself at the mercy of her cruel stepmother and her daughters. Never one to give up hope, Ella's fortunes begin to change after meeting a dashing stranger in the woods.",25.0634,/j91LJmcWo16CArFOoapsz84bwxb.jpg,2015-03-06,False,False,6.825,7524,"Romance, Fantasy, Family, Drama"
False,/xuLA0pii2IMJW2puT7EvJtgpg0H.jpg,"28, 12, 10751, 35",675353,Sonic the Hedgehog 2,en,Sonic the Hedgehog 2,"After settling in Green Hills, Sonic is eager to prove he has what it takes to be a true hero. His test comes when Dr. Robotnik returns, this time with a new partner, Knuckles, in search for an emerald that has the power to destroy civilizations. Sonic teams up with his own sidekick, Tails, and together they embark on a globe-trotting journey to find the emerald before it falls into the wrong hands.",24.7534,/6DrHO1jr3qVrViUO6s6kFiAGM7.jpg,2022-03-30,False,False,7.4,6042,"Action, Adventure, Family, Comedy"
False,/m8JTwHFwX7I7JY5fPe4SjqejWag.jpg,"28, 12, 878",640146,Ant-Man and the Wasp: Quantumania,en,Ant-Man and the Wasp: Quantumania,"Super-Hero partners Scott Lang and Hope van Dyne, along with with Hope's parents Janet van Dyne and Hank Pym, and Scott's daughter Cassie Lang, find themselves exploring the Quantum Realm, interacting with strange new creatures and embarking on an adventure that will push them beyond the limits of what they thought possible.",25.722,/qnqGbB22YJ7dSs4o6M7exTpNxPz.jpg,2023-02-15,False,False,6.208,6156,"Action, Adventure, Science Fiction"
False,/fbxZeJEcyf76oEQIGmotlclwmiH.jpg,"16, 10751, 12, 878",15512,Monsters vs Aliens,en,Monsters vs Aliens,"When Susan Murphy is unwittingly clobbered by a meteor full of outer space gunk on her wedding day, she mysteriously grows to 49-feet-11-inches. The military jumps into action and captures Susan, secreting her away to a covert government compound. She is renamed Ginormica and placed in confinement with a ragtag group of Monsters...",25.3374,/hpHarddVj34j53T7NsoUGdKj4mP.jpg,2009-03-19,False,False,6.273,5151,"Animation, Family, Adventure, Science Fiction"
False,/cTGeY2fdf0eLubvEFZAGcr2PfLZ.jpg,"35, 10751, 14",10330,Freaky Friday,en,Freaky Friday,"Mother and daughter bicker over everything -- what Anna wears, whom she likes and what she wants to do when she's older. In turn, Anna detests Tess's fiancé. When a magical fortune cookie switches their personalities, they each get a peek at how the other person feels, thinks and lives.",25.6539,/y6kn3tUb4qrNZvV4TDIIjskZ9eV.jpg,2003-08-05,False,False,6.59,4383,"Comedy, Family, Fantasy"
False,/cCvp5Sni75agCtyJkNOMapORUQV.jpg,"28, 80, 18",111,Scarface,en,Scarface,"After getting a green card in exchange for assassinating a Cuban government official, Tony Montana stakes a claim on the drug trade in Miami. Viciously murdering anyone who stands in his way, Tony eventually becomes the biggest drug lord in the state, controlling nearly all the cocaine that comes through Miami. But increased pressure from the police, wars with Colombian drug cartels and his own drug-fueled paranoia serve to fuel the flames of his eventual downfall.",24.659,/iQ5ztdjvteGeboxtmRdXEChJOHh.jpg,1983-12-09,False,False,8.2,13524,"Action, Crime, Drama"
False,/jK65srQczOKTpW62wPxwwKztGgE.jpg,"35, 18",120467,The Grand Budapest Hotel,en,The Grand Budapest Hotel,"The Grand Budapest Hotel tells of a legendary concierge at a famous European hotel between the wars and his friendship with a young employee who becomes his trusted protégé. The story involves the theft and recovery of a priceless Renaissance painting, the battle for an enormous family fortune and the slow and then sudden upheavals that transformed Europe during the first half of the 20th century.",27.1681,/eWdyYQreja6JGCzqHWXpWHDrrPo.jpg,2014-02-26,False,False,8.0,16580,"Comedy, Drama"
False,/hEQYZq2CDB2LSJVxxlazdBOKeyW.jpg,"37, 18, 12",281957,The Revenant,en,The Revenant,"In the 1820s, a frontiersman, Hugh Glass, sets out on a path of vengeance against those who left him for dead after a bear mauling.",27.2406,/ji3ecJphATlVgWNY0B0RVXZizdf.jpg,2015-12-25,False,False,7.5,19795,"Western, Drama, Adventure"
False,/gd9kxeEEONj5SECs4GA8Ddn3czI.jpg,"16, 28, 14, 12",980477,Ne Zha 2,zh,哪吒之魔童闹海,"After a catastrophic event leaves their bodies destroyed, Ne Zha and Ao Bing are granted a fragile second chance at life. As tensions rise between the dragon clans and celestial forces, the two must undergo a series of perilous trials that will test their bond, challenge their identities, and decide the fate of both mortals and immortals.",25.6097,/293Mo4GWf7Tl0TfAr5NFghqeMy7.jpg,2025-01-29,False,False,8.2,845,"Animation, Action, Fantasy, Adventure"
False,/7y8zWGEjs7tresw4Hzkkf4TdkcL.jpg,"27, 10749",1564614,Leviticus,en,Leviticus,Two teenage boys must escape a violent entity that takes the form of the person they desire most:  each other.,25.0216,/gnAsZvBygplNpp8PtjoTEYv3VPB.jpg,2026-06-17,False,False,6.763,573,"Horror, Romance"
False,/i4ZougHEyBAboDpi6jsaTUDTjUl.jpg,"14, 53, 28, 12, 27",282035,The Mummy,en,The Mummy,"Though safely entombed in a crypt deep beneath the unforgiving desert, an ancient queen whose destiny was unjustly taken from her is awakened in our current day, bringing with her malevolence grown over millennia, and terrors that defy human comprehension.",25.2487,/zxkY8byBnCsXodEYpK8tmwEGXBI.jpg,2017-06-06,False,False,5.5,7831,"Fantasy, Thriller, Action, Adventure, Horror"
False,/hwwFyowfcbLRVmRBOkvnABBNIOs.jpg,"12, 16, 35, 10751",9487,A Bug's Life,en,A Bug's Life,"On behalf of ""oppressed bugs everywhere,"" an inventive ant named Flik hires a troupe of warrior bugs to defend his bustling colony from a horde of freeloading grasshoppers led by the evil-minded Hopper.",24.9704,/Ah3J9OJVc2CNCuH2zMydXy9fmIC.jpg,1998-11-25,False,False,6.984,9951,"Adventure, Animation, Comedy, Family"
False,/8ohobj5lAIbl5XWw11FywS3IRrS.jpg,"16, 35, 10751, 14, 10749",809,Shrek 2,en,Shrek 2,"Happily ever after never seemed so far far away when a trip to meet the in-laws turns into a hilariously twisted adventure for Shrek and Fiona. With the help of ever-faithful Donkey, Shrek takes on the potion-brewing Fairy Godmother, pompous Prince Charming, and infamous ogre-killer Puss In Boots.",25.666,/2yYP0PQjG8zVqturh1BAqu2Tixl.jpg,2004-05-19,False,False,7.3,13848,"Animation, Comedy, Family, Fantasy, Romance"
False,/bckxSN9ueOgm0gJpVJmPQrecWul.jpg,"28, 12, 14",572802,Aquaman and the Lost Kingdom,en,Aquaman and the Lost Kingdom,"Black Manta seeks revenge on Aquaman for his father's death. Wielding the Black Trident's power, he becomes a formidable foe. To defend Atlantis, Arthur (Aquaman) forges an alliance with his imprisoned brother. They must protect the kingdom.",25.7731,/7lTnXOy0iNtBAdRP3TZvaKJ77F6.jpg,2023-12-20,False,False,6.5,3696,"Action, Adventure, Fantasy"
False,/3ffPx9jqg0yj9y1KWeagT7D20CB.jpg,"16, 35, 12, 28, 10751",1011985,Kung Fu Panda 4,en,Kung Fu Panda 4,"Po is gearing up to become the spiritual leader of his Valley of Peace, but also needs someone to take his place as Dragon Warrior. As such, he will train a new kung fu practitioner for the spot and will encounter a villain called the Chameleon who conjures villains from the past.",24.2128,/kDp1vUBnMpe8ak4rjgl3cLELqjU.jpg,2024-03-02,False,False,7.0,3708,"Animation, Comedy, Adventure, Action, Family"
False,/qVgLMRVNB5bHU0inmRa0ueShacN.jpg,"28, 12, 878",131634,The Hunger Games: Mockingjay - Part 2,en,The Hunger Games: Mockingjay - Part 2,"As the war between the Capitol and the districts reaches its peak, Katniss Everdeen embarks on a perilous mission to liberate Panem and confront President Snow. Joined by a team of trusted allies, she navigates deadly traps, shifting loyalties, and the heavy cost of rebellion, determined to bring freedom to her people and end the Hunger Games once and for all.",25.7564,/lImKHDfExAulp16grYm8zD5eONE.jpg,2015-11-18,False,False,6.9,13649,"Action, Adventure, Science Fiction"
False,/gklkxY0veMajdCiGe6ggsh07VG2.jpg,"10751, 35, 12, 16",940551,Migration,en,Migration,"After a migrating duck family alights on their pond with thrilling tales of far-flung places, the Mallard family embarks on a family road trip, from New England, to New York City, to tropical Jamaica.",25.7519,/ldfCF9RhR40mppkzmftxapaHeTo.jpg,2023-12-06,False,False,7.4,2333,"Family, Comedy, Adventure, Animation"
False,/mufF1aYvwdpKerhq5R1YrVcbJLY.jpg,"27, 53, 9648",539,Psycho,en,Psycho,"When larcenous real estate clerk Marion Crane goes on the lam with a wad of cash and hopes of starting a new life, she ends up at the notorious Bates Motel, where manager Norman Bates cares for his housebound mother.",25.7488,/yz4QVqPx3h1hD1DfqqQkCq3rmxW.jpg,1960-06-22,False,False,8.406,11319,"Horror, Thriller, Mystery"
False,/mfgNUnFB25BNIwe9iPJ17cUN64S.jpg,"10749, 35",1433367,One Night Only,en,One Night Only,Two love-starved strangers crash into each other on the one night of the year when single people are allowed to have sex.,25.7417,/f1v8IcYcQggeq1N0unoMJMrzTd9.jpg,2026-08-06,False,False,6.389,185,"Romance, Comedy"
False,/4mlS1MitcOqdPLhxEFyk9Qwf5rr.jpg,"16, 18, 10751, 12",260514,Cars 3,en,Cars 3,"Blindsided by a new generation of blazing-fast racers, the legendary Lightning McQueen finds himself pushed to the brink—and suddenly, the champion who once ruled the track is fighting just to stay in the race. With his career hanging in the balance, McQueen must turn to an ambitious young race technician with a plan of her own, draw strength from the legacy of the late Fabulous Hudson Hornet, and risk everything on one last shot at glory.",25.7318,/zg5RDxvIIAKsucjuU2EZJIHEIvz.jpg,2017-06-15,False,False,6.865,6624,"Animation, Drama, Family, Adventure"
False,/cvH1gNIMRITdLzoWv1HNAbRyH3n.jpg,"35, 10749",2105,American Pie,en,American Pie,"At a high-school party, four friends find that losing their collective virginity isn't as easy as they had thought. But they still believe that they need to do so before college. To motivate themselves, they enter a pact to all ""score"" by their senior prom.",25.7286,/5P68by2Thn8wHAziyWGEw2O7hco.jpg,1999-07-09,False,False,6.63,8631,"Comedy, Romance"
False,/eDLp4uFdqP1gpy9oMrutwH6Q64I.jpg,"18, 53, 27",44214,Black Swan,en,Black Swan,"A committed dancer struggles to maintain her sanity after winning the lead role in a production of Tchaikovsky's ""Swan Lake.""",25.7232,/viWheBd44bouiLCHgNMvahLThqx.jpg,2010-12-03,False,False,7.683,15951,"Drama, Thriller, Horror"
False,/iYdgEUE2W2aJkgqfSjf1x3gFfuV.jpg,"28, 12, 878",363088,Ant-Man and the Wasp,en,Ant-Man and the Wasp,"Just when his time under house arrest is about to end, Scott Lang once again puts his freedom at risk to help Hope van Dyne and Dr. Hank Pym dive into the quantum realm and try to accomplish, against time and any chance of success, a very dangerous rescue mission.",25.6863,/cFQEO687n1K6umXbInzocxcnAQz.jpg,2018-07-04,False,False,6.894,14578,"Action, Adventure, Science Fiction"
False,/2lBOQK06tltt8SQaswgb8d657Mv.jpg,"10752, 18, 36",530915,1917,en,1917,"At the height of the First World War, two young British soldiers must cross enemy territory and deliver a message that will stop a deadly attack on hundreds of soldiers.",25.6796,/iZf0KyrE25z1sage4SYFLCCrMi9.jpg,2019-12-25,False,False,7.982,13987,"War, Drama, History"
False,/zkThiZAaAie8Lw7RAc5yPTOewBV.jpg,"14, 16, 10751",8392,My Neighbor Totoro,ja,となりのトトロ,"Two sisters move to the country with their father in order to be closer to their hospitalized mother, and discover the surrounding trees are inhabited by Totoros, magical spirits of the forest. When the youngest runs away from home, the older sister seeks help from the spirits to find her.",25.6464,/rtGDOeG9LzoerkDGZF9dnVeLppL.jpg,1988-04-16,False,False,8.1,9148,"Fantasy, Animation, Family"
False,/ux7BN6umUCGRXBSE75a4yheJRTO.jpg,"18, 10749",791128,Youngest Sister Class,ko,막장자매 클라쓰,"Lim Da-yeong, the older sister, intercepted the lover of her younger sister, Lim Da-jeong, who is Yoon Tae-jin. As if this were not enough, Da-yeong imprisoned her younger sister in a mental hospital and lived a happy married life with Tae-jin. Then one day, the Da-jeong escapes from the mental hospital and conspires with helper Jo Yong-hwan, who is her ward friend, to exact cruel revenge on her older sister and her former lover. Both Da-yeong and Tae-jin endure Da-jeong's bloody kidnapping, domesticated slave life and harsh punishments. They look for opportunities to escape with a scary plot in their hearts.  What will be the ending for these crazy sisters?",25.6073,/ce29t67HRvnOwjEHuDaUByPnJXR.jpg,2020-05-01,False,False,4.6,8,"Drama, Romance"
False,/wyvUmyzqGOBDyqLHRSukGDjI7bH.jpg,18,50014,The Help,en,The Help,"Aibileen Clark is a middle-aged African-American maid who has spent her life raising white children and has recently lost her only son; Minny Jackson is an African-American maid who has often offended her employers despite her family's struggles with money and her desperate need for jobs; and Eugenia ""Skeeter"" Phelan is a young white woman who has recently moved back home after graduating college to find out her childhood maid has mysteriously disappeared. These three stories intertwine to explain how life in Jackson, Mississippi revolves around ""the help""; yet they are always kept at a certain distance because of racial lines.",25.5477,/3kmfoWWEc9Vtyuaf9v5VipRgdjx.jpg,2011-08-09,False,False,8.2,9331,Drama
False,/dF6FjTZzRTENfB4R17HDN20jLT2.jpg,"12, 878, 53",135397,Jurassic World,en,Jurassic World,"Twenty-two years after the events of Jurassic Park, Isla Nublar now features a fully functioning dinosaur theme park, Jurassic World, as originally envisioned by John Hammond.",25.5451,/rhr4y79GpxQF9IsfJItRXVaoGs4.jpg,2015-06-06,False,False,6.703,21978,"Adventure, Science Fiction, Thriller"
False,/qx9ts2hBYJrkIQxhryitxnLlm2u.jpg,"12, 16, 10751, 14",62177,Brave,en,Brave,"In the mystical Scottish Highlands, Merida is the princess of a kingdom ruled by King Fergus and Queen Elinor. An unruly daughter and an accomplished archer, Merida one day defies a sacred custom of the land and inadvertently brings turmoil to the kingdom. In an attempt to set things right, Merida seeks out an eccentric old Wise Woman and is granted an ill-fated wish.",25.5237,/1XAuDtMWpL0sYSFK0R6EZate2Ux.jpg,2012-06-21,False,False,7.036,14489,"Adventure, Animation, Family, Fantasy"
False,/2IIKts2A9vnUdM9tTC76B8tDmuZ.jpg,27,1151031,Bring Her Back,en,Bring Her Back,"Following the death of their father, a brother and sister are sent to live with a foster mother, only to learn that she is hiding a terrifying secret.",25.5229,/1Q3GlCXGYWELifxANYZ5OVMRVZl.jpg,2025-05-19,False,False,7.3,1993,Horror
False,/9PRKAdrDvAdCfg3EcApLTfzGsEt.jpg,"878, 35, 12",696506,Mickey 17,en,Mickey 17,"Unlikely hero Mickey Barnes finds himself in the extraordinary circumstance of working for an employer who demands the ultimate commitment to the job… to die, for a living.",25.5101,/edKpE9B5qN3e559OuMCLZdW1iBZ.jpg,2025-02-28,False,False,6.82,4050,"Science Fiction, Comedy, Adventure"
False,/i1yf91svRHX45l9BXL8rVFzLoPH.jpg,"27, 53, 12",578,Jaws,en,Jaws,"When the seaside community of Amity finds itself under attack by a dangerous great white shark, the town's chief of police, a young marine biologist, and a grizzled shark hunter embark on a desperate quest to kill the beast before it strikes again.",25.5,/lxM6kqilAdpdhqUl2biYp5frUxE.jpg,1975-06-20,False,False,7.687,11915,"Horror, Thriller, Adventure"
False,/9lYpkcO7WuruOXB2mn8ppC6Ecaq.jpg,"35, 10749",9489,You've Got Mail,en,You've Got Mail,Book superstore magnate Joe Fox and independent book shop owner Kathleen Kelly fall in love in the anonymity of the Internet—both blissfully unaware that he's trying to put her out of business.,25.485,/rJLUSpmdxSMqqEsyzeCni3vy1ca.jpg,1998-12-18,False,False,6.7,3777,"Comedy, Romance"
False,/rQaHA74pevnGsxcKGaoZVGWe9TC.jpg,"16, 10751, 18, 10402, 14",508442,Soul,en,Soul,"Joe Gardner is a middle school teacher with a love for jazz music. After a successful audition at the Half Note Club, he suddenly gets into an accident that separates his soul from his body and is transported to the You Seminar, a center in which souls develop and gain passions before being transported to a newborn child. Joe must enlist help from the other souls-in-training, like 22, a soul who has spent eons in the You Seminar, in order to get back to Earth.",25.4306,/hm58Jw4Lw8OIeECIq5qyPYhAeRJ.jpg,2020-12-25,False,False,8.1,11795,"Animation, Family, Drama, Music, Fantasy"
False,/gl0jzn4BupSbL2qMVeqrjKkF9Js.jpg,"12, 14, 16",128,Princess Mononoke,ja,もののけ姫,"Ashitaka, a prince of the disappearing Emishi people, is cursed by a demonized boar god and must journey to the west to find a cure. Along the way, he encounters San, a young human woman fighting to protect the forest, and Lady Eboshi, who is trying to destroy it. Ashitaka must find a way to bring balance to this conflict.",25.4248,/cMYCDADoLKLbB83g4WnJegaZimC.jpg,1997-07-12,False,False,8.3,9362,"Adventure, Fantasy, Animation"
False,/vJbEUMeI2AxBUZKjP6ZVeVNNTLh.jpg,"28, 53, 35",749170,Heads of State,en,Heads of State,"The UK Prime Minister and US President have a public rivalry that risks their countries' alliance. But when they become targets of a powerful enemy, they're forced to rely on each other as they go on a wild, multinational run. Allied with Noel, a brilliant MI6 agent, they must find a way to thwart a conspiracy that threatens the free world.",23.8839,/lVgE5oLzf7ABmzyASEVcjYyHI41.jpg,2025-06-24,False,False,6.813,1164,"Action, Thriller, Comedy"
False,/27jtaS1oCiLK5Y7P6iOXG2yj1Nc.jpg,27,968051,The Nun II,en,The Nun II,"In 1956 France, a priest is violently murdered, and Sister Irene begins to investigate. She once again comes face-to-face with a powerful evil.",24.8822,/5gzzkR7y3hnY8AD1wXjCnVlHba5.jpg,2023-09-06,False,False,6.6,2601,Horror
False,/1m1c5gIWWkb1FEC9lzsoXHhhs7b.jpg,"18, 36, 10752",197,Braveheart,en,Braveheart,"Enraged at the slaughter of Murron, his new bride and childhood love, Scottish warrior William Wallace slays a platoon of the local English lord's soldiers. This leads the village to revolt and, eventually, the entire country to rise up against English rule.",24.1476,/or1gBugydmjToAEq7OZY0owwFk.jpg,1995-05-24,False,False,7.945,11502,"Drama, History, War"
False,/wPSOPYy2fV62GjeXpVdKyweZGZu.jpg,53,1727780,Borderline,en,Borderline,"Convinced they are our secret saviors, rogue U.S. operatives abduct Mexican gang members and seed them across major American cities, unleashing criminal chaos, swaying voters by playing on nativist prejudices, and forcing law enforcement into a race to expose the plot as the escalating carnage threatens democracy itself.",25.7217,/sAA2mjpYJFAKydtzG4P4aHC4mZk.jpg,2026-07-17,False,False,6.0,16,Thriller
False,/ykA6EZ1sONECr1z7a5j7BEzdwYy.jpg,18,27449,Baby Face,en,Baby Face,"A young woman uses her body and her sexuality to help her climb the social ladder, but soon begins to wonder if her new status will ever bring her happiness.",30.6504,/ul4BLZAXepOQRwUtORmvEpZ4KW4.jpg,1933-07-13,False,False,7.2,163,Drama
False,/stmYfCUGd8Iy6kAMBr6AmWqx8Bq.jpg,"28, 878, 35, 10751",454626,Sonic the Hedgehog,en,Sonic the Hedgehog,"Powered with incredible speed, Sonic The Hedgehog embraces his new home on Earth. That is, until Sonic sparks the attention of super-uncool evil genius Dr. Robotnik. Now it’s super-villain vs. super-sonic in an all-out race across the globe to stop Robotnik from using Sonic’s unique power for world domination.",25.5919,/aQvJ5WPzZgYVDrxLX4R6cLJCEaQ.jpg,2020-02-12,False,False,7.266,10619,"Action, Science Fiction, Comedy, Family"
False,/iXXPaQPfQowpQ5UvhsHLj9BgFhe.jpg,"27, 878",126889,Alien: Covenant,en,Alien: Covenant,"The crew of the colony ship Covenant, bound for a remote planet on the far side of the galaxy, discovers what they think is an uncharted paradise but is actually a dark, dangerous world.",24.6193,/zecMELPbU5YMQpC81Z8ImaaXuf9.jpg,2017-05-09,False,False,6.2,9733,"Horror, Science Fiction"
False,/xlDUjb0Q5Dv6jPQRF5VE4IMjIy.jpg,"18, 80",311,Once Upon a Time in America,en,Once Upon a Time in America,"A former Prohibition-era Jewish gangster returns to the Lower East Side of Manhattan over thirty years later, where he once again must confront the ghosts and regrets of his old life.",26.2106,/i0enkzsL5dPeneWnjl1fCWm6L7k.jpg,1984-05-23,False,False,8.4,6255,"Drama, Crime"
False,/nzSjTiecdosBfwMGAdpt9CxltCI.jpg,27,377,A Nightmare on Elm Street,en,A Nightmare on Elm Street,"Teenagers in a small town are dropping like flies, apparently in the grip of mass hysteria causing their suicides. A cop's daughter, Nancy Thompson, traces the cause to child molester Fred Krueger, who was burned alive by angry parents many years before. Krueger has now come back in the dreams of his killers' children, claiming their lives as his revenge. Nancy and her boyfriend, Glen, must devise a plan to lure the monster out of the realm of nightmares and into the real world...",25.2653,/wGTpGGRMZmyFCcrY2YoxVTIBlli.jpg,1984-11-09,False,False,7.355,5988,Horror
False,/gJbTXKNTL6O7r7PzF6ZRkJGBlPp.jpg,"27, 9648, 53",493922,Hereditary,en,Hereditary,"Following the death of the Leigh family matriarch, Annie and her children uncover disturbing secrets about their heritage. Their daily lives are not only impacted, but they also become entangled in a chilling fate from which they cannot escape, driving them to the brink of madness.",22.489,/4GFPuL14eXi66V96xBWY73Y9PfR.jpg,2018-06-07,False,False,7.3,8972,"Horror, Mystery, Thriller"
False,/z9ft5HYHzWcasR6SGcgeluxTznB.jpg,"16, 35, 10751, 10402",335797,Sing,en,Sing,A koala named Buster recruits his best friend to help him drum up business for his theater by hosting a singing competition.,24.9404,/rwopfpHqPCYBSgBuZwkaXXqHp14.jpg,2016-11-23,False,False,7.1,8609,"Animation, Comedy, Family, Music"
False,/i5E9H7Ik0u61ylDDTbmUpTL3Yw.jpg,"878, 12",1170608,Dune: Part Three,en,Dune: Part Three,"Nearly two decades after he seized control of the Imperium, Paul Atreides is now a ruthless Emperor, and must face the consequences of his reign as old allies return, terrifying new threats emerge, and betrayal lurks in every shadow. Haunted by visions of Imperial collapse and the reappearance of his long-lost love, Paul is drawn into a sweeping conspiracy, with Chani at the heart of its unfolding mystery. As enemies close in, Paul must confront the true cost of power and the fate of those he loves the most.",24.0375,/d43fvHQsIMa4kpyhKXw0haEJIvI.jpg,2026-12-15,False,False,0.0,0,"Science Fiction, Adventure"
False,/6TjllWT3cGrPFyqDXurVZ3L8bBi.jpg,"9648, 53, 18",745,The Sixth Sense,en,The Sixth Sense,"Following an unexpected tragedy, child psychologist Malcolm Crowe meets a nine year old boy named Cole Sear, who is hiding a dark secret.",24.8005,/vOyfUXNFSnaTk7Vk5AjpsKTUWsu.jpg,1999-08-06,False,False,7.956,13413,"Mystery, Thriller, Drama"
False,/jJJQ1PPXUEchqyZ9YyWzgSNU39Z.jpg,"28, 80, 53",581528,"The Gangster, the Cop, the Devil",ko,악인전,"After barely surviving a brutal attack by a sadistic serial killer, crime boss Jang Dong-su is left humiliated. Determined to catch the killer known as K, he forms an uneasy alliance with Jung Tae-seok, a relentless and incorruptible detective who often disrupts his illegal business. However, while Jang Dong-su wants K dead, Jung Tae-suk is determined to bring him to justice. With a deal in place—whoever finds K first will decide his fate—the hunt begins, blurring the lines between crime and law.",24.0438,/oHlM4abRm6BzrRcz9Nup1uidw9H.jpg,2019-05-15,False,False,7.9,1591,"Action, Crime, Thriller"
False,/7QirCB1o80NEFpQGlQRZerZbQEp.jpg,"10749, 18",1156594,Our Fault,es,Culpa nuestra,"Jenna and Lion's wedding brings about the long-awaited reunion between Noah and Nick after their breakup. Nick's inability to forgive Noah stands as an insurmountable barrier. He, heir to his grandfather's businesses, and she, starting her professional life, resist fueling a flame that's still alive. But now that their paths have crossed again, will love be stronger than resentment?",26.1182,/yzqHt4m1SeY9FbPrfZ0C2Hi9x1s.jpg,2025-10-15,False,False,7.369,758,"Romance, Drama"
False,/oJ1MIABA0WF0a7MDVQnnMvBdex8.jpg,"27, 35",567609,Ready or Not,en,Ready or Not,A young bride's wedding night turns into her worst nightmare when her ridiculously rich in-laws force her to play a gruesome game of hide-and-seek.,24.7906,/oJD9KQFoObZmxAS1je56SIFVNJt.jpg,2019-08-21,False,False,7.1,5936,"Horror, Comedy"
False,/jtOvTVlkF8TlaOq94oNXRc9u2yp.jpg,"12, 16, 10751, 14",5255,The Polar Express,en,The Polar Express,"When a doubting young boy takes an extraordinary train ride to the North Pole, he embarks on a journey of self-discovery that shows him that the wonder of life never fades for those who believe.",24.3646,/eOoCzH0MqeGr2taUZO4SwG416PF.jpg,2004-11-10,False,False,6.728,7069,"Adventure, Animation, Family, Fantasy"
False,/lRbDyjI7HEaXxflFQbYpqHRGFBJ.jpg,"9648, 80, 53",505026,Death on the Nile,en,Death on the Nile,Belgian sleuth Hercule Poirot's Egyptian vacation aboard a glamorous river steamer turns into a terrifying search for a murderer when a picture-perfect couple's idyllic honeymoon is tragically cut short.,24.0818,/kVr5zIAFSPRQ57Y1zE7KzmhzdMQ.jpg,2022-02-09,False,False,6.405,4393,"Mystery, Crime, Thriller"
False,/AaABt75ZzfMGrscUR2seabz4PEX.jpg,"28, 12, 14",297762,Wonder Woman,en,Wonder Woman,An Amazon princess comes to the world of Man in the grips of the First World War to confront the forces of evil and bring an end to human conflict.,25.144,/v4ncgZjG2Zu8ZW5al1vIZTsSjqX.jpg,2017-05-30,False,False,7.2,21270,"Action, Adventure, Fantasy"
False,/yBDvgpyynDsbMyK21FoQu1c2wYR.jpg,"9648, 80, 53",870028,The Accountant²,en,The Accountant²,"When an old acquaintance is murdered, Wolff is compelled to solve the case. Realizing more extreme measures are necessary, Wolff recruits his estranged and highly lethal brother, Brax, to help. In partnership with Marybeth Medina, they uncover a deadly conspiracy, becoming targets of a ruthless network of killers who will stop at nothing to keep their secrets buried.",24.0963,/lUvfTcOZiK0sdcX0WNLPbMyKjGm.jpg,2025-04-23,False,False,7.075,1979,"Mystery, Crime, Thriller"
False,/iof28QKa6bKFYCXSexuITxdKBvi.jpg,"35, 18",318846,The Big Short,en,The Big Short,The men who made millions from a global economic meltdown.,25.5699,/scVEaJEwP8zUix8vgmMoJJ9Nq0w.jpg,2015-12-11,False,False,7.374,10143,"Comedy, Drama"
False,/6aNKD81RHR1DqUUa8kOZ1TBY1Lp.jpg,"35, 18",637,Life Is Beautiful,it,La vita è bella,A touching story of an Italian book seller of Jewish ancestry who lives in his own little fairy tale. His creative and happy life would come to an abrupt halt when his entire family is deported to a concentration camp during World War II. While locked up he tries to convince his son that the whole thing is just a game.,26.4224,/74hLDKjD5aGYOotO6esUVaeISa2.jpg,1997-12-20,False,False,8.4,14297,"Comedy, Drama"
False,/Aa9Lx6gotP0szl9tlt5SPCN08oF.jpg,"28, 53, 80",324552,John Wick: Chapter 2,en,John Wick: Chapter 2,"John Wick is forced out of retirement by a former associate looking to seize control of a shadowy international assassins’ guild. Bound by a blood oath to aid him, Wick travels to Rome and does battle against some of the world’s most dangerous killers.",24.4905,/hXWBc0ioZP3cN4zCu6SN3YHXZVO.jpg,2017-02-08,False,False,7.345,14694,"Action, Thriller, Crime"
False,/zBG5Mg29NH9xxpWMMG7BIvKwYhL.jpg,"10749, 18",829557,365 Days: This Day,pl,365 dni: Ten dzień,"Laura and Massimo are back and hotter than ever. But the reunited couple's new beginning is complicated by Massimo’s family ties and a mysterious man who enters Laura’s life to win her heart and trust, at any cost.",23.581,/7qU0SOVcQ8BTJLodcAlulUAG16C.jpg,2022-04-26,False,False,5.945,1880,"Romance, Drama"
False,/jiyF1KoqHNnS3X3iBySeedNH3rt.jpg,"18, 10749",71578,Desnudos,es,Desnudos,"A gentle artist contends with his cheating girlfriend, and an innocent girl longs to break free from an abusive relationship. When fate brings these two lovelorn people together, true love finally blossoms.",23.3061,/aQxFkCD7InROJiY0NjytLvQI242.jpg,2004-10-22,False,False,3.9,13,"Drama, Romance"
False,/fyWrA2sI5n6Pif5d42b3V80g7lp.jpg,"10749, 18",1231767,Exchange Wife 2,ko,교환아내 2,"Kyeong-soo, an art dealer who specializes in painting, goes to evaluate the requested painting and accidentally damages it. Chang-in, the owner of the painting, suggests one thing from Kyung-soo, who was at a loss.",22.9494,/9ZzZUuMNoCRdPpNrSKYZSvRzc5w.jpg,2023-02-03,False,False,6.0,1,"Romance, Drama"
False,/f2opsSUSiMdEp6AiY2sbC8QPd8S.jpg,"878, 12, 16, 10751, 14",9016,Treasure Planet,en,Treasure Planet,"When space galleon cabin boy Jim Hawkins discovers a map to an intergalactic ""loot of a thousand worlds,"" a cyborg cook named John Silver teaches him to battle supernovas and space storms on their journey to find treasure.",23.2449,/kNhZkR3UNbXfvESQo7mJpOi4tGd.jpg,2002-11-26,False,False,7.6,4753,"Science Fiction, Adventure, Animation, Family, Fantasy"
False,/7NRGAtu8E4343NSKwhkgmVRDINw.jpg,"27, 53",507089,Five Nights at Freddy's,en,Five Nights at Freddy's,"Recently fired and desperate for work, a troubled young man named Mike agrees to take a position as a night security guard at an abandoned theme restaurant: Freddy Fazbear's Pizzeria. But he soon discovers that nothing at Freddy's is what it seems.",23.9049,/7BpNtNfxuocYEVREzVMO75hso1l.jpg,2023-10-25,False,False,7.3,5219,"Horror, Thriller"
False,/5ZYxL6k4ZHrEmrFvmY4HZVzerxG.jpg,"14, 12, 28",57158,The Hobbit: The Desolation of Smaug,en,The Hobbit: The Desolation of Smaug,"The Dwarves, Bilbo and Gandalf have successfully escaped the Misty Mountains, and Bilbo has gained the One Ring. They all continue their journey to get their gold back from the Dragon, Smaug.",24.982,/xQYiXsheRCDBA39DOrmaw1aSpbk.jpg,2013-12-11,False,False,7.578,14659,"Fantasy, Adventure, Action"
False,/sZhY0BAsN1bMAPLIqMRqG1fqb3A.jpg,"12, 16, 10751",10009,Brother Bear,en,Brother Bear,"When an impulsive boy named Kenai is magically transformed into a bear, he must literally walk in another's footsteps until he learns some valuable life lessons. His courageous and often zany journey introduces him to a forest full of wildlife, including the lovable bear cub Koda, hilarious moose Rutt and Tuke, woolly mammoths and rambunctious rams.",23.3757,/otptPbEY0vBostmo95xwiiumMJm.jpg,2003-10-23,False,False,7.286,5884,"Adventure, Animation, Family"
False,/i8MupUe4xgmYXoRNAQMYvuoexSU.jpg,27,1038392,The Conjuring: Last Rites,en,The Conjuring: Last Rites,Paranormal investigators Ed and Lorraine Warren take on one last terrifying case involving mysterious entities they must confront.,24.2458,/byWgphT74ClOVa8EOGzYDkl8DVL.jpg,2025-09-03,False,False,6.9,2168,Horror
False,/9ywA15OAiwjSTvg3cBs9B7kOCBF.jpg,"18, 10749",337167,Fifty Shades Freed,en,Fifty Shades Freed,"Believing they have left behind shadowy figures from their past, newlyweds Christian and Ana fully embrace an inextricable connection and shared life of luxury. But just as she steps into her role as Mrs. Grey and he relaxes into an unfamiliar stability, new threats could jeopardize their happy ending before it even begins.",23.6576,/jjPJ4s3DWZZvI4vw8Xfi4Vqa1Q8.jpg,2018-01-17,False,False,6.667,8445,"Drama, Romance"
False,/iBUIS2duNa9aDfLgRr8thsUPRs0.jpg,"16, 10751, 35, 28",49444,Kung Fu Panda 2,en,Kung Fu Panda 2,"Po is finally living the dream as the Dragon Warrior—until a shadow from his past comes roaring back. When the ruthless peacock Lord Shen unleashes a devastating new weapon used to wipe out kung fu masters across the land, Po and the Furious Five race across China to put an end to his plans. But if Po is to have any hope of stopping him, he must first confront the truth of his origins—and find inner peace before his past tears him apart.",25.0064,/mtqqD00vB4PGRt20gWtGqFhrkd0.jpg,2011-05-25,False,False,7.086,8184,"Animation, Family, Comedy, Action"
False,/bk1TitfD4YIGrM6AvljonMCtfnl.jpg,"878, 28",695721,The Hunger Games: The Ballad of Songbirds & Snakes,en,The Hunger Games: The Ballad of Songbirds & Snakes,"64 years before he becomes the tyrannical president of Panem, Coriolanus Snow sees a chance for a change in fortunes when he mentors Lucy Gray Baird, the female tribute from District 12.",23.5617,/mBaXZ95R2OxueZhvQbcEWy2DqyO.jpg,2023-11-15,False,False,6.951,3715,"Science Fiction, Action"
False,/pLyaH6k69OJHnONSmN3R7Peh6HE.jpg,"27, 53",1481343,The Devil's Mouth,en,The Devil's Mouth,"A group of college friends' Thailand adventure turns deadly when they become trapped in submerged caves with a dangerous predator. As oxygen runs low, past conflicts emerge in their desperate fight for survival.",23.2473,/lH8k9uCWYn2b2gsYleqYBDPbWa8.jpg,2026-07-29,False,False,6.49,814,"Horror, Thriller"
False,/zUninC7dOHfzwcgCqQMLQjlMtiy.jpg,"53, 28, 80",1413976,Citizen Vigilante,en,Citizen Vigilante,"A man takes justice into his own hands, hunting down criminals. His vigilante crusade makes him a social media star but puts him at odds with the local police chief.",25.971,/6LmJD3Wohe0g4U62wgi7RyJqfE4.jpg,2026-06-19,False,False,6.524,423,"Thriller, Action, Crime"
False,/rfkIeCaIHhN3K5wjJJqKmfUjYp8.jpg,"18, 36",381284,Hidden Figures,en,Hidden Figures,"The untold story of Katherine G. Johnson, Dorothy Vaughan and Mary Jackson – brilliant African-American women working at NASA and serving as the brains behind one of the greatest operations in history – the launch of astronaut John Glenn into orbit. The visionary trio crossed all gender and race lines to inspire generations to dream big.",23.9016,/9lfz2W2uGjyow3am00rsPJ8iOyq.jpg,2016-12-10,False,False,8.049,10717,"Drama, History"
False,/AdBXP8e6K3FYdDrMx3Wr6WZqCYF.jpg,"12, 14, 35",493529,Dungeons & Dragons: Honor Among Thieves,en,Dungeons & Dragons: Honor Among Thieves,"A charming thief and a band of unlikely adventurers undertake an epic heist to retrieve a lost relic, but things go dangerously awry when they run afoul of the wrong people.",23.7033,/v7UF7ypAqjsFZFdjksjQ7IUpXdn.jpg,2023-03-23,False,False,7.354,4981,"Adventure, Fantasy, Comedy"
False,/hpXBJxLD2SEf8l2CspmSeiHrBKX.jpg,"18, 14, 27",1062722,Frankenstein,en,Frankenstein,"Dr. Victor Frankenstein, a brilliant but egotistical scientist, brings a creature to life in a monstrous experiment that ultimately leads to the undoing of both the creator and his tragic creation.",24.9747,/g4JtvGlQO7DByTI6frUobqvSL3R.jpg,2025-10-17,False,False,7.6,3918,"Drama, Fantasy, Horror"
False,/hHDNOlATHhre4eZ7aYz5cdyJLik.jpg,"27, 53, 878",1272837,28 Years Later: The Bone Temple,en,28 Years Later: The Bone Temple,Dr. Kelson finds himself in a shocking new relationship - with consequences that could change the world as they know it - and Spike's encounter with Jimmy Crystal becomes a nightmare he can't escape.,24.0394,/kK1BGkG3KAvWB0WMV1DfOx9yTMZ.jpg,2026-01-14,False,False,7.088,1822,"Horror, Thriller, Science Fiction"
False,/msnknPOg9dx86b0YozXOFP8PgBI.jpg,"10751, 16, 12, 35",270946,Penguins of Madagascar,en,Penguins of Madagascar,"Skipper, Kowalski, Rico and Private join forces with undercover organization The North Wind to stop the villainous Dr. Octavius Brine from destroying the world as we know it.",25.0137,/dXbpNrPDZDMEbujFoOxmMNQVMHa.jpg,2014-11-22,False,False,6.548,4606,"Family, Animation, Adventure, Comedy"
False,/1RhfevWmWCVHtEqxWBEjPOC5KG1.jpg,"27, 878, 53",1284041,The Last House,en,The Last House,A family suddenly sealed inside their home must work together to survive against dwindling resources and the ominous threat keeping them trapped.,22.8219,/6JU7E8Vv2M11egkctWVOScxWR75.jpg,2026-08-06,False,False,6.8,1461,"Horror, Science Fiction, Thriller"
False,/qzUIOTk0E3F1zjvYjcBRTKUTgf9.jpg,"80, 35, 28",207703,Kingsman: The Secret Service,en,Kingsman: The Secret Service,The story of a super-secret spy organization that recruits an unrefined but promising street kid into the agency's ultra-competitive training program just as a global threat emerges from a twisted tech genius.,25.0556,/r6q9wZK5a2K51KFj4LWVID6Ja1r.jpg,2015-01-24,False,False,7.617,18245,"Crime, Comedy, Action"
False,/aAM3cQmYGjjLQ24m0F0RWfjKQ57.jpg,"27, 18, 9648",530385,Midsommar,en,Midsommar,"Several friends travel to Sweden to study as anthropologists a summer festival that is held every ninety years in the remote hometown of one of them. What begins as a dream vacation in a place where the sun never sets, gradually turns into a dark nightmare as the mysterious inhabitants invite them to participate in their disturbing festive activities.",23.057,/7LEI8ulZzO5gy9Ww2NVCrKmHeDZ.jpg,2019-07-03,False,False,7.1,8491,"Horror, Drama, Mystery"
False,/6cCF0KMUO2QmrVsQFujkQduREXX.jpg,"53, 28, 18, 878",61791,Rise of the Planet of the Apes,en,Rise of the Planet of the Apes,"A highly intelligent chimpanzee named Caesar has been living a peaceful suburban life ever since he was born. But when he gets taken to a cruel primate facility, Caesar decides to revolt against those who have harmed him.",27.1297,/oqA45qMyyo1TtrnVEBKxqmTPhbN.jpg,2011-08-03,False,False,7.4,13138,"Thriller, Action, Drama, Science Fiction"
False,/onACwa3TjpeaY7EVHSZZbeNkd2q.jpg,"12, 14, 10751",2493,The Princess Bride,en,The Princess Bride,"In this enchantingly cracked fairy tale, the beautiful Princess Buttercup and the dashing Westley must overcome staggering odds to find happiness amid six-fingered swordsmen, murderous princes, Sicilians and rodents of unusual size. But even death can't stop these true lovebirds from triumphing.",22.5375,/2FC9L9MrjBoGHYjYZjdWQdopVYb.jpg,1987-09-25,False,False,7.7,5326,"Adventure, Fantasy, Family"
False,/628Dep6AxEtDxjZoGP78TsOxYbK.jpg,"28, 12, 53",575264,Mission: Impossible - Dead Reckoning Part One,en,Mission: Impossible - Dead Reckoning Part One,"Ethan Hunt and his IMF team embark on their most dangerous mission yet: To track down a terrifying new weapon that threatens all of humanity before it falls into the wrong hands. With control of the future and the world's fate at stake and dark forces from Ethan's past closing in, a deadly race around the globe begins. Confronted by a mysterious, all-powerful enemy, Ethan must consider that nothing can matter more than his mission—not even the lives of those he cares about most.",23.0341,/NNxYkU70HPurnNCSiCjYAmacwm.jpg,2023-07-08,False,False,7.501,5427,"Action, Adventure, Thriller"
False,/q1r0QUf4UVTqtkxOSMnTD8RyTaL.jpg,"27, 53",406563,Insidious: The Last Key,en,Insidious: The Last Key,"Parapsychologist Elise Rainier and her team travel to Five Keys, NM, to investigate a man’s claim of a haunting. Terror soon strikes when Rainier realizes that the house he lives in was her family’s old home.",26.4355,/6c9ti2JcR3dHyR3qFXoZqVMx0SH.jpg,2018-01-03,False,False,6.286,3297,"Horror, Thriller"
False,/5Ur40GWrgeLePW6RAYZZoS5BRLk.jpg,"16, 12, 14, 10751",1750432,Spidey and the Avengers: Halloween Team-Up!,en,Spidey and the Avengers: Halloween Team-Up!,"Spidey and the Avengers' Halloween plans are turned upside down by the mysterious Hallows' Eve, who plays magical tricks on trick or treaters and plans to ruin Halloween forever.",24.2498,/hPucpn2pmszkcqRVHmrlUYK0PtG.jpg,2026-09-24,False,False,7.3,6,"Animation, Adventure, Fantasy, Family"
False,/klJMCIblHLFwCuGjKz7tyOpekIC.jpg,"12, 28, 53",36557,Casino Royale,en,Casino Royale,"Le Chiffre, a banker to the world's terrorists, is scheduled to participate in a high-stakes poker game in Montenegro, where he intends to use his winnings to establish his financial grip on the terrorist market. M sends Bond—on his maiden mission as a 00 Agent—to attend this game and prevent Le Chiffre from winning. With the help of Vesper Lynd and Felix Leiter, Bond enters the most important poker game in his already dangerous career.",22.8645,/lMrxYKKhd4lqRzwUHAy5gcx9PSO.jpg,2006-11-14,False,False,7.576,12071,"Adventure, Action, Thriller"
False,/kwNIQW7egAmI66sb0zIugMbpCfU.jpg,"28, 53, 80",1306368,The Rip,en,The Rip,"Trust frays when a team of Miami cops discovers millions in cash inside a run-down stash house, calling everyone — and everything — into question.",23.3233,/4wsYWH73Hb1B6noGIFaRQSAkuXj.jpg,2026-01-13,False,False,7.1,1969,"Action, Thriller, Crime"
False,/olz8Xw3yOLpBAHKgPoSRwmomdM.jpg,"53, 9648",13448,Angels & Demons,en,Angels & Demons,"Harvard symbologist Robert Langdon is recruited by the Vatican to investigate the apparent return of the Illuminati – a secret, underground organization – after four cardinals are kidnapped on the night of the papal conclave.",24.9759,/tFZQAuulEOtFTp0gHbVdEXwGrYe.jpg,2009-04-20,False,False,6.731,7544,"Thriller, Mystery"
False,/h3KN24PrOheHVYs9ypuOIdFBEpX.jpg,"16, 10751, 12",166428,How to Train Your Dragon: The Hidden World,en,How to Train Your Dragon: The Hidden World,"As Hiccup fulfills his dream of creating a peaceful dragon utopia, Toothless’ discovery of an untamed, elusive mate draws the Night Fury away. When danger mounts at home and Hiccup’s reign as village chief is tested, both dragon and rider must make impossible decisions to save their kind.",22.8459,/xvx4Yhf0DVH8G4LzNISpMfFBDy2.jpg,2019-01-03,False,False,7.8,7314,"Animation, Family, Adventure"
False,/rSEfKLHDZKiMQWsyJIfKr9D0CaC.jpg,"35, 10749",41630,No Strings Attached,en,No Strings Attached,"Emma is a busy doctor who sets up a seemingly perfect arrangement when she offers her best friend Adam a relationship with one rule: No strings attached. But when a fling becomes a thing, can sex friends stay best friends?",23.0301,/9C09L1U9S13J4Ut029Qhu0oLcTQ.jpg,2011-01-21,False,False,6.3,5092,"Comedy, Romance"
False,/a6cDxdwaQIFjSkXf7uskg78ZyTq.jpg,"878, 28, 12, 53",290859,Terminator: Dark Fate,en,Terminator: Dark Fate,"Decades after Sarah Connor prevented Judgment Day, a lethal new Terminator is sent to eliminate the future leader of the resistance. In a fight to save mankind, battle-hardened Sarah Connor teams up with an unexpected ally and an enhanced super soldier to stop the deadliest Terminator yet.",24.3825,/vqzNJRH4YyquRiWxCCOH0aXggHI.jpg,2019-10-23,False,False,6.4,5904,"Science Fiction, Action, Adventure, Thriller"
False,/nuO8o9ltxhI7AZQxePavEZ4TyHa.jpg,"28, 80, 18",2034,Training Day,en,Training Day,"On his first day on the job as a narcotics officer, a rookie cop works with a rogue detective who isn't what he appears.",25.7482,/bUeiwBQdupBLQthMCHKV7zv56uv.jpg,2001-10-05,False,False,7.533,6894,"Action, Crime, Drama"
False,/brnfCYyz8EMbBrHgmh8sCwBi5i1.jpg,"28, 27, 53, 12",396535,Train to Busan,ko,부산행,"When a zombie virus pushes Korea into a state of emergency, those trapped on an express train to Busan must fight for their own survival.",23.3808,/vNVFt6dtcqnI7hqa6LFBUibuFiw.jpg,2016-07-20,False,False,7.75,8821,"Action, Horror, Thriller, Adventure"
False,/q6OGlZ1KMEb14AC8KbPCxyNOal6.jpg,"18, 35",77338,The Intouchables,fr,Intouchables,A true story of two men who should never have met – a quadriplegic aristocrat who was injured in a paragliding accident and a young man from the projects.,23.5425,/1QU7HKgsQbGpzsJbJK4pAVQV9F5.jpg,2011-11-02,False,False,8.272,18908,"Drama, Comedy"
False,/m8t7K3LcAY7bpyQ7iQ5kGsrcjnh.jpg,"14, 53, 9648, 27",2668,Sleepy Hollow,en,Sleepy Hollow,"Skeptical young detective Ichabod Crane gets transferred to the hamlet of Sleepy Hollow, New York, where he is tasked with investigating the decapitations of three people – murders the townsfolk attribute to a legendary specter, The Headless Horseman.",21.6081,/1GuK965FLJxqUw9fd1pmvjbFAlv.jpg,1999-11-19,False,False,7.2,7628,"Fantasy, Thriller, Mystery, Horror"
False,/9uddYYTNcLWpzUkl5iw1RUYhLhY.jpg,"80, 18",103,Taxi Driver,en,Taxi Driver,"Suffering from insomnia, disturbed loner Travis Bickle takes a job as a New York City cabbie, haunting the streets nightly, growing increasingly detached from reality as he dreams of cleaning up the filthy city.",23.292,/ekstpH614fwDX8DUln1a2Opz0N8.jpg,1976-02-09,False,False,8.1,13865,"Crime, Drama"
False,/pxL08w7Eq0vKrQ3mJzYp0VHGaKG.jpg,"28, 53, 878",49530,In Time,en,In Time,"In the not-too-distant future, the aging gene has been switched off. To avoid overpopulation, time has become the currency and the way people pay for luxuries and necessities. The rich can live forever, while the rest struggle to negotiate for their immortality. A poor young man who suddenly comes into a fortune of time finds himself on the run from a corrupt police force known as the ""time keepers"".",24.2628,/3Mwj2sIONQckOZP3YwsUXF7U5I4.jpg,2011-10-27,False,False,7.0,12482,"Action, Thriller, Science Fiction"
False,/nVodCGKYLpqNC8YwQAbivKlWCgZ.jpg,"28, 12, 14",293167,Kong: Skull Island,en,Kong: Skull Island,"Explore the mysterious and dangerous home of the king of the apes as a team of explorers ventures deep inside the treacherous, primordial island.",24.2522,/r2517Vz9EhDhj88qwbDVj8DCRZN.jpg,2017-03-08,False,False,6.56,11387,"Action, Adventure, Fantasy"
False,/me67dwJnUBt3O9NqZaBdEQ6i4vM.jpg,"14, 16, 10749, 10751",10882,Sleeping Beauty,en,Sleeping Beauty,"Cursed to die by the evil fairy Maleficent when she was a baby, Princess Aurora is sent into hiding under protection from three good fairies. As she grows up far away, Maleficent becomes increasingly determined to seal the princess's fate.",24.2465,/pO9YMLSmj3essVSWSGygjGxX6Kw.jpg,1959-02-17,False,False,6.9,5597,"Fantasy, Animation, Romance, Family"
False,/2nyaeISu2xIxIgZYNpX4UayY8PN.jpg,"28, 12, 878",141052,Justice League,en,Justice League,"Fuelled by his restored faith in humanity and inspired by Superman's selfless act, Bruce Wayne and Diana Prince assemble a team of metahumans consisting of Barry Allen, Arthur Curry and Victor Stone to face the catastrophic threat of Steppenwolf and the Parademons who are on the hunt for three Mother Boxes on Earth.",24.2201,/eifGNCSDuxJeS1loAXil5bIGgvC.jpg,2017-11-15,False,False,6.064,14000,"Action, Adventure, Science Fiction"
False,/v0NEB75SZjxY8GS3ho8WeEvjIT3.jpg,"27, 9648",680493,Return to Silent Hill,en,Return to Silent Hill,"When James receives a mysterious letter from his lost love Mary, he is drawn to Silent Hill—a once-familiar town now consumed by darkness. As he searches for her, James faces monstrous creatures and unravels a terrifying truth that will push him to the edge of his sanity.",24.2159,/mdw7bSnE11WpwWf3ViXtnavuqiT.jpg,2026-01-21,False,False,5.3,879,"Horror, Mystery"
False,/vABOhCPfvm1g0cKNzQXwK8EyQ5z.jpg,"16, 12, 35, 10751",920,Cars,en,Cars,"Lightning McQueen, a hotshot rookie race car driven to succeed, discovers that life is about the journey, not the finish line, when he finds himself unexpectedly detoured in the sleepy Route 66 town of Radiator Springs. On route across the country to the big Piston Cup Championship in California to compete against two seasoned pros, McQueen gets to know the town's offbeat characters.",24.2012,/2Touk3m5gzsqr1VsvxypdyHY5ci.jpg,2006-06-08,False,False,7.058,15610,"Animation, Adventure, Comedy, Family"
False,/bvk2AAH64lP2YZs02Q3jskfHT8j.jpg,"28, 53",562,Die Hard,en,Die Hard,"High above the city of L.A. a team of terrorists has seized a building, taken hostages, and declared war. One man has manages to escape... An off-duty cop hiding somewhere inside. He's alone, tired... and the only chance anyone has got.",24.1957,/7Bjd8kfmDSOzpmhySpEhkUyK2oH.jpg,1988-07-15,False,False,7.8,12717,"Action, Thriller"
False,/4kix6fAblJIH6eMs0Ku2loyZJXK.jpg,"28, 53, 878",679,Aliens,en,Aliens,"Ripley, the sole survivor of the Nostromo's deadly encounter with the monstrous Alien, returns to Earth after drifting through space in hypersleep for 57 years. Although her story is initially met with skepticism, she agrees to accompany a team of Colonial Marines back to LV-426.",24.1697,/r1x5JGpyqZU8PYhbs4UcrO1Xb6x.jpg,1986-07-18,False,False,8.0,11253,"Action, Thriller, Science Fiction"
False,/82C04rTiXYZ7c8XZv91Nu53w82Y.jpg,"28, 53, 80",1007734,Nobody 2,en,Nobody 2,"Former assassin Hutch Mansell takes his family on a nostalgic vacation to a small-town theme park, only to be pulled back into violence when they clash with a corrupt operator, a crooked sheriff, and a ruthless crime boss.",24.1573,/svXVRoRSu6zzFtCzkRsjZS7Lqpd.jpg,2025-08-13,False,False,6.908,1895,"Action, Thriller, Crime"
False,/k24eZq5I3jyz4htPkZCRpnUmBzE.jpg,"18, 10749",1156593,Your Fault,es,Culpa tuya,The love between Noah and Nick seems unwavering despite their parents' attempts to separate them. But his job and her entry into college open up their lives to new relationships that will shake the foundations of both their relationship and the Leister family itself.,24.1158,/1sQA7lfcF9yUyoLYC0e6Zo3jmxE.jpg,2024-12-26,False,False,7.1,1632,"Drama, Romance"
False,/4NsQl44oXVMiuIM9t7ZsVgYzOkv.jpg,"53, 9648",591,The Da Vinci Code,en,The Da Vinci Code,"A murder in Paris’ Louvre Museum and cryptic clues in some of Leonardo da Vinci’s most famous paintings lead to the discovery of a religious mystery. For 2,000 years a secret society closely guards information that — should it come to light — could rock the very foundations of Christianity.",24.1026,/9ejKfNk0LBhSI9AahH4f9NJNZNM.jpg,2006-05-17,False,False,6.736,10369,"Thriller, Mystery"
False,/zZKmEmRDc7ZjFucPm2UGNgDRlDc.jpg,"12, 35, 14",353486,Jumanji: Welcome to the Jungle,en,Jumanji: Welcome to the Jungle,"Four teenagers in detention discover an old video game console with a game they’ve never heard of. When they decide to play, they are immediately sucked into the jungle world of Jumanji in the bodies of their avatars. They’ll have to complete the adventure of their lives filled with fun, thrills and danger or be stuck in the game forever!",24.0739,/pSgXKPU5h6U89ipF7HBYajvYt7j.jpg,2017-12-20,False,False,6.823,14821,"Adventure, Comedy, Fantasy"
False,/uJK0jjJ8QDOQw5lcNBwu059ht4D.jpg,"18, 10749",1294203,My Fault: London,en,My Fault: London,"18-year-old Noah moves from America to London, with her mother who's recently fallen in love with William, a wealthy British businessman. Noah meets William’s son, bad-boy Nick, and soon discovers there is an attraction between them neither can avoid. As Noah spends the summer adjusting to her new life, her devastating past will catch up with her while falling in love for the first time.",24.065,/ttN5D6GKOwKWHmCzDGctAvaNMAi.jpg,2025-02-12,False,False,7.4,632,"Drama, Romance"
False,/5oaMV2q0qzxkIW2ukU3lldLu5q2.jpg,"53, 18, 80",1359,American Psycho,en,American Psycho,"A wealthy New York investment banking executive hides his alternate psychopathic ego from his co-workers and friends as he escalates deeper into his illogical, gratuitous fantasies.",24.0629,/9uGHEgsiUXjCNq8wdq4r49YL8A1.jpg,2000-04-13,False,False,7.4,12824,"Thriller, Drama, Crime"
False,/3WK7p9EdZmmvB1IbB2Vw9Rf4lXH.jpg,"18, 10749",296096,Me Before You,en,Me Before You,"Lou Clark, a directionless 26-year-old from the English countryside, takes a job at the local castle as a caregiver and companion to a wealthy young banker, Will Traynor. Wheelchair-bound from an accident two years prior, the once adventurous Will has all but given up — that is until Lou determines to show him that life is worth living.",24.0611,/Ia3dzj5LnCj1ZBdlVeJrbKJQxG.jpg,2016-06-01,False,False,7.932,13638,"Drama, Romance"
False,/c0fB9xk7D1aVb3Bg2rk2SVJcGn.jpg,"18, 10752",423,The Pianist,en,The Pianist,"The true story of pianist Władysław Szpilman's experiences in Warsaw during the Nazi occupation. When the Jews of the city find themselves forced into a ghetto, Szpilman finds work playing in a café; and when his family is deported in 1942, he stays behind, works for a while as a laborer, and eventually goes into hiding in the ruins of the war-torn city.",24.0587,/2hFvxCCWrTmCYwfy7yum0GKRi3Y.jpg,2002-09-17,False,False,8.37,10507,"Drama, War"
False,/vVpEOvdxVBP2aV166j5Xlvb5Cdc.jpg,"28, 53, 80",458156,John Wick: Chapter 3 - Parabellum,en,John Wick: Chapter 3 - Parabellum,"Super-assassin John Wick returns with a $14 million price tag on his head and an army of bounty-hunting killers on his trail. After killing a member of the shadowy international assassin’s guild, the High Table, John Wick is excommunicado, but the world’s most ruthless hit men and women await his every turn.",24.0548,/ziEuG1essDuWuC5lpWUaw1uXY2O.jpg,2019-05-15,False,False,7.439,12156,"Action, Thriller, Crime"
False,/vFm4pF0BgaWPj0i2zEiZO6TqEQ0.jpg,"53, 28",260346,Taken 3,en,Taken 3,"Ex-government operative Bryan Mills finds his life is shattered when he's falsely accused of a murder that hits close to home. As he's pursued by a savvy police inspector, Mills employs his particular set of skills to track the real killer and exact his unique brand of justice.",24.0293,/vzvMXMypMq7ieDofKThsxjHj9hn.jpg,2014-12-16,False,False,6.3,6309,"Thriller, Action"
False,/p26c040MErns7DJYhisa1CpVB5i.jpg,"27, 9648, 53",423108,The Conjuring: The Devil Made Me Do It,en,The Conjuring: The Devil Made Me Do It,"Paranormal investigators Ed and Lorraine Warren encounter what would become one of the most sensational cases from their files. The fight for the soul of a young boy takes them beyond anything they'd ever seen before, to mark the first time in U.S. history that a murder suspect would claim demonic possession as a defense.",24.0275,/xbSuFiJbbBWCkyCCKIMfuDCA4yV.jpg,2021-05-25,False,False,7.3,6745,"Horror, Mystery, Thriller"
False,/yATuNOVifq933nYIqHX9LNp83Vx.jpg,99,1040159,My Massive Cock,en,My Massive Cock,"An extra-large penis is an object of desire for many. But for some men, extra-large seriously complicates their lives and relationships, and penis reduction surgery seems the only answer.",23.9529,/wlvj1XbkHVItYE0ko4Xg4L08Ycj.jpg,2022-10-24,False,False,5.8,14,Documentary
False,/aD7FXrm2GErTmzrIFBntPyhAqS9.jpg,"53, 28",1087891,The Amateur,en,The Amateur,"After his life is turned upside down when his wife is killed in a London terrorist attack, a brilliant but introverted CIA decoder takes matters into his own hands when his supervisors refuse to take action.",23.876,/SNEoUInCa5fAgwuEBMIMBGvkkh.jpg,2025-04-09,False,False,6.923,1820,"Thriller, Action"
False,/zLeq2fbHU6UdA7mhsYnIULORTgq.jpg,"18, 53, 80",1433583,The Weight,pt,The Weight,"When Samuel is torn from his daughter and sent to a brutal prison, Warden Clancy offers him a high-stakes proposition: smuggle gold out of a remote mine with a dangerous crew of prisoners and he’ll win his freedom.",23.812,/8i5iZV50CoEtmDCFM7RSxCkpE8h.jpg,2026-09-16,False,False,6.756,39,"Drama, Thriller, Crime"
False,/1pZJXiLnfg5rjhCErUCAXBCkhC1.jpg,"28, 18, 53",47260,Caught,en,Caught,A middle-aged couple has a drifter enter their lives. The fish-store owners find that the mysterious young man awakens the couple in ways they didn't expect. Things get tense when the drifter begins an affair with the woman of the house.,23.8035,/33sUPXPUqIe9YnZ80d8xzkiL2gb.jpg,1996-01-24,False,False,5.7,28,"Action, Drama, Thriller"
False,/dF2c20sRDgySZLaLS2OUerL07sz.jpg,"12, 14, 18, 10749",18239,The Twilight Saga: New Moon,en,The Twilight Saga: New Moon,"Forks, Washington resident Bella Swan is reeling from the departure of her vampire love, Edward Cullen, and finds comfort in her friendship with Jacob Black, a werewolf. But before she knows it, she's thrust into a centuries-old conflict, and her desire to be with Edward at any cost leads her to take greater and greater risks.",23.7959,/k2qTooPlHffgNABNWxeJdGMglPK.jpg,2009-11-18,False,False,5.984,9943,"Adventure, Fantasy, Drama, Romance"
False,/7xQk3HdCvkNmk3gblDGn9fVnbsT.jpg,"12, 16, 35, 10751",11619,Flushed Away,en,Flushed Away,"London high-society mouse, Roddy is flushed down the toilet by Sid, a common sewer rat. Hang on for a madcap adventure deep in the sewer bowels of Ratropolis, where Roddy meets the resourceful Rita, the rodent-hating Toad and his faithful thugs, Spike and Whitey.",23.7909,/ahVxu86XwxMp8RkartqY4B3mK9l.jpg,2006-10-22,False,False,6.3,4209,"Adventure, Animation, Comedy, Family"
False,/7JhsJxNmdW0y4IyNrHy10cECrAz.jpg,35,109418,Grown Ups 2,en,Grown Ups 2,"Lenny has relocated his family back to the small town where he and his friends grew up. This time around, the grown ups are the ones learning lessons from their kids on a day notoriously full of surprises—the last day of school.",23.7518,/hT6ijOtjtYrnyDhN7VA2QWyGFAm.jpg,2013-07-11,False,False,6.189,4842,Comedy
False,/yvPbncYhMu9FfTjDhq0N5lgnVkO.jpg,"35, 10749, 18",4951,10 Things I Hate About You,en,10 Things I Hate About You,"On the first day at his new school, Cameron instantly falls for Bianca, the gorgeous girl of his dreams. The only problem is that Bianca is forbidden to date until her ill-tempered, completely un-dateable older sister Kat goes out, too. In an attempt to solve his problem, Cameron singles out the only guy who could possibly be a match for Kat: a mysterious bad boy with a nasty reputation of his own.",23.7502,/ujERk3aKABXU3NDXOAxEQYTHe9A.jpg,1999-03-30,False,False,7.6,9192,"Comedy, Romance, Drama"
False,/4w6nQYAY0eb7B0VVRDXilXcgAUV.jpg,"80, 27, 9648",4232,Scream,en,Scream,"A year after the murder of her mother, a teenage girl is terrorized by a masked killer who targets her and her friends by using scary movies as part of a deadly game.",23.7381,/lr9ZIrmuwVmZhpZuTCW8D9g0ZJe.jpg,1996-12-20,False,False,7.4,8304,"Crime, Horror, Mystery"
False,/ihOJcrorpDQtHTzIOrobbOhpJsj.jpg,"12, 28, 53, 878",604,The Matrix Reloaded,en,The Matrix Reloaded,"The Resistance builds in numbers as humans are freed from the Matrix and brought to the city of Zion. Neo discovers his superpowers, including the ability to see the code inside the Matrix. With machine sentinels digging to Zion in 72 hours, Neo, Morpheus and Trinity must find the Keymaker to ultimately reach the Source.",23.7344,/8xEVAe84zlL9rkfYT6dZXero4KK.jpg,2003-05-15,False,False,7.1,12387,"Adventure, Action, Thriller, Science Fiction"
False,/xP5oQ2bwTiEKzRAWh7JEUA4vAn5.jpg,"10749, 18",530318,Younger Sister,ja,妹,"Akio's sister, Neri has separated from her boyfriend. They lived in Kamakura. She moves in with her brother. Her ex-boyfriend's sister, Eiko comes to see Neri. She wonders if the separation occurred due to her because the three of them used to live together. Eiko's brother has disappeared in the meantime.",23.7329,/rLHkNBU0kRVzXqAiVxopey1PZ2L.jpg,1974-08-14,False,False,3.8,4,"Romance, Drama"
False,/2vFuG6bWGyQUzYS9d69E5l85nIz.jpg,"878, 12, 28",667538,Transformers: Rise of the Beasts,en,Transformers: Rise of the Beasts,"When a new threat capable of destroying the entire planet emerges, Optimus Prime and the Autobots must team up with a powerful faction known as the Maximals. With the fate of humanity hanging in the balance, humans Noah and Elena will do whatever it takes to help the Transformers as they engage in the ultimate battle to save Earth.",23.7205,/gPbM0MK8CP8A174rmUwGsADNYKD.jpg,2023-06-06,False,False,7.158,5463,"Science Fiction, Adventure, Action"
False,/gvUYIHWzq7r3KuzAaKvly2h0SjM.jpg,"16, 35, 10751, 14",400155,Hotel Transylvania 3: Summer Vacation,en,Hotel Transylvania 3: Summer Vacation,"Dracula, Mavis, Johnny and the rest of the Drac Pack take a vacation on a luxury Monster Cruise Ship, where Dracula falls in love with the ship’s captain, Ericka, who’s secretly a descendant of Abraham Van Helsing, the notorious monster slayer.",23.7148,/lzE5BwGQea1nek7TPXUuC5AZ6rq.jpg,2018-06-28,False,False,6.8,4815,"Animation, Comedy, Family, Fantasy"
False,/2vq5GTJOahE03mNYZGxIynlHcWr.jpg,"18, 36, 28",359724,Ford v Ferrari,en,Ford v Ferrari,"American car designer Carroll Shelby and the British-born driver Ken Miles work together to battle corporate interference, the laws of physics, and their own personal demons to build a revolutionary race car for Ford Motor Company and take on the dominating race cars of Enzo Ferrari at the 24 Hours of Le Mans in France in 1966.",23.7074,/dR1Ju50iudrOh3YgfwkAU1g2HZe.jpg,2019-11-13,False,False,8.009,9359,"Drama, History, Action"
False,/2b3RNXF7ca9bgX8FrjRBYfLnNQC.jpg,"53, 18, 10749",290098,The Handmaiden,ko,아가씨,"1930s Korea, in the period of Japanese occupation, a new girl, Sook-hee, is hired as a handmaiden to a Japanese heiress, Hideko, who lives a secluded life on a large countryside estate with her domineering Uncle Kouzuki. But the maid has a secret. She is a pickpocket recruited by a swindler posing as a Japanese Count to help him seduce the Lady to steal her fortune.",23.6737,/dLlH4aNHdnmf62umnInL8xPlPzw.jpg,2016-06-01,False,False,8.178,4528,"Thriller, Drama, Romance"
False,/oQPbZ5e6J9fuAyv4Gl0mMZMIyPI.jpg,"28, 12, 53",476669,The King's Man,en,The King's Man,"As a collection of history's worst tyrants and criminal masterminds gather to plot a war to wipe out millions, one man must race against time to stop them.",23.624,/iMjSfMUuCkCE7z5fzGtjeDusPD3.jpg,2021-12-22,False,False,6.7,5271,"Action, Adventure, Thriller"
False,/tN3pTxkQoP96wtaEahYuRVdUWb2.jpg,"878, 53, 35",701387,Bugonia,en,Bugonia,"Two conspiracy obsessed young men kidnap the high-powered CEO of a major company, convinced that she is an alien intent on destroying planet Earth.",23.6173,/18Kbb0qeCxwzna0W6a9gEMZuizF.jpg,2025-10-23,False,False,7.3,2483,"Science Fiction, Thriller, Comedy"
False,/jwt159hXWA9Q5xpBo8hWb3zwLi7.jpg,"80, 53",500,Reservoir Dogs,en,Reservoir Dogs,"A botched robbery indicates a police informant, and the pressure mounts in the aftermath at a warehouse. Crime begets violence as the survivors -- veteran Mr. White, newcomer Mr. Orange, psychopathic parolee Mr. Blonde, bickering weasel Mr. Pink and Nice Guy Eddie -- unravel.",23.6116,/xi8Iu6qyTfyZVDVy60raIOYJJmk.jpg,1992-09-02,False,False,8.1,15896,"Crime, Thriller"
False,/i39M5xz57fEkPLtuiAXqWwMNMyN.jpg,"28, 53",1317872,Sardar 2,ta,சர்தார் 2,"When the mysterious Black Dagger threatens national security, Inspector Vijay embarks on his most dangerous mission yet. As the battle unfolds, the extraordinary origin of legendary spy Sardar is finally revealed, uncovering the sacrifices that forged a legend and the secrets that could shape the future.",23.6056,/muGsRtsNrG1gnlF2fPYrBa4TGlr.jpg,2026-09-10,False,False,4.5,4,"Action, Thriller"
False,/4Xh2a1WeTp6b8Ksvug0pAMbX3dT.jpg,"10749, 18",398818,Call Me by Your Name,en,Call Me by Your Name,"In the summer of 1983, a 17-year-old Elio spends his days in his family's villa in Italy. One day Oliver, a graduate student, arrives to assist Elio's father, a professor of Greco-Roman culture. Soon, Elio and Oliver discover a summer that will alter their lives forever.",23.6002,/gXiE0WveDnT0n5J4sW9TMxXF4oT.jpg,2017-10-01,False,False,8.1,12981,"Romance, Drama"
False,/9trZvBr44UGedUOiGo3jgSUw13e.jpg,"878, 27",300668,Annihilation,en,Annihilation,"A biologist signs up for a dangerous, secret expedition into a mysterious zone where the laws of nature don't apply.",23.5643,/4YRplSk6BhH6PRuE9gfyw9byUJ6.jpg,2018-02-22,False,False,6.453,9690,"Science Fiction, Horror"
False,/59vDC1BuEQvti24OMr0ZvtAK6R1.jpg,"14, 12, 16, 10751",10191,How to Train Your Dragon,en,How to Train Your Dragon,"As the son of a Viking leader on the cusp of manhood, shy Hiccup Horrendous Haddock III faces a rite of passage: he must kill a dragon to prove his warrior mettle. But after downing a feared dragon, he realizes that he no longer wants to destroy it, and instead befriends the beast – which he names Toothless – much to the chagrin of his warrior father.",23.5618,/ygGmAO60t8GyqUo9xYeYxSZAR3b.jpg,2010-03-18,False,False,7.868,14795,"Fantasy, Adventure, Animation, Family"
False,/v8DepuF6gizphLzIyNZeQiB0hij.jpg,"28, 12, 18, 10751",38575,The Karate Kid,en,The Karate Kid,"12-year-old Dre Parker could've been the most popular kid in Detroit, but his mother's latest career move has landed him in China. Dre immediately falls for his classmate Mei Ying but the cultural differences make such a friendship impossible. Even worse, Dre's feelings make him an enemy of the class bully, Cheng. With no friends in a strange land, Dre has nowhere to turn but maintenance man Mr. Han, who is a kung fu master. As Han teaches Dre that kung fu is not about punches and parries, but maturity and calm, Dre realizes that facing down the bullies will be the fight of his life.",23.5436,/b1RBy3l297N0c7PHjlz35cClWju.jpg,2010-06-10,False,False,6.569,6743,"Action, Adventure, Drama, Family"
False,/z3bzhmC0CPikWeerUkLO73YvGrC.jpg,"28, 53, 27",1084187,Pretty Lethal,en,Pretty Lethal,A troupe of ballerinas find themselves fighting for survival as they attempt to escape from a remote inn after their bus breaks down on the way to a dance competition.,23.5344,/znTPnXCK3lEQJgqXCvP7e5FUz6f.jpg,2026-03-13,False,False,6.8,536,"Action, Thriller, Horror"
False,/6ELCZlTA5lGUops70hKdB83WJxH.jpg,"28, 14, 12",460465,Mortal Kombat,en,Mortal Kombat,"Washed-up MMA fighter Cole Young, unaware of his heritage, and hunted by Emperor Shang Tsung's best warrior, Sub-Zero, seeks out and trains with Earth's greatest champions as he prepares to stand against the enemies of Outworld in a high stakes battle for the universe.",23.4972,/nkayOAUBUu4mMvyNf9iHSUiPjF1.jpg,2021-04-07,False,False,7.03,7088,"Action, Fantasy, Adventure"
False,/kPbyLj2OyjojqvR1jfK1VvXzabg.jpg,18,1483525,Possible Love,ko,가능한 사랑,A laid-off worker and his wife cross paths with a documentary filmmaker and her spouse and confront their hidden desires.,23.4966,/dLz9yHeLw4x4sD0WTSNi7HuK2ke.jpg,2026-09-23,False,False,9.0,2,Drama
False,/mQOUyqDybTqxl73hO5LujCZsM1o.jpg,"28, 53, 878",577922,Tenet,en,Tenet,"Armed with only one word - Tenet - and fighting for the survival of the entire world, the Protagonist journeys through a twilight world of international espionage on a mission that will unfold in something beyond real time.",23.473,/aCIFMriQh8rvhxpN1IWGgvH0Tlg.jpg,2020-08-22,False,False,7.2,11608,"Action, Thriller, Science Fiction"
False,/hpgda6P9GutvdkDX5MUJ92QG9aj.jpg,"28, 12, 35",384018,Fast & Furious Presents: Hobbs & Shaw,en,Fast & Furious Presents: Hobbs & Shaw,"Ever since US Diplomatic Security Service Agent Hobbs and lawless outcast Shaw first faced off, they just have traded smack talk and body blows. But when cyber-genetically enhanced anarchist Brixton's ruthless actions threaten the future of humanity, they join forces to defeat him.",23.4475,/qRyy2UmjC5ur9bDi3kpNNRCc5nc.jpg,2019-07-31,False,False,6.8,7966,"Action, Adventure, Comedy"
False,/8Qsr8pvDL3s1jNZQ4HK1d1Xlvnh.jpg,"14, 12",259316,Fantastic Beasts and Where to Find Them,en,Fantastic Beasts and Where to Find Them,"In 1926, Newt Scamander arrives at the Magical Congress of the United States of America with a magically expanded briefcase, which houses a number of dangerous creatures and their habitats. When the creatures escape from the briefcase, it sends the American wizarding authorities after Newt, and threatens to strain even further the state of magical and non-magical relations.",23.3974,/h6NYfVUyM6CDURtZSnBpz647Ldd.jpg,2016-11-16,False,False,7.3,20050,"Fantasy, Adventure"
False,/v8lPo8UWKyP2tIXD8N64HfNP4Pw.jpg,"35, 10749",1824,50 First Dates,en,50 First Dates,"Henry is a player skilled at seducing women. But when this veterinarian meets Lucy, a girl with a quirky problem when it comes to total recall, he realizes it's possible to fall in love all over again…and again, and again. That's because the delightful Lucy has no short-term memory, so Henry must woo her day after day until he finally sweeps her off her feet.",23.3956,/lzUI2Cg7OMfcUNv3f7MywYNBjs6.jpg,2004-02-13,False,False,6.879,7959,"Comedy, Romance"
False,/hmoNULa9OEIM5pCzXr1XnuTVgUT.jpg,18,1428226,Until the End of the World,es,Hasta el Fin del Mundo,"Manuel's life is upended when Esmeralda, his lost love from 15 years ago, calls unexpectedly. Despite being set to marry another, he rediscovers Esmeralda, and they realize their love transcends time.",23.3754,/6pwqbrrI1vHnID3wqfLIBLTM2Dd.jpg,2026-07-23,False,False,8.067,105,Drama
False,/m5dA4JZsj78EBTa2D6imWOAebwB.jpg,35,4247,Scary Movie,en,Scary Movie,"A familiar-looking group of teenagers find themselves being stalked by a more-than-vaguely recognizable masked killer! As the victims begin to pile up and the laughs pile on, none of your favorite scary movies escape the razor-sharp satire of this outrageously funny parody!",23.3633,/fVQFPRuw3yWXojYDJvA5EoFjUOY.jpg,2000-07-07,False,False,6.431,8183,Comedy
False,/ojgXOhVi9Yk8irDpRfDkIzdD1LK.jpg,"35, 10749, 18",18240,The Proposal,en,The Proposal,"When she learns she's in danger of losing her visa status and being deported, overbearing book editor Margaret Tate forces her put-upon assistant, Andrew Paxton, to marry her.",23.349,/6stnAm1wSek8ZrislwK4xGTyCnt.jpg,2009-06-02,False,False,7.183,7827,"Comedy, Romance, Drama"
False,/s3FiHTdpQVpqIqdBxLLiy40wGut.jpg,"16, 28, 12, 35, 10751",140300,Kung Fu Panda 3,en,Kung Fu Panda 3,"While Po and his father are visiting a secret panda village, an evil spirit threatens all of China, forcing Po to form a ragtag army to fight back.",23.3398,/oajNi4Su39WAByHI6EONu8G8HYn.jpg,2016-01-23,False,False,6.941,6806,"Animation, Action, Adventure, Comedy, Family"
False,/iR79ciqhtaZ9BE7YFA1HpCHQgX4.jpg,"27, 9648",1100782,Smile 2,en,Smile 2,"About to embark on a new world tour, global pop sensation Skye Riley begins experiencing increasingly terrifying and inexplicable events. Overwhelmed by the escalating horrors and the pressures of fame, Skye is forced to face her dark past to regain control of her life before it spirals out of control.",23.3391,/ht8Uv9QPv9y7K0RvUyJIaXOZTfd.jpg,2024-10-16,False,False,6.598,2383,"Horror, Mystery"
False,/zcySy6dnSmyqiichtDgO7AEeZoq.jpg,"28, 18, 53",254128,San Andreas,en,San Andreas,"In the aftermath of a massive earthquake in California, a rescue-chopper pilot makes a dangerous journey across the state in order to rescue his estranged daughter.",23.3297,/2Gfjn962aaFSD6eST6QU3oLDZTo.jpg,2015-05-27,False,False,6.251,9246,"Action, Drama, Thriller"
False,/nPLS4lsCl34nIIMb1MBYtHsd5hY.jpg,"35, 10749",26827,Who's That Girl,en,Who's That Girl,An uptight New York City tax lawyer gets his life turned upside down one day when he's asked to escort a feisty free-spirited ex-convict who asks him to help prove her innocence of her crime.,23.3001,/2Yu6ciKKgSWIZAzUg4IrrifO23z.jpg,1987-08-07,False,False,5.5,263,"Comedy, Romance"
False,/wa0UGYppc6uWOdVow4Ko2CG4jk9.jpg,"80, 27, 53",73861,A Serbian Film,sr,Srpski film,"Retired porn star Milos leads a normal family life trying to make ends meet. Presented with the opportunity of a lifetime to financially support his family for the rest of their lives, Milos must participate in one last mysterious film. From then on, Milos is drawn into a maelstrom of unbelievable cruelty and mayhem.",23.2631,/yIQqiw3Az5QYNHLCUoCTtxXH24G.jpg,2010-01-06,False,False,5.44,2291,"Crime, Horror, Thriller"
False,/g2aOpyCO1vEyUZURh3V5uaHu187.jpg,"28, 53",1288341,Seven Snipers,en,Seven Snipers,"When a former elite sniper is hunted down by the ruthless warlord who once held her captive, she must fight to the death to protect the daughter she has raised in hiding, on a remote Australian farm.",23.2525,/qvcq0thb9oPwv6JG2nsTgr9LlLb.jpg,2026-04-30,False,False,5.9,161,"Action, Thriller"
False,/nHKscpZcAPkh97OsJJjyE5yaVE0.jpg,"10749, 18, 36",1316092,“Wuthering Heights”,en,“Wuthering Heights”,"Tragedy strikes when Heathcliff falls in love with Catherine Earnshaw, a woman from a wealthy family in 18th-century England.",23.2481,/3YBce6dTh1D5oCMITXk2S5QhPt.jpg,2026-02-11,False,False,6.64,1392,"Romance, Drama, History"
False,/i2GVEvltEu3BXn5crBSxgKuTaca.jpg,"27, 53",614479,Insidious: The Red Door,en,Insidious: The Red Door,"To put their demons to rest once and for all, Josh Lambert and a college-aged Dalton Lambert must go deeper into The Further than ever before, facing their family's dark past and a host of new and more horrifying terrors that lurk behind the red door.",23.2437,/d07phJqCx6z5wILDYqkyraorDPi.jpg,2023-07-05,False,False,6.528,2139,"Horror, Thriller"
False,/g1FzhbtWYKk9WMJYi1X26kf2Q4Q.jpg,"27, 878",9426,The Fly,en,The Fly,"When brilliant, eccentric scientist Seth Brundle makes a huge technological breakthrough in teleportation, he decides to test it on himself. Unbeknownst to him, a common housefly manages to get inside the device and the two become one.",23.2343,/8gZWMhJHRvaXdXsNhERtqNHYpH3.jpg,1986-08-15,False,False,7.4,5188,"Horror, Science Fiction"
False,/pZfpUMEJzw9BZHtXuZzzOrRxtMa.jpg,"12, 16, 10751, 14",823219,Flow,lv,Straume,"A solitary cat, displaced by a great flood, finds refuge on a boat with various species and must navigate the challenges of adapting to a transformed world together.",23.2158,/z2sG41PxfL1hnL1mHbxzSREUtOf.jpg,2024-08-29,False,False,8.1,3098,"Adventure, Animation, Family, Fantasy"
False,/cMfokHWle5lfCreoV08cbmkKv6G.jpg,"16, 878, 12, 10751",698687,Transformers One,en,Transformers One,"The untold origin story of Optimus Prime and Megatron, better known as sworn enemies, but once were friends bonded like brothers who changed the fate of Cybertron forever.",23.1832,/iRCgqpdVE4wyLQvGYU3ZP7pAtUc.jpg,2024-09-11,False,False,7.977,1802,"Animation, Science Fiction, Adventure, Family"
False,/VuukZLgaCrho2Ar8Scl9HtV3yD.jpg,"878, 28",335983,Venom,en,Venom,"Investigative journalist Eddie Brock attempts a comeback following a scandal, but accidentally becomes the host of Venom, a violent, super powerful alien symbiote. Soon, he must rely on his newfound powers to protect the world from a shadowy organization looking for a symbiote of their own.",23.1605,/2uNW4WbgBXL25BAbXGLnLqX71Sw.jpg,2018-09-28,False,False,6.8,17672,"Science Fiction, Action"
False,/ftRkFtAGuHngHnLiOxktq0aCVMF.jpg,"28, 16, 35, 10751, 12",324852,Despicable Me 3,en,Despicable Me 3,Gru and his wife Lucy must stop former '80s child star Balthazar Bratt from achieving world domination.,23.1438,/e72KCMHNkbZ6USRJmABeqwmaJ5n.jpg,2017-06-15,False,False,6.468,7823,"Action, Animation, Comedy, Family, Adventure"
False,/t2SXZ7KLriaLyf5QT8Iar6fSOGp.jpg,"10752, 28, 18",929590,Civil War,en,Civil War,"In the near future, a group of war journalists attempt to survive while reporting the truth as the United States stands on the brink of civil war.",23.1223,/sh7Rg8Er3tFcN9BpKIPOMvALgZd.jpg,2024-04-10,False,False,6.844,4629,"War, Action, Drama"
False,/ewy2aJDFtqMzCrDg0wsZ3G2MOpo.jpg,"53, 27",276488,Let Us Prey,en,Let Us Prey,"Rachel, a rookie cop, is about to begin her first night shift in a neglected police station in a Scottish, backwater town. The kind of place where the tide has gone out and stranded a motley bunch of the aimless, the forgotten, the bitter-and-twisted who all think that, really, they deserve to be somewhere else. They all think they're there by accident and that, with a little luck, life is going to get better. Wrong, on both counts. Six is about to arrive - and All Hell Will Break Loose!",23.1191,/7X5VhHwDaSLkrDoifRbfvGZJxFP.jpg,2014-04-17,False,False,5.73,384,"Thriller, Horror"
False,/6G6nqSW9S7EHA9HrYl0Z8uo2H7f.jpg,"14, 18, 10752",1417,Pan's Labyrinth,es,El laberinto del fauno,"In post–civil war Spain, 10-year-old Ofelia moves with her pregnant mother to live under the control of her cruel stepfather. Drawn into a mysterious labyrinth, she meets a faun who reveals that she may be a lost princess from an underground kingdom. To return to her true father, she must complete a series of surreal and perilous tasks that blur the line between reality and fantasy.",23.1148,/7wb2Ldp0oAx1lcZvffq9RfWoI2h.jpg,2006-10-11,False,False,7.769,11799,"Fantasy, Drama, War"
False,/cMnVmutb5mVgIBeiMOncAbwNjvG.jpg,27,439079,The Nun,en,The Nun,A priest with a dark past and a novice nearing her final vows are sent by the Vatican to Romania to investigate a nun's death and face a demonic force.,23.1041,/sFC1ElvoKGdHJIWRpNB3xWJ9lJA.jpg,2018-09-05,False,False,5.909,7343,Horror
False,/auJKGst3vXpJozHZh4nMFs0xWIU.jpg,"12, 28, 878",181812,Star Wars: The Rise of Skywalker,en,Star Wars: The Rise of Skywalker,"The surviving Resistance faces the First Order once again as the journey of Rey, Finn and Poe Dameron continues. With the power and knowledge of generations behind them, the final battle begins.",23.079,/db32LaOibwEliAmSL2jjDF6oDdj.jpg,2019-12-18,False,False,6.244,11215,"Adventure, Action, Science Fiction"
False,/cFcXilLbI7yjPIYB58AZiOyUnoh.jpg,"28, 12, 80",47971,xXx: Return of Xander Cage,en,xXx: Return of Xander Cage,"Xander Cage is left for dead after an incident, though he secretly returns to action for a new, tough assignment with his handler Augustus Gibbons.",23.073,/hba8zREJpP1AYhaXgb2oJLQeO0K.jpg,2017-01-13,False,False,6.126,9350,"Action, Adventure, Crime"
False,/yMatVGaUxw3Vi3Z0RsLetvcSYko.jpg,"10751, 14, 12",896536,The Legend of Ochi,en,The Legend of Ochi,"In a remote village on the island of Carpathia, a shy farm girl named Yuri is raised to fear an elusive animal species known as ochi. But when Yuri discovers a wounded baby ochi has been left behind, she escapes on a quest to bring him home.",23.0648,/qYyEelO4JfOwE0Ui5KsrCE0O8UA.jpg,2025-04-18,False,False,6.1,352,"Family, Fantasy, Adventure"
False,/kJaRWmy1BGq3pHyE94LOTteiHer.jpg,"28, 9648, 53",2501,The Bourne Identity,en,The Bourne Identity,"Wounded to the brink of death and suffering from amnesia, Jason Bourne is rescued at sea by a fisherman. With nothing to go on but a Swiss bank account number, he starts to reconstruct his life, but finds that many people he encounters want him dead. However, Bourne realizes that he has the combat and mental skills of a world-class spy—but who does he work for?",23.0555,/aP8swke3gmowbkfZ6lmNidu0y9p.jpg,2002-06-14,False,False,7.486,10439,"Action, Mystery, Thriller"
False,/sI6uCeF8mUlZx22mFfHSi9W3XQ9.jpg,"10402, 35, 10749, 18",843527,The Idea of You,en,The Idea of You,"40-year-old single mom Solène begins an unexpected romance with 24-year-old Hayes Campbell, the lead singer of August Moon, the hottest boy band on the planet. As they begin a whirlwind romance, it isn't long before Hayes' superstar status poses unavoidable challenges to their relationship, and Solène soon discovers that life in the glare of his spotlight might be more than she bargained for.",23.0458,/Y5P4Q3q8nrruZ9aD3wXeJS2Plg.jpg,2024-05-02,False,False,7.2,2041,"Music, Comedy, Romance, Drama"
False,/1PXwh3nJzgRkkYnqfWInJNypeL4.jpg,18,37799,The Social Network,en,The Social Network,"In 2003, Harvard undergrad and computer programmer Mark Zuckerberg begins work on a new concept that eventually turns into the global social network known as Facebook. Six years later, Mark is one of the youngest billionaires ever, but his unprecedented success leads to both personal and legal complications when he ends up on the receiving end of two lawsuits, one involving his former friend.",23.0336,/n0ybibhJtQ5icDqTp8eRytcIHJx.jpg,2010-10-01,False,False,7.377,13601,Drama
False,/c5MCkebYhFuhmi32x760HfcvLIO.jpg,"28, 12, 16, 35, 10751",417859,Puss in Boots,en,Puss in Boots,"Long before he even met Shrek, the notorious fighter, lover and outlaw Puss in Boots becomes a hero when he sets off on an adventure with the tough and street smart Kitty Softpaws and the mastermind Humpty Dumpty to save his town. This is the true story of The Cat, The Myth, The Legend... The Boots.",22.9705,/7a5Jzjr9TmffGy76y1SZhn3sCiz.jpg,2011-10-27,False,False,6.6,4779,"Action, Adventure, Animation, Comedy, Family"
False,/7FRraud59N3s10bbf9bfYjvwx3v.jpg,"53, 9648",402,Basic Instinct,en,Basic Instinct,"Catherine, a novelist with an insatiable sexual appetite, becomes a prime suspect when her boyfriend is brutally murdered -- a crime she had described in her latest story.",22.9029,/76Ts0yoHk8kVQj9MMnoMixhRWoh.jpg,1992-03-20,False,False,6.952,4566,"Thriller, Mystery"
False,/wvBx1Q1FcQE1BPLfBbgA3y9aaS1.jpg,27,30497,The Texas Chain Saw Massacre,en,The Texas Chain Saw Massacre,"Five friends head out to rural Texas to visit the grave of a grandfather. On the way, they stumble across what appears to be a deserted house, only to discover something sinister within. Something armed with a chainsaw.",22.8902,/mpgkRPH1GNkMCgdPk2OMyHzAks7.jpg,1974-10-11,False,False,7.3,3995,Horror
False,/y5tad0a4yRbxYgOHGllEIEeCCKt.jpg,"16, 10749, 14, 10751",10198,The Princess and the Frog,en,The Princess and the Frog,"A waitress, desperate to fulfill her dreams as a restaurant owner, is set on a journey to turn a frog prince back into a human being, but she has to face the same problem after she kisses him.",22.8532,/yprv5PbnEksoVj2v6XEnDBg9joR.jpg,2009-12-08,False,False,7.2,6313,"Animation, Romance, Fantasy, Family"
False,/y04gpYp8rJoUud6vf8okqHIdP4V.jpg,"80, 18, 53",1340206,Tuner,en,Tuner,"A gifted piano tuner's meticulous skills for tuning pianos lead him to discover an unexpected aptitude for cracking safes, turning his life upside down.",22.8492,/5OvA3i9wZs5jHu0DCrfmXlzAM67.jpg,2026-05-21,False,False,7.6,529,"Crime, Drama, Thriller"
False,/1yktYsxkmUtUFTUnCAUaqG6FEiz.jpg,"28, 53, 80",541671,Ballerina,en,Ballerina,"Taking place during the events of John Wick: Chapter 3 – Parabellum, Eve Macarro begins her training in the assassin traditions of the Ruska Roma.",22.8228,/2VUmvqsHb6cEtdfscEA6fqqVzLg.jpg,2025-06-04,False,False,7.265,3024,"Action, Thriller, Crime"
False,/dn3gbDpXPSwC6saMJOHkCiFA9jn.jpg,"14, 12, 10751, 35",974262,Descendants: The Rise of Red,en,Descendants: The Rise of Red,"After the Queen of Hearts incites a coup on Auradon, her rebellious daughter Red and Cinderella's perfectionist daughter Chloe join forces and travel back in time to try to undo the traumatic event that set Red's mother down her villainous path.",22.8138,/8fYluTtB3b3HKO7KQa5tzrvGaps.jpg,2024-07-11,False,False,6.7,532,"Fantasy, Adventure, Family, Comedy"
False,/i9oyhCYxIYH2082J0Rc3a3jQjRB.jpg,"27, 53",91586,Insidious: Chapter 2,en,Insidious: Chapter 2,The haunted Lambert family seeks to uncover the mysterious childhood secret that has left them dangerously connected to the spirit world.,22.7933,/w5JjiB3O1CLDXbTJe1QpU5RHmlU.jpg,2013-09-12,False,False,6.704,4788,"Horror, Thriller"
False,/2rjI2uXmjitMAaXVO21r9ao7v2j.jpg,"28, 35, 10749",746036,The Fall Guy,en,The Fall Guy,"Fresh off an almost career-ending accident, stuntman Colt Seavers has to track down a missing movie star, solve a conspiracy and try to win back the love of his life while still doing his day job.",22.769,/e7olqFmzcIX5c23kX4zSmLPJi8c.jpg,2024-04-24,False,False,6.9,4104,"Action, Comedy, Romance"
False,/zGCfnZ3bCowMY9So9ZGpsyuOYl3.jpg,"878, 28, 12, 53",336843,Maze Runner: The Death Cure,en,Maze Runner: The Death Cure,"Thomas leads his group of escaped Gladers on their final and most dangerous mission yet. To save their friends, they must break into the legendary Last City, a WCKD-controlled labyrinth that may turn out to be the deadliest maze of all. Anyone who makes it out alive will get answers to the questions the Gladers have been asking since they first arrived in the maze.",22.7543,/s8K0US4tUEoOrQ1LDh0eppuwGDx.jpg,2018-01-10,False,False,7.1,8606,"Science Fiction, Action, Adventure, Thriller"
False,/dTGECn8He16tZeBHQTLf6rVydE8.jpg,"80, 53, 18",302946,The Accountant,en,The Accountant,"As a math savant uncooks the books for a new client, the Treasury Department closes in on his activities and the body count starts to rise.",22.7458,/fceheXB5fC4WrLVuWJ6OZv9FXYr.jpg,2016-10-13,False,False,7.139,7639,"Crime, Thriller, Drama"
False,/2dlt9I2ga6hweywz9zsFUz1PVii.jpg,"878, 53, 27",604079,The Long Walk,en,The Long Walk,"In a dystopian 1970s America, fifty teenage boys take part in a deadly annual walking contest, forced to maintain a minimum pace or be executed, until only one survivor remains.",22.7308,/wobVTa99eW0ht6c1rNNzLkazPtR.jpg,2025-09-10,False,False,6.9,2012,"Science Fiction, Thriller, Horror"
False,/rleTwPqymtOpeD2bR7asJGEmldV.jpg,"10749, 35",114,Pretty Woman,en,Pretty Woman,"Vivian is a carefree, streetwise diamond in the rough when she meets sophisticated billionaire Edward in a chance encounter that turns into a week-long business arrangement. But Vivian's energetic spirit challenges Edward's no-nonsense approach to life, and soon they are teaching each other – and falling in love!",22.692,/oVKX1Pt1q7jXTkTk51mu2S0sAB0.jpg,1990-03-23,False,False,7.441,9231,"Romance, Comedy"
False,/wFN8llYh215M8i2fqWAcPV8CSyL.jpg,"16, 12, 10751, 35",49519,The Croods,en,The Croods,"The prehistoric Croods family live in a particularly dangerous moment in time. Patriarch Grug, his mate Ugga, teenage daughter Eep, son Thunk, and feisty Gran gather food by day and huddle together in a cave at night. When a more evolved caveman named Guy arrives on the scene, Grug is distrustful, but it soon becomes apparent that Guy is correct about the impending destruction of their world.",22.6321,/27zvjVOtOi5ped1HSlJKNsKXkFH.jpg,2013-03-15,False,False,7.0,7738,"Animation, Adventure, Family, Comedy"
False,/ePgD1cwmklyrFBjl6z96IuixuSY.jpg,"18, 878, 53",6479,I Am Legend,en,I Am Legend,"Robert Neville is a scientist who was unable to stop the spread of the terrible virus that was incurable and man-made. Immune, Neville is now the last human survivor in what is left of New York City and perhaps the world. For three years, Neville has faithfully sent out daily radio messages, desperate to find any other survivors who might be out there. But he is not alone.",22.5913,/iPDkaSdKk2jRLTM65UOEoKtsIZ8.jpg,2007-12-12,False,False,7.224,17401,"Drama, Science Fiction, Thriller"
False,/oLgtpxK4aGZ7S8aiE3rDwahqkL2.jpg,"18, 35",1124566,Sentimental Value,no,Affeksjonsverdi,"Sisters Nora and Agnes reunite with their estranged father, the charismatic Gustav, a once-renowned director who offers stage actress Nora a role in what he hopes will be his comeback film. When Nora turns it down, she soon discovers he has given her part to an eager young Hollywood star.",22.5821,/AcbS8VMysrTpG9r4dgK1oyLsKYn.jpg,2025-08-20,False,False,7.5,1128,"Drama, Comedy"
False,/oG9dcGSSu13fjFp1Uly15ZXjRKV.jpg,"16, 10751, 14, 12, 35, 10749",11970,Hercules,en,Hercules,"Bestowed with superhuman strength, a young mortal named Hercules sets out to prove himself a hero in the eyes of his father, the great god Zeus. Along with his friends Pegasus, a flying horse, and Phil, a personal trainer, Hercules is tricked by the hilarious, hotheaded villain Hades, who's plotting to take over Mount Olympus!",22.558,/dK9rNoC97tgX3xXg5zdxFisdfcp.jpg,1997-06-13,False,False,7.499,8147,"Animation, Family, Fantasy, Adventure, Comedy, Romance"
False,/zDIievPXqjfjLogXFqnnopU0OkK.jpg,"16, 35, 10751, 12",412117,The Secret Life of Pets 2,en,The Secret Life of Pets 2,"Max the terrier must cope with some major life changes when his owner gets married and has a baby. When the family takes a trip to the countryside, nervous Max has numerous run-ins with canine-intolerant cows, hostile foxes and a scary turkey. Luckily for Max, he soon catches a break when he meets Rooster, a gruff farm dog who tries to cure the lovable pooch of his neuroses.",22.529,/s9xg4V5EDKiphgIksVJ9gewBM11.jpg,2019-05-24,False,False,6.95,3432,"Animation, Comedy, Family, Adventure"
False,/v2LilmCylr3bL9TCZSj6syjowZh.jpg,"35, 18",937278,A Man Called Otto,en,A Man Called Otto,"When a lively young family moves in next door, grumpy widower Otto Anderson meets his match in a quick-witted, pregnant woman named Marisol, leading to an unlikely friendship that turns his world upside down.",22.5124,/130H1gap9lFfiTF9iDrqNIkFvC9.jpg,2022-12-28,False,False,7.7,3804,"Comedy, Drama"
False,/49fzLedFVKgGgFChLMuulDJBY1c.jpg,"18, 10752",28,Apocalypse Now,en,Apocalypse Now,"At the height of the Vietnam war, Captain Benjamin Willard is sent on a dangerous mission that, officially, ""does not exist, nor will it ever exist."" His goal is to locate - and eliminate - a mysterious Green Beret Colonel named Walter Kurtz, who has been leading his personal army on illegal guerrilla missions into enemy territory.",22.5036,/gQB8Y5RCMkv2zwzFHbUJX3kAhvA.jpg,1979-05-19,False,False,8.258,9440,"Drama, War"
False,/4BSJVRQ3EsHMIVZSiKz1l58jDhg.jpg,"27, 9648",1480387,undertone,en,undertone,The host of a popular paranormal podcast becomes haunted by terrifying recordings mysteriously sent her way.,22.5034,/2PFgFMnrdCPXWiZl1PUvky7Mo9D.jpg,2026-03-12,False,False,6.0,691,"Horror, Mystery"
False,/xUWf5xX0AnZgAnYXAMk03zTbsef.jpg,"35, 10749, 18",508,Love Actually,en,Love Actually,Eight very different couples deal with their love lives in various loosely interrelated tales all set during a frantic month before Christmas in London.,22.4994,/7QPeVsr9rcFU9Gl90yg0gTOTpVv.jpg,2003-09-07,False,False,7.098,7600,"Comedy, Romance, Drama"
False,/gBmrsugfWpiXRh13Vo3j0WW55qD.jpg,"12, 878, 53",351286,Jurassic World: Fallen Kingdom,en,Jurassic World: Fallen Kingdom,"Three years after Jurassic World was destroyed, Isla Nublar now sits abandoned. When the island's dormant volcano begins roaring to life, Owen and Claire mount a campaign to rescue the remaining dinosaurs from this extinction-level event.",22.4955,/x2Us3jR6ToMJjbcPbLimYoxf6xr.jpg,2018-06-06,False,False,6.523,13063,"Adventure, Science Fiction, Thriller"
False,/bInicBgSHfQiWLbnRT5jxw9Grvm.jpg,"12, 53, 878",74,War of the Worlds,en,War of the Worlds,"Ray Ferrier is a divorced dockworker and less-than-perfect father. Soon after his ex-wife and her new husband drop off his teenage son and young daughter for a rare weekend visit, a strange and powerful lightning storm touches down.",22.4953,/6Biy7R9LfumYshur3YKhpj56MpB.jpg,2005-06-28,False,False,6.6,9604,"Adventure, Thriller, Science Fiction"
False,/1Ds7xy7ILo8u2WWxdnkJth1jQVT.jpg,"28, 12, 35",752623,The Lost City,en,The Lost City,"Reclusive author Loretta Sage writes about exotic places in her popular adventure novels that feature a handsome cover model named Alan. While on tour promoting her new book with Alan, Loretta gets kidnapped by an eccentric billionaire who hopes she can lead him to the ancient city's lost treasure that featured in her latest story. Alan, determined to prove he can be a hero in real life and not just on the pages of her books, sets off to rescue her.",22.4767,/rnheO8cFvCYcmZsDrBoabJbKLFE.jpg,2022-03-23,False,False,6.4,4152,"Action, Adventure, Comedy"
False,/j9ZV0UOagjQ4seR8Hd5N6JfwdTP.jpg,"878, 28, 12",320288,Dark Phoenix,en,Dark Phoenix,"The X-Men face their most formidable and powerful foe when one of their own, Jean Grey, starts to spiral out of control. During a rescue mission in outer space, Jean is nearly killed when she's hit by a mysterious cosmic force. Once she returns home, this force not only makes her infinitely more powerful, but far more unstable. The X-Men must now band together to save her soul and battle aliens that want to use Grey's new abilities to rule the galaxy.",22.4601,/cCTJPelKGLhALq3r51A9uMonxKj.jpg,2019-06-05,False,False,5.959,7352,"Science Fiction, Action, Adventure"
False,/7x4SNxO5HWArighxxFeet5sn3il.jpg,"28, 14",364,Batman Returns,en,Batman Returns,"The monstrous Penguin, who dwells in the sewers beneath Gotham, joins up with corrupt mayoral candidate Max Shreck to topple the Batman once and for all. But when Shreck's timid assistant Selina Kyle finds out, and Shreck tries to kill her, she's transformed into the sexy Catwoman. She teams up with the Penguin and Shreck to destroy Batman, but sparks fly unexpectedly when she confronts the caped crusader.",22.4571,/jKBjeXM7iBBV9UkUcOXx3m7FSHY.jpg,1992-06-19,False,False,6.954,7332,"Action, Fantasy"
False,/z354BaTVzKj7E60WLzDoSmUuO4u.jpg,"18, 28, 10752",616,The Last Samurai,en,The Last Samurai,"Nathan Algren is an American hired to instruct the Japanese army in the ways of modern warfare, which finds him learning to respect the samurai and the honorable principles that rule them. Pressed to destroy the samurai's way of life in the name of modernization and open trade, Algren decides to become an ultimate warrior himself and to fight for their right to exist.",22.4506,/a8jmJPs5eZBARmnuEEvZwbjwyz4.jpg,2003-12-05,False,False,7.612,7823,"Drama, Action, War"
False,/iPqoeXEfByDN399PQQ42IJHV2kN.jpg,"12, 14, 10749",50619,The Twilight Saga: Breaking Dawn - Part 1,en,The Twilight Saga: Breaking Dawn - Part 1,Bella Swan and Edward Cullen's honeymoon phase is abruptly disrupted by betrayals and unforeseen tragedies that endanger their world.,22.4144,/qs8LsHKYlVRmJbFUiSUhhRAygwj.jpg,2011-11-16,False,False,6.184,9450,"Adventure, Fantasy, Romance"
False,/gTghF8ardwJ48XLHkiapWk3ZmSo.jpg,"80, 35",107,Snatch,en,Snatch,"Unscrupulous boxing promoters, violent bookies, a Russian gangster, incompetent amateur robbers, and supposedly Jewish jewellers fight to track down a priceless stolen diamond.",22.4131,/kJZoAHq1SLDdWjeNGtlHAnGpmFV.jpg,2000-09-01,False,False,7.8,10346,"Crime, Comedy"
False,/4fLZUr1e65hKPPVw0R3PmKFKxj1.jpg,"16, 35, 10751, 10749",976573,Elemental,en,Elemental,"In a city where fire, water, land and air residents live together, a fiery young woman and a go-with-the-flow guy will discover something elemental: how much they have in common.",22.3991,/4Y1WNkd88JXmGfhtWR7dmDAo1T2.jpg,2023-06-14,False,False,7.6,5573,"Animation, Comedy, Family, Romance"
False,/eQC3h5fyEjNhSULe7yQlFaDkSub.jpg,35,1336166,Rolling Loud: The Movie,en,Rolling Loud: The Movie,"Desperate to reconnect with his distant son, a father secretly takes him to the chaos of Rolling Loud, only to plunge into a wild, frantic search across the massive hip-hop festival when the 13-year-old vanishes into the crowd.",22.3744,/kx4ippA15v1Qc1xZjsjrb2r8NQZ.jpg,2026-10-02,False,False,8.0,1,Comedy
False,/1K3JmSNUN8OpjYsCjc0Hy0SYxAb.jpg,"878, 12, 28",102899,Ant-Man,en,Ant-Man,"Armed with the astonishing ability to shrink in scale but increase in strength, master thief Scott Lang must embrace his inner-hero and help his mentor, Doctor Hank Pym, protect the secret behind his spectacular Ant-Man suit from a new generation of towering threats. Against seemingly insurmountable obstacles, Pym and Lang must plan and pull off a heist that will save the world.",22.3623,/rQRnQfUl3kfp78nCWq8Ks04vnq1.jpg,2015-07-14,False,False,7.066,21333,"Science Fiction, Adventure, Action"
False,/bHfGHipZ32Oec94FDJO4mWs3aZ5.jpg,27,1034541,Terrifier 3,en,Terrifier 3,"Five years after surviving Art the Clown's Halloween massacre, Sienna and Jonathan are still struggling to rebuild their shattered lives. As the holiday season approaches, they try to embrace the Christmas spirit and leave the horrors of the past behind. But just when they think they're safe, Art returns, determined to turn their holiday cheer into a new nightmare. The festive season quickly unravels as Art unleashes his twisted brand of terror, proving that no holiday is safe.",22.3055,/ju10W5gl3PPK3b7TjEmVOZap51I.jpg,2024-10-09,False,False,6.7,2058,Horror
False,/grY5sfuT9YeXWlp4JYCmRZVqjk0.jpg,"10751, 16, 35, 14",481084,The Addams Family,en,The Addams Family,"The Addams family's lives begin to unravel when they face-off against a treacherous, greedy crafty reality-TV host while also preparing for their extended family to arrive for a major celebration.",22.2984,/q1epO0eO8DWu8Vo8tPfvVlzW48T.jpg,2019-10-10,False,False,6.607,2550,"Family, Animation, Comedy, Fantasy"
False,/61MrK5U4w4MVL1vfwoG12zYPJ8B.jpg,"28, 53",615457,Nobody,en,Nobody,"Hutch Mansell, a suburban dad, overlooked husband, nothing neighbor — a ""nobody."" When two thieves break into his home one night, Hutch's unknown long-simmering rage is ignited and propels him on a brutal path that will uncover dark secrets he fought to leave behind.",22.2719,/oBgWY00bEFeZ9N25wWVyuQddbAo.jpg,2021-03-18,False,False,7.859,8786,"Action, Thriller"
False,/hy0Hx9fMPk2fmw26Li60z1S2giU.jpg,"18, 80, 53",629,The Usual Suspects,en,The Usual Suspects,"Held in an L.A. interrogation room, Verbal Kint attempts to convince the feds that a mythic crime lord, Keyser Soze, not only exists, but was also responsible for drawing him and his four partners into a multi-million dollar heist that ended with an explosion in San Pedro harbor – leaving few survivors. Verbal lures his interrogators with an incredible story of the crime lord's almost supernatural prowess.",22.2708,/99X2SgyFunJFXGAYnDv3sb9pnUD.jpg,1995-07-19,False,False,8.2,11819,"Drama, Crime, Thriller"
False,/7C921eWK06n12c1miRXnYoEu5Yv.jpg,"12, 28, 14",166426,Pirates of the Caribbean: Dead Men Tell No Tales,en,Pirates of the Caribbean: Dead Men Tell No Tales,"Thrust into an all-new adventure, a down-on-his-luck Capt. Jack Sparrow feels the winds of ill-fortune blowing even more strongly when deadly ghost sailors led by his old nemesis, the evil Capt. Salazar, escape from the Devil's Triangle. Jack's only hope of survival lies in seeking out the legendary Trident of Poseidon, but to find it, he must forge an uneasy alliance with a brilliant and beautiful astronomer and a headstrong young man in the British navy.",22.2682,/6lAPOAFYFWIO3SQRemEY2wInQMC.jpg,2017-05-23,False,False,6.665,13126,"Adventure, Action, Fantasy"
False,/8BTsTfln4jlQrLXUBquXJ0ASQy9.jpg,"12, 28, 878",140607,Star Wars: The Force Awakens,en,Star Wars: The Force Awakens,"Thirty years after defeating the Galactic Empire, Han Solo and his allies face a new threat from the evil Kylo Ren and his army of Stormtroopers.",22.2346,/wqnLdwVXoBjKibFRR5U3y0aDUhs.jpg,2015-12-15,False,False,7.24,20988,"Adventure, Action, Science Fiction"
False,/uUa6jgSr5BQpcBhhaz1PV1JhSa4.jpg,"12, 28, 878",20526,TRON: Legacy,en,TRON: Legacy,"Sam Flynn, the tech-savvy and daring son of Kevin Flynn, investigates his father's disappearance and is pulled into The Grid. With the help of a mysterious program named Quorra, Sam quests to stop evil dictator Clu from crossing into the real world.",22.2264,/xcO8Uun0mfmE3N9CaiCy0tvjpiu.jpg,2010-12-14,False,False,6.55,8200,"Adventure, Action, Science Fiction"
False,/6gI1dAkOaUQ6659OdRPsTLlsem5.jpg,"16, 10751, 12, 35, 14",137106,The Lego Movie,en,The Lego Movie,"An ordinary Lego mini-figure, mistakenly thought to be the extraordinary MasterBuilder, is recruited to join a quest to stop an evil Lego tyrant from conquering the universe.",22.2091,/lbctonEnewCYZ4FYoTZhs8cidAl.jpg,2014-02-06,False,False,7.433,8767,"Animation, Family, Adventure, Comedy, Fantasy"
False,/fx2cEuadZK28VHKkc0F1nFR96i0.jpg,"27, 35",1266127,Ready or Not: Here I Come,en,Ready or Not: Here I Come,"Moments after surviving an all-out attack from the Le Domas family, Grace discovers she’s reached the next level of the nightmarish game — and this time with her estranged sister Faith at her side. Grace has one chance to survive, keep her sister alive, and claim the High Seat of the Council that controls the world. Four rival families are hunting her for the throne, and whoever wins rules it all.",22.2017,/13ZcJzSGEqVgDSqsS9U5EkQwPkV.jpg,2026-03-19,False,False,7.535,1703,"Horror, Comedy"
False,/xECaVCK8nT1KCKdGg01mQgizuOd.jpg,"27, 53",13207,Friday the 13th,en,Friday the 13th,A group of young adults visit a boarded up campsite named Crystal Lake where they soon encounter the mysterious Jason Voorhees and his deadly intentions.,22.1839,/88wlJ4teYlck4hJ2bnlxBrAVh0m.jpg,2009-02-11,False,False,5.8,2956,"Horror, Thriller"
False,/W1ffLQGHoxfAOq0ZYdPtJlvAdb.jpg,"878, 18, 10749",38,Eternal Sunshine of the Spotless Mind,en,Eternal Sunshine of the Spotless Mind,"Joel Barish, heartbroken that his girlfriend underwent a procedure to erase him from her memory, decides to do the same. However, as he watches his memories of her fade away, he realises that he still loves her, and may be too late to correct his mistake.",22.154,/5MwkWH9tYHv3mV9OdYTMR5qreIz.jpg,2004-03-19,False,False,8.089,16820,"Science Fiction, Drama, Romance"
False,/z2jsAbXWGdJvadhovznjGg33VND.jpg,"12, 16, 14",81,Warriors of the Wind,ja,風の谷のナウシカ,"After a global war, the seaside kingdom known as the Valley of the Wind remains one of the last strongholds on Earth untouched by a poisonous jungle and the powerful insects that guard it. Led by the courageous Princess Nausicaä, the people of the Valley engage in an epic struggle to restore the bond between humanity and Earth.",22.1526,/tcrkfB8SRPQCgwI88hQScua6nxh.jpg,1984-03-11,False,False,7.9,4234,"Adventure, Animation, Fantasy"
False,/uI22JkEMediWyiRqhllNqeeGtW0.jpg,"80, 18, 28",949,Heat,en,Heat,Obsessive master thief Neil McCauley leads a top-notch crew on various daring heists throughout Los Angeles while determined detective Vincent Hanna pursues him without rest. Each man recognizes and respects the ability and the dedication of the other even though they are aware their cat-and-mouse game may end in violence.,22.1141,/umSVjVdbVwtx5ryCA2QXL44Durm.jpg,1995-12-15,False,False,7.944,8766,"Crime, Drama, Action"
False,/qsxhnirlp7y4Ae9bd11oYJSX59j.jpg,"10751, 16, 35, 14, 12, 10402",446893,Trolls World Tour,en,Trolls World Tour,"Queen Poppy and Branch make a surprising discovery — there are other Troll worlds beyond their own, and their distinct differences create big clashes between these various tribes. When a mysterious threat puts all of the Trolls across the land in danger, Poppy, Branch, and their band of friends must embark on an epic quest to create harmony among the feuding Trolls to unite them against certain doom.",22.0936,/7W0G3YECgDAfnuiHG91r8WqgIOe.jpg,2020-03-11,False,False,7.2,2315,"Family, Animation, Comedy, Fantasy, Adventure, Music"
False,/wWqTMWkEw6HouLd1zPZbZWxtAPr.jpg,"28, 878, 12",399566,Godzilla vs. Kong,en,Godzilla vs. Kong,"In a time when monsters walk the Earth, humanity’s fight for its future sets Godzilla and Kong on a collision course that will see the two most powerful forces of nature on the planet collide in a spectacular battle for the ages.",22.087,/pgqgaUx1cJb5oZQQ5v0tNARCeBp.jpg,2021-03-24,False,False,7.5,10860,"Action, Science Fiction, Adventure"
False,/eVHVwP71el20fofkCHo78ebQv7Q.jpg,"80, 35, 28",343668,Kingsman: The Golden Circle,en,Kingsman: The Golden Circle,"When an attack on the Kingsman headquarters takes place and a new villain rises, Eggsy and Merlin are forced to work together with the American agency known as the Statesman to save the world.",22.0519,/34xBL6BXNYFqtHO9zhcgoakS4aP.jpg,2017-09-20,False,False,6.941,11433,"Crime, Comedy, Action"
False,/oHBhHoNe59VH6bUMazDtJmWOFSS.jpg,"878, 27, 28",940721,Godzilla Minus One,ja,ゴジラ-1.0,"In postwar Japan, Godzilla brings new devastation to an already scorched landscape. With no military intervention or government help in sight, the survivors must join together in the face of despair and fight back against an unrelenting horror.",22.0389,/2E2WTX0TJEflAged6kzErwqX1kt.jpg,2023-11-03,False,False,7.601,3484,"Science Fiction, Horror, Action"
False,/4mKczHAW4XPDXGk7V5k7Ui3dgUk.jpg,"18, 36",1317149,I Swear,en,I Swear,"Diagnosed with Tourette Syndrome at 15, John Davidson navigates his way against the odds through troubled teenage years and into adulthood, finding inspiration in the kindness of others to discover his true purpose in life.",22.02,/vUwyhNWBKkSwK8ELvEeBRwV724h.jpg,2025-09-22,False,False,8.3,609,"Drama, History"
False,/eAouIDoMDhLetm6CtmDKIGEaaCi.jpg,"36, 80, 18",1380417,By Any Means,en,By Any Means,"In 1960s Mississippi, a young Black FBI agent is forced to partner with a notorious mafia hitman to investigate a wave of brutal civil rights murders.",22.019,/f4hdIed8vh10O8TkQ1CkHS8MQ3G.jpg,2026-09-02,False,False,7.5,27,"History, Crime, Drama"
False,/vYIUN5rrCncHFY8WvcuXQlM4hk5.jpg,"28, 12",177677,Mission: Impossible - Rogue Nation,en,Mission: Impossible - Rogue Nation,"Ethan and team take on their most impossible mission yet—eradicating 'The Syndicate', an International and highly-skilled rogue organization committed to destroying the IMF.",21.9908,/fRJLXQBHK2wyznK5yZbO7vmsuVK.jpg,2015-07-28,False,False,7.2,10002,"Action, Adventure"
False,/ff2ti5DkA9UYLzyqhQfI2kZqEuh.jpg,"28, 53",245891,John Wick,en,John Wick,Ex-hitman John Wick comes out of retirement to track down the gangsters that took everything from him.,21.9887,/wXqWR7dHncNRbxoEGybEy7QTe9h.jpg,2014-10-16,False,False,7.464,21436,"Action, Thriller"
False,/d72ROyJqXQtw2OupW0l15eicRAF.jpg,"27, 12, 28",7131,Van Helsing,en,Van Helsing,Famed monster slayer Gabriel Van Helsing is dispatched to Transylvania to assist the last of the Valerious bloodline in defeating Count Dracula. Anna Valerious reveals that Dracula has formed an unholy alliance with Dr. Frankenstein's monster and is hell-bent on exacting a centuries-old curse on her family.,21.9795,/gsFun8nATm52aGHeT8ueAel98nE.jpg,2004-05-03,False,False,6.4,6890,"Horror, Adventure, Action"
False,/oq3IOr7QvEmei0eXsXacqaMPqlV.jpg,"28, 35, 12",4327,Charlie's Angels,en,Charlie's Angels,"The captivating crime-fighting trio who are masters of disguise, espionage and martial arts are back! When a devious mastermind embroils them in a plot to destroy individual privacy, the Angels, aided by their loyal sidekick Bosley, set out to bring down the bad guys. But when a terrible secret is revealed, it makes the Angels targets for assassination.",21.9346,/paDTaHGLxhacythNZCT86VPanm6.jpg,2000-11-02,False,False,5.9,4660,"Action, Comedy, Adventure"
False,/3dLjNqylxtfgKelBJse5OWqhggf.jpg,"28, 12, 16, 10751, 14",81188,Rise of the Guardians,en,Rise of the Guardians,"When an evil spirit known as Pitch lays down the gauntlet to take over the world, the immortal Guardians must join forces for the first time to protect the hopes, beliefs and imagination of children all over the world.",21.9309,/yfzmfWGjcmyugH6FZ13WcsUGiNj.jpg,2012-11-21,False,False,7.4,7313,"Action, Adventure, Animation, Family, Fantasy"
False,/irpJXGiVr539uuspcQcNdkhS2lq.jpg,"16, 28, 35, 10751, 878",38055,Megamind,en,Megamind,"After Megamind, a highly intelligent alien supervillain, defeats his long-time nemesis Metro Man, Megamind creates a new hero to fight, but must act to save the city when his ""creation"" becomes an even worse villain than he was.",21.8906,/uZ9ytt3sPTx62XTfN56ILSuYWRe.jpg,2010-10-28,False,False,7.042,7731,"Animation, Action, Comedy, Family, Science Fiction"
False,/dBgxEkWe17R0AJDAvAhpeVELQx2.jpg,"28, 18, 10749",744,Top Gun,en,Top Gun,"For Lieutenant Pete 'Maverick' Mitchell and his friend and co-pilot Nick 'Goose' Bradshaw, being accepted into an elite training school for fighter pilots is a dream come true. But a tragedy, as well as personal demons, will threaten Pete's dreams of becoming an ace pilot.",21.888,/xUuHj3CgmZQ9P2cMaqQs4J0d4Zc.jpg,1986-05-16,False,False,7.1,9976,"Action, Drama, Romance"
False,/qlfqDJ9Piv5ufzYA8j2319mwKZU.jpg,"14, 10770, 10751, 12",1318621,Descendants: Wicked Wonderland,en,Descendants: Wicked Wonderland,"Now that the Queen of Hearts is nice and Cinderella is safe, things seem perfect for Red and Chloe… But little do they know that changing the past created a new villain — Maddox Hatter. When Maddox captures the Queen of Hearts, Red and Chloe must work alongside Red’s new sister Pink, Luisa Madrigal’s son Luis, and Maddox’s son Max to save her and Wonderland.",21.8803,/xdhLAADGSse8KCrsDLBuM5b68Cg.jpg,2026-07-16,False,False,7.5,189,"Fantasy, TV Movie, Family, Adventure"
False,/6aRuABAdhuuDypLGscM7HoEWHx4.jpg,"18, 10752, 36",14574,The Boy in the Striped Pyjamas,en,The Boy in the Striped Pyjamas,"When his family moves from their home in Berlin to a strange new house in Poland, young Bruno befriends Shmuel, a boy who lives on the other side of the fence where everyone seems to be wearing striped pajamas. Unaware of Shmuel's fate as a Jewish prisoner or the role his own Nazi father plays in his imprisonment, Bruno embarks on a dangerous journey inside the camp's walls.",21.8589,/2C8QCXdMlojTxZjfBlINr4FWcb6.jpg,2008-05-07,False,False,7.8,7868,"Drama, War, History"
False,/1RWLMyC9KcFfcaoViMiJGSSZzzr.jpg,"28, 12, 878",100402,Captain America: The Winter Soldier,en,Captain America: The Winter Soldier,"After the cataclysmic events in New York with The Avengers, Steve Rogers, aka Captain America is living quietly in Washington, D.C. and trying to adjust to the modern world. But when a S.H.I.E.L.D. colleague comes under attack, Steve becomes embroiled in a web of intrigue that threatens to put the world at risk. Joining forces with the Black Widow, Captain America struggles to expose the ever-widening conspiracy while fighting off professional assassins sent to silence him at every turn. When the full scope of the villainous plot is revealed, Captain America and the Black Widow enlist the help of a new ally, the Falcon. However, they soon find themselves up against an unexpected and formidable enemy—the Winter Soldier.",21.8205,/tVFRpFw3xTedgPGqxW0AOI8Qhh0.jpg,2014-03-20,False,False,7.655,20546,"Action, Adventure, Science Fiction"
False,/mUYV0ZdsDEliGaQahcQH1F3grsP.jpg,"16, 10751, 12",10674,Mulan,en,Mulan,"When Imperial China calls one man from every family to defend the empire from invading Huns, a young woman disguises herself as a soldier to take her ailing father’s place. Facing ruthless invaders, brutal training, and the risk of execution if discovered, she must decide who she truly is— and what she’s willing to fight for.",21.8118,/jAbexAtB0aSfP5Ay4TpWHARyVnG.jpg,1998-06-18,False,False,7.903,10723,"Animation, Family, Adventure"
False,/A1dZ6faTjg0e6HYftBmEKujuXGQ.jpg,"35, 14",917496,Beetlejuice Beetlejuice,en,Beetlejuice Beetlejuice,"After a family tragedy, three generations of the Deetz family return home to Winter River. Still haunted by Betelgeuse, Lydia's life is turned upside down when her teenage daughter, Astrid, accidentally opens the portal to the Afterlife.",21.8079,/kKgQzkUCnQmeTPkyIwHly2t6ZFI.jpg,2024-09-04,False,False,6.917,3365,"Comedy, Fantasy"
False,/hqyjzDRCs1N5gEsh2gklzPdsEFD.jpg,"28, 53, 12",56292,Mission: Impossible - Ghost Protocol,en,Mission: Impossible - Ghost Protocol,"Ethan Hunt and his team are racing against time to track down a dangerous terrorist named Hendricks, who has gained access to Russian nuclear launch codes and is planning a strike on the United States. An attempt to stop him ends in an explosion causing severe destruction to the Kremlin and the IMF to be implicated in the bombing, forcing the President to disavow them. No longer being aided by the government, Ethan and his team chase Hendricks around the globe, although they might still be too late to stop a disaster.",21.8049,/eRZTGx7GsiKqPch96k27LK005ZL.jpg,2011-12-07,False,False,7.119,11063,"Action, Thriller, Adventure"
False,/ww1eIoywghjoMzRLRIcbJLuKnJH.jpg,"28, 53, 80",343611,Jack Reacher: Never Go Back,en,Jack Reacher: Never Go Back,"Years after resigning command of an elite military police unit, the nomadic, righter-of-wrongs Reacher is drawn back into the life he left behind when his friend and successor, Major Susan Turner is framed for espionage. Reacher will stop at nothing to prove her innocence and to expose the real perpetrators behind the killings of his former soldiers.",21.8022,/cOg3UT2NYWHZxp41vpxAnVCOC4M.jpg,2016-10-19,False,False,6.032,5519,"Action, Thriller, Crime"
False,/pVVobDO8cezhVPvwD6EBUN0g3mt.jpg,"14, 28, 878",353491,The Dark Tower,en,The Dark Tower,A boy haunted by visions of a parallel world aids its disillusioned guardian in preventing the destruction of the nexus of universes known as the Dark Tower.,21.7959,/i9GUSgddIqrroubiLsvvMRYyRy0.jpg,2017-08-03,False,False,5.8,5709,"Fantasy, Action, Science Fiction"
False,/6n53UI4mX9QMfe2S0Pgt8mGebY1.jpg,"35, 10749",194,Amélie,fr,Le Fabuleux Destin d'Amélie Poulain,"At a tiny Parisian café, the adorable yet painfully shy Amélie accidentally discovers a gift for helping others. Soon Amelie is spending her days as a matchmaker, guardian angel, and all-around do-gooder. But when she bumps into a handsome stranger, will she find the courage to become the star of her very own love story?",21.7828,/nSxDa3M9aMvGVLoItzWTepQ5h5d.jpg,2001-04-25,False,False,7.9,12715,"Comedy, Romance"
False,/3SozaNPOYUadcmTPgndDibMyDNC.jpg,"878, 28, 18, 53",119450,Dawn of the Planet of the Apes,en,Dawn of the Planet of the Apes,"A group of scientists in San Francisco struggle to stay alive in the aftermath of a plague that is wiping out humanity, while Caesar tries to maintain dominance over his community of intelligent apes.",21.7703,/mSmAc9G25fhOHH45SLEeagR0qi7.jpg,2014-07-08,False,False,7.3,12554,"Science Fiction, Action, Drama, Thriller"
False,/7g1zO5t0bd27Iqn5ZUDJmksOGPJ.jpg,"18, 9648, 37",273248,The Hateful Eight,en,The Hateful Eight,Bounty hunters seek shelter from a raging blizzard and get caught up in a plot of betrayal and deception.,21.7491,/jIywvdPjia2t3eKYbjVTcwBQlG8.jpg,2015-12-25,False,False,7.755,15687,"Drama, Mystery, Western"
False,/zmX7ObPaRfiCmY6LMalUb1bJDKj.jpg,"16, 28, 12, 14, 10751",527774,Raya and the Last Dragon,en,Raya and the Last Dragon,"Long ago, in the fantasy world of Kumandra, humans and dragons lived together in harmony. But when an evil force threatened the land, the dragons sacrificed themselves to save humanity. Now, 500 years later, that same evil has returned and it’s up to a lone warrior, Raya, to track down the legendary last dragon to restore the fractured land and its divided people.",21.7473,/5nVhgCzxKbK47OLIKxCR1syulOn.jpg,2021-03-03,False,False,7.788,7473,"Animation, Action, Adventure, Fantasy, Family"
False,/PrMb3oeEluauy0q9ZO5xL33A6C.jpg,"878, 28, 53",180,Minority Report,en,Minority Report,"John Anderton is a top 'Precrime' cop in the late-21st century, when technology can predict crimes before they're committed. But Anderton becomes the quarry when another investigator targets him for a murder charge.",21.7304,/qtgFcnwh9dAFLocsDk2ySDVS8UF.jpg,2002-06-20,False,False,7.355,9994,"Science Fiction, Action, Thriller"
False,/aJMhYOP80cVBtq5ku3uyqASF3Ol.jpg,"28, 12, 35, 878",607,Men in Black,en,Men in Black,"After a police chase with an otherworldly being, a New York City cop is recruited as an agent in a top-secret organization established to monitor and police alien activity on Earth: the Men in Black. Agent K and new recruit Agent J find themselves in the middle of a deadly plot by an intergalactic terrorist who has arrived on Earth to assassinate two ambassadors from opposing galaxies.",21.7121,/uLOmOF5IzWoyrgIF5MfUnh5pa1X.jpg,1997-07-02,False,False,7.231,15278,"Action, Adventure, Comedy, Science Fiction"
False,/3czpqXzFy5UcNuD1AubecRLWkwD.jpg,"28, 12, 878",127585,X-Men: Days of Future Past,en,X-Men: Days of Future Past,The ultimate X-Men ensemble fights a war for the survival of the species across two time periods as they join forces with their younger selves in an epic battle that must change the past – to save our future.,21.6897,/tYfijzolzgoMOtegh1Y7j2Enorg.jpg,2014-05-15,False,False,7.537,16748,"Action, Adventure, Science Fiction"
False,/tKnmfO5lAyu8hpTZMyMaI4lhZpJ.jpg,"27, 9648",9358,Final Destination 2,en,Final Destination 2,"When Kimberly has a violent premonition of a highway pileup she blocks the freeway, keeping a few others meant to die, safe...Or are they? The survivors mysteriously start dying and it's up to Kimberly to stop it before she's next.",21.6714,/vnFgxRlLTA9fDNcGXLiHmgwmIEo.jpg,2003-01-31,False,False,6.32,5067,"Horror, Mystery"
False,/oFQilRMEq6yQbtMPxIYWpXeQ5ZN.jpg,"80, 53",291805,Now You See Me 2,en,Now You See Me 2,"One year after outwitting the FBI and winning the public’s adulation with their mind-bending spectacles, the Four Horsemen resurface only to find themselves face to face with a new enemy who enlists them to pull off their most dangerous heist yet.",21.6699,/A81kDB6a1K86YLlcOtZB27jriJh.jpg,2016-06-02,False,False,6.8,11860,"Crime, Thriller"
False,/fwrqW8Lp5VQuppFrODd4iJ8LySE.jpg,"28, 12, 9648",335787,Uncharted,en,Uncharted,"A young street-smart, Nathan Drake and his wisecracking partner Victor “Sully” Sullivan embark on a dangerous pursuit of “the greatest treasure never found” while also tracking clues that may lead to Nathan’s long-lost brother.",21.6594,/rJHC1RUORuUhtfNb4Npclx0xnOf.jpg,2022-02-10,False,False,6.9,7209,"Action, Adventure, Mystery"
False,/3G1Q5xF40HkUBJXxt2DQgQzKTp5.jpg,"16, 35, 10751, 14",568124,Encanto,en,Encanto,"The tale of an extraordinary family, the Madrigals, who live hidden in the mountains of Colombia, in a magical house, in a vibrant town, in a wondrous, charmed place called an Encanto. The magic of the Encanto has blessed every child in the family—every child except one, Mirabel. But when she discovers that the magic surrounding the Encanto is in danger, Mirabel decides that she, the only ordinary Madrigal, might just be her exceptional family's last hope.",21.6522,/4j0PNHkMr5ax3IA8tjtxcmPU3QT.jpg,2021-11-24,False,False,7.6,10426,"Animation, Comedy, Family, Fantasy"
False,/uvitbjFU4JqvMwIkMWHp69bmUzG.jpg,"18, 80",598,City of God,pt,Cidade de Deus,"In the poverty-stricken favelas of Rio de Janeiro in the 1970s, two young men choose different paths. Rocket is a budding photographer who documents the increasing drug-related violence of his neighborhood, while José “Zé” Pequeno is an ambitious drug dealer diving into a dangerous life of crime.",21.5995,/k7eYdWvhYQyRQoU2TB2A2Xu2TfD.jpg,2002-08-30,False,False,8.425,8498,"Drama, Crime"
False,/wxr4Z6E83h14CogsZOzDm1vuDX3.jpg,"878, 28, 12",91314,Transformers: Age of Extinction,en,Transformers: Age of Extinction,"As humanity picks up the pieces after the battle of Chicago, a shadowy group reveals itself in an attempt to control the direction of history…while an ancient, powerful new menace sets Earth in its crosshairs. With help from Cade Yeager, Optimus Prime and the Autobots rise to meet their most fearsome challenge yet.",21.5885,/jyzrfx2WaeY60kYZpPYepSjGz4S.jpg,2014-06-25,False,False,6.0,8989,"Science Fiction, Action, Adventure"
False,/tS3ByIQR6V61DaWhEIFbLSuLK5Q.jpg,"12, 28, 878",44912,Green Lantern,en,Green Lantern,"For centuries, a small but powerful force of warriors called the Green Lantern Corps has sworn to keep intergalactic order. Each Green Lantern wears a ring that grants him superpowers. But when a new enemy called Parallax threatens to destroy the balance of power in the Universe, their fate and the fate of Earth lie in the hands of the first human ever recruited.",21.5848,/fj21HwUprqjjwTdkKC1XZurRSpV.jpg,2011-06-14,False,False,5.2,7902,"Adventure, Action, Science Fiction"
False,/fiRDzpcJe7qz3yIR43hdXIE3NHv.jpg,"53, 9648, 35",812583,Wake Up Dead Man: A Knives Out Mystery,en,Wake Up Dead Man: A Knives Out Mystery,"When young priest Jud Duplenticy is sent to assist charismatic firebrand Monsignor Jefferson Wicks, it’s clear that all is not well in the pews. After a sudden and seemingly impossible murder rocks the town, the lack of an obvious suspect prompts local police chief Geraldine Scott to join forces with renowned detective Benoit Blanc to unravel a mystery that defies all logic.",21.584,/iV9LM8aUb83BjCCx2RUnKE5sSQg.jpg,2025-11-26,False,False,7.207,2950,"Thriller, Mystery, Comedy"
False,/4V1yIoAKPMRQwGBaSses8Bp2nsi.jpg,"28, 878",137113,Edge of Tomorrow,en,Edge of Tomorrow,"Major Bill Cage is an officer who has never seen a day of combat when he is unceremoniously demoted and dropped into combat. Cage is killed within minutes, managing to take an alpha alien down with him. He awakens back at the beginning of the same day and is forced to fight and die again... and again - as physical contact with the alien has thrown him into a time loop.",21.551,/nBM9MMa2WCwvMG4IJ3eiGUdbPe6.jpg,2014-05-27,False,False,7.6,15584,"Action, Science Fiction"
False,/kFI1oF6KVnLEbUT7yLIbKXeyvu.jpg,"28, 12, 878",602,Independence Day,en,Independence Day,"Strange phenomena surface around the globe. The skies ignite. Terror races through the world's major cities. As these extraordinary events unfold, it becomes increasingly clear that a force of incredible magnitude has arrived. Its mission: total annihilation over the Fourth of July weekend. The last hope to stop the destruction is an unlikely group of people united by fate and unimaginable circumstances.",21.5389,/p0BPQGSPoSa8Ml0DAf2mB2kCU0R.jpg,1996-07-02,False,False,6.92,10790,"Action, Adventure, Science Fiction"
False,/565DYYXgdRYMiETLi2EDx4p7s92.jpg,"12, 16, 18, 10751",9837,The Prince of Egypt,en,The Prince of Egypt,"The strong bond between two Royal Egyptian brothers is challenged when their chosen responsibilities set them at odds, with extraordinary consequences.",21.492,/2xUjYwL6Ol7TLJPPKs7sYW5PWLX.jpg,1998-12-16,False,False,7.3,4451,"Adventure, Animation, Drama, Family"
False,/sTQNRqLbfCXolrb5CizAW1dj528.jpg,"878, 14, 28",246655,X-Men: Apocalypse,en,X-Men: Apocalypse,"After the re-emergence of the world's first mutant, world-destroyer Apocalypse, the X-Men must unite to defeat his extinction level plan.",21.4871,/ikA8UhYdTGpqbatFa93nIf6noSr.jpg,2016-05-18,False,False,6.529,14179,"Science Fiction, Fantasy, Action"
False,/gRh0ZzVpjVW03AnOQNsO5aSYN9b.jpg,"878, 12, 53, 28",1641580,The Last Assassins,en,The Last Assassins,"After her father is murdered, a young warrior known as “The Kid” and her guardian cross a violent dystopian future in search of the aunt she has never met. The world is trapped in permanent winter and shrouded in deadly fog, and Nobel is bound by an oath to protect the few remaining members of her family. Their journey leads them to an abandoned laboratory, where holograms reveal secrets from the family’s past. But as the boundary between the digital and physical worlds begins to collapse, the young woman may hold the key to what comes next.",21.4826,/dCEvwyR3XlTos78iHZzPa8a3urg.jpg,2026-07-21,False,False,6.0,6,"Science Fiction, Adventure, Thriller, Action"
False,/lneqlgbg3XUjNaeGYk8arhgzczo.jpg,"35, 80",445466,Idiots,en,Idiots,"Two rock-bottom drivers transport a wealthy teen to rehab, but their simple job spirals into a chaotic journey of drugs, danger, and crime as their passenger derails their plans.",21.4578,/l1JFNC1SdgyXVr7BaD5ehaYBvOC.jpg,2026-08-20,False,False,6.157,54,"Comedy, Crime"
False,/scQf03Fm3jeyv4FH04qvi4fp4wh.jpg,"80, 35, 28",402900,Ocean's Eight,en,Ocean's Eight,"Debbie Ocean, a criminal mastermind, gathers a crew of female thieves to pull off the heist of the century at New York's annual Met Gala.",21.4398,/MvYpKlpFukTivnlBhizGbkAe3v.jpg,2018-06-07,False,False,6.9,9033,"Crime, Comedy, Action"
False,/nLFxvLokHe3bQmrmAfljIfax2jQ.jpg,"878, 80",185,A Clockwork Orange,en,A Clockwork Orange,"In a near-future Britain, young Alexander DeLarge and his pals get their kicks beating and raping anyone they please. When not destroying the lives of others, Alex swoons to the music of Beethoven. The state, eager to crack down on juvenile crime, gives an incarcerated Alex the option to undergo an invasive procedure that'll rob him of all personal agency. In a time when conscience is a commodity, can Alex change his tune?",21.4199,/4sHeTAp65WrSSuc05nRBKddhBxO.jpg,1971-10-28,False,False,8.2,14195,"Science Fiction, Crime"
False,/w22GVYotTIVC1dUd58mRhwPqiS.jpg,"18, 10749, 14",402431,Wicked,en,Wicked,"In the land of Oz, ostracized and misunderstood green-skinned Elphaba is forced to share a room with the popular aristocrat Glinda at Shiz University, and the two's unlikely friendship is tested as they begin to fulfill their respective destinies as Glinda the Good and the Wicked Witch of the West.",21.4154,/xDGbZ0JJ3mYaGKy4Nzd9Kph6M9L.jpg,2024-10-16,False,False,6.9,3268,"Drama, Romance, Fantasy"
False,/mPy1xSASQ9NYWJdAGx2C2sOsnNw.jpg,"12, 14, 28",1698863,The Odyssey,en,The Odyssey,"Based on the Ancient Greek epic. After ten years of war, King Odysseus sets sail for Ithaca, eager to reunite with his beloved. But his journey home is far more treacherous than the battlefield, as he must face deadly monsters and vengeful gods to survive.",21.3984,/b0z3ViIC5AkbJoqxmTpqyjgmoJs.jpg,2026-07-03,False,False,3.993,676,"Adventure, Fantasy, Action"
False,/ikaRI4yMxKOje5SmOlAhOBUnicL.jpg,"27, 9648",270303,It Follows,en,It Follows,A young woman is followed by an unknown supernatural force after a sexual encounter.,21.3751,/iwnQ1JH1wdWrGYkgWySptJ5284A.jpg,2015-02-04,False,False,6.583,7184,"Horror, Mystery"
False,/goMGTcitprGu7YD6VZS4lUUwzRA.jpg,"12, 35, 16",399174,Isle of Dogs,en,Isle of Dogs,"In the future, an outbreak of canine flu leads the mayor of a Japanese city to banish all dogs to an island used as a garbage dump. The outcasts must soon embark on an epic journey when a 12-year-old boy arrives on the island to find his beloved pet.",21.3382,/4C7ZHv5LUPq7XzxC3nq8mBr77sP.jpg,2018-03-23,False,False,7.8,5596,"Adventure, Comedy, Animation"
False,/rnMwOM8gMqo6Gf6XXMpaJEayUwk.jpg,"16, 35, 10751, 12",10112,The Aristocats,en,The Aristocats,"When Madame Adelaide Bonfamille leaves her fortune to Duchess and her children—Bonfamille’s beloved family of cats—the butler plots to steal the money and kidnaps the legatees, leaving them out on a country road. All seems lost until the wily Thomas O’Malley Cat and his jazz-playing alley cats come to the aristocats’ rescue.",21.3009,/aOWs5XMJEABN6SKCTJBCoeD1kCA.jpg,1970-12-24,False,False,7.303,5473,"Animation, Comedy, Family, Adventure"
False,/ytTQoYkdpsgtfDWrNFCei8Mfbxu.jpg,"16, 10751, 12, 14, 35",529203,The Croods: A New Age,en,The Croods: A New Age,"Searching for a safer habitat, the prehistoric Crood family discovers an idyllic, walled-in paradise that meets all of its needs. Unfortunately, they must also learn to live with the Bettermans -- a family that's a couple of steps above the Croods on the evolutionary ladder. As tensions between the new neighbors start to rise, a new threat soon propels both clans on an epic adventure that forces them to embrace their differences, draw strength from one another, and survive together.",21.2881,/tbVZ3Sq88dZaCANlUcewQuHQOaE.jpg,2020-11-25,False,False,7.4,4251,"Animation, Family, Adventure, Fantasy, Comedy"
False,/9WoLTsRgrupkvCgs3bhsl2EjLhs.jpg,"28, 12, 14",791373,Zack Snyder's Justice League,en,Zack Snyder's Justice League,"Determined to ensure Superman's ultimate sacrifice was not in vain, Bruce Wayne aligns forces with Diana Prince with plans to recruit a team of metahumans to protect the world from an approaching threat of catastrophic proportions.",21.2823,/tnAuB8q5vv7Ax9UAEje5Xi4BXik.jpg,2021-03-18,False,False,8.072,11203,"Action, Adventure, Fantasy"
False,/mfnkxXWuh2Br097Qteq8ieqKfev.jpg,"16, 35, 10751, 14",159824,Hotel Transylvania 2,en,Hotel Transylvania 2,"When the old-old-old-fashioned vampire Vlad arrives at the hotel for an impromptu family get-together, Hotel Transylvania is in for a collision of supernatural old-school and modern day cool.",21.2823,/3nFnrivNgipSKZ8LZJJbRSlAcTR.jpg,2015-09-21,False,False,6.8,6275,"Animation, Comedy, Family, Fantasy"
False,/egVj5Y9f79xPnyAQJmeDR0Uwow3.jpg,"53, 18, 10749",2251,Unfaithful,en,Unfaithful,A New York suburban couple's marriage goes dangerously awry when the wife indulges in an adulterous fling.,21.2767,/bjiHEhuiwhIygzjczbTPAA07cGc.jpg,2002-05-10,False,False,6.727,1809,"Thriller, Drama, Romance"
False,/54BOXpX2ieTXMDzHymdDMnUIzYG.jpg,"27, 53",1228246,Five Nights at Freddy's 2,en,Five Nights at Freddy's 2,"One year since the supernatural nightmare at Freddy Fazbear's Pizza, the stories about what transpired there have been twisted into a campy local legend, inspiring the town's first ever Fazfest. With the truth kept from her, Abby sneaks out to reconnect with Freddy, Bonnie, Chica, and Foxy, setting into motion a terrifying series of events that will reveal dark secrets about the real origin of Freddy's, and unleash a decades-hidden horror.",21.2586,/udAxQEORq2I5wxI97N2TEqdhzBE.jpg,2025-12-03,False,False,6.591,1207,"Horror, Thriller"
False,/einbto9qLXFx9QXxEHylaxDbKPx.jpg,"18, 10749, 14",122906,About Time,en,About Time,"The night after another unsatisfactory New Year's party, Tim's father reveals to him that the men in their family have the ability to travel through time. They can't change history, but they can change what happens and has happened in their own lives. Thus begins the start of a lesson in learning to appreciate life itself as it is, as it comes, and most importantly, the people living alongside us.",21.2165,/ls6zswrOZVhCXQBh96DlbnLBajM.jpg,2013-06-27,False,False,7.9,9556,"Drama, Romance, Fantasy"
False,/rVqY0Bo4Npf6EIONUROxjYAJfmD.jpg,"12, 14, 10749, 10751",420817,Aladdin,en,Aladdin,A kindhearted street urchin named Aladdin embarks on a magical adventure after finding a lamp that releases a wisecracking genie while a power-hungry Grand Vizier vies for the same lamp that has the power to make their deepest wishes come true.,21.1859,/ykUEbfpkf8d0w49pHh0AD2KrT52.jpg,2019-05-22,False,False,7.1,10844,"Adventure, Fantasy, Romance, Family"
False,/wb34q3VgzHgL8frVMywrN3wXmqx.jpg,"27, 35",747,Shaun of the Dead,en,Shaun of the Dead,"Shaun lives a supremely uneventful life, which revolves around his girlfriend, his mother, and, above all, his local pub. This gentle routine is threatened when the dead return to life and make strenuous attempts to snack on ordinary Londoners.",21.1756,/dgXPhzNJH8HFTBjXPB177yNx6RI.jpg,2004-04-09,False,False,7.5,9690,"Horror, Comedy"
False,/gprjiZWY43vxSKngMha1wfb5TGG.jpg,"27, 14",426063,Nosferatu,en,Nosferatu,"A gothic tale of obsession between a haunted young woman and the terrifying vampire infatuated with her, causing untold horror in its wake.",21.1714,/5qGIxdEO841C0tdY8vOdLoRVrr0.jpg,2024-12-25,False,False,6.7,4024,"Horror, Fantasy"
False,/YL3GPOiDcNraIJOVDCZsoOBoDy.jpg,"878, 28, 12, 53",106,Predator,en,Predator,A team of elite commandos on a secret mission in a Central American jungle come to find themselves hunted by an extraterrestrial warrior.,21.1672,/k3mW4qfJo6SKqe6laRyNGnbB9n5.jpg,1987-06-12,False,False,7.584,9572,"Science Fiction, Action, Adventure, Thriller"
False,/lqwwGkwJHtz9QgKtz4zeY19YgDg.jpg,"10749, 18",1136867,Materialists,en,Materialists,"A young, ambitious New York City matchmaker finds herself torn between the perfect match and her imperfect ex.",21.1649,/eDo0pNruy0Qgj6BdTyHIR4cxHY8.jpg,2025-06-12,False,False,6.3,1459,"Romance, Drama"
False,/3k2TRmqMjgt7tcwkYwZQdctnty3.jpg,"18, 10752",600,Full Metal Jacket,en,Full Metal Jacket,A pragmatic U.S. Marine observes the dehumanizing effects the U.S.-Vietnam War has on his fellow recruits from their brutal boot camp training to the bloody street fighting in Hue.,21.1639,/kMKyx1k8hWWscYFnPbnxxN4Eqo4.jpg,1987-06-26,False,False,8.1,11818,"Drama, War"
False,/ukPu5xYOBAnh5H46uK4aQOirW2b.jpg,"16, 12, 878, 10751, 35",1022787,Elio,en,Elio,"Elio, a space fanatic with an active imagination, finds himself on a cosmic misadventure where he must form new bonds with eccentric alien lifeforms, navigate a crisis of intergalactic proportions and somehow discover who he is truly meant to be.",21.1381,/7z8jDiTZZco9moIKpTUImFtTy7o.jpg,2025-06-18,False,False,6.9,1150,"Animation, Adventure, Science Fiction, Family, Comedy"
False,/o1l6OCqA3pYDZHIc5L1s7CEzCMv.jpg,"28, 35, 878",608,Men in Black II,en,Men in Black II,"Kay and Jay reunite to provide our best, last and only line of defense against a sinister seductress who levels the toughest challenge yet to the MIB's untarnished mission statement – protecting Earth from the scum of the universe. It's been four years since the alien-seeking agents averted an intergalactic disaster of epic proportions. Now it's a race against the clock as Jay must convince Kay – who not only has absolutely no memory of his time spent with the MIB, but is also the only living person left with the expertise to save the galaxy – to reunite with the MIB before the earth submits to ultimate destruction.",21.1251,/enA22EPyzc2WQ1VVyY7zxresQQr.jpg,2002-07-03,False,False,6.393,10955,"Action, Comedy, Science Fiction"
False,/6iDQCBUSZKzY8Rnu8ECwl2gXcfG.jpg,"18, 10402, 10749",88,Dirty Dancing,en,Dirty Dancing,"Expecting the usual tedium that accompanies a summer in the Catskills with her family, 17-year-old Frances 'Baby' Houseman is surprised to find herself stepping into the shoes of a professional hoofer—and unexpectedly falling in love.",21.1222,/9Jw6jys7q9gjzVX5zm1z0gC8gY9.jpg,1987-08-21,False,False,7.324,6702,"Drama, Music, Romance"
False,/uMBByiSDpgFwWVegAtwwnuzvogJ.jpg,"14, 18, 10749",297,Meet Joe Black,en,Meet Joe Black,"Bill Parrish has it all - success, wealth and power. Days before his 65th birthday, he receives a visit from a mysterious stranger, Joe Black, who soon reveals himself as Death. In exchange for extra time, Bill agrees to serve as Joe's earthly guide. But will he regret his choice when Joe unexpectedly falls in love with Bill's beautiful daughter Susan?",21.1112,/fDPAjvfPMomkKF7cMRmL5Anak61.jpg,1998-11-12,False,False,7.373,5986,"Fantasy, Drama, Romance"
False,/eVYChqJavS1DCXFeJE2lzVUMLKp.jpg,"878, 12, 28, 53",70160,The Hunger Games,en,The Hunger Games,"In a dystopian society where the Capitol forces each district to send two young tributes to fight to the death in a televised spectacle, a girl volunteers to take her sister’s place, setting the stage for a struggle of survival and defiance.",21.1107,/apa5G43Hha7kH7wJG0gkkHT7FA9.jpg,2012-03-12,False,False,7.2,23816,"Science Fiction, Adventure, Action, Thriller"
False,/ifUfE79O1raUwbaQRIB7XnFz5ZC.jpg,"27, 9648",646385,Scream,en,Scream,"Twenty-five years after a streak of brutal murders shocked the quiet town of Woodsboro, a new killer has donned the Ghostface mask and begins targeting a group of teenagers to resurrect secrets from the town’s deadly past.",21.0967,/nD4M4Bx457ryLuKYpxFwQ2IBJ5w.jpg,2022-01-12,False,False,6.672,4052,"Horror, Mystery"
False,/7s7WkAFPBsMTprYMbqbgKoppQsR.jpg,"12, 28, 14",1734,The Mummy Returns,en,The Mummy Returns,"Rick and Evelyn O’Connell, along with their 8-year-old son Alex, discover the key to the legendary Scorpion King’s might: the fabled Bracelet of Anubis. Unfortunately, a newly resurrected Imhotep has designs on the bracelet as well, and isn’t above kidnapping its new bearer, Alex, to gain control of Anubis’s otherworldly army.",21.0924,/kdJsW7hcy1lrj7tdMPycTAQPAiR.jpg,2001-05-04,False,False,6.418,7951,"Adventure, Action, Fantasy"
False,/gnkBzJVH2zicIopP2fHf4kRElne.jpg,"14, 35, 16, 878, 10751",228161,Home,en,Home,"When Earth is taken over by the overly-confident Boov, an alien race in search of a new place to call home, all humans are promptly relocated, while all Boov get busy reorganizing the planet. But when one resourceful girl, Tip, manages to avoid capture, she finds herself the accidental accomplice of a banished Boov named Oh. The two fugitives realize there’s a lot more at stake than intergalactic relations as they embark on the road trip of a lifetime.",21.0852,/usFenYnk6mr8C62dB1MoAfSWMGR.jpg,2015-03-18,False,False,6.8,4335,"Fantasy, Comedy, Animation, Science Fiction, Family"
False,/6ZnHQKcqQ8nmfP6woZu2v5EtXoW.jpg,"12, 16, 35, 10751, 14",11836,The SpongeBob SquarePants Movie,en,The SpongeBob SquarePants Movie,"There's trouble brewing in Bikini Bottom. Someone has stolen King Neptune's crown, and it looks like Mr. Krab, SpongeBob's boss, is the culprit. Though he's just been passed over for the promotion of his dreams, SpongeBob stands by his boss, and along with his best pal Patrick, sets out on a treacherous mission to Shell City to reclaim the crown and save Mr. Krab's life.",21.0823,/1rvzKV1d18EbDVaEd4VDzK3cgnY.jpg,2004-11-19,False,False,7.1,3318,"Adventure, Animation, Comedy, Family, Fantasy"
False,/7mHeyU0a538bgguOeF57I8ZroSk.jpg,"28, 12, 53",324668,Jason Bourne,en,Jason Bourne,The most dangerous former operative of the CIA is drawn out of hiding to uncover hidden truths about his past.,21.0766,/xA7N41glw17MBQtcWSm2eBlBRuG.jpg,2016-07-27,False,False,6.385,6405,"Action, Adventure, Thriller"
False,/mZj8EUr6F1x2PWZjKPxaeYd5WRw.jpg,"12, 16, 35, 10751, 14",11688,The Emperor's New Groove,en,The Emperor's New Groove,"When the self‑absorbed Emperor Kuzco is accidentally transformed into a llama, he must rely on a humble villager to survive the jungle and reclaim his throne.",21.0557,/wwbgkXQBEKtnyIJapk6gUgWkVw8.jpg,2000-12-15,False,False,7.6,7493,"Adventure, Animation, Comedy, Family, Fantasy"
False,/ytoLEl5yDaxB8AtZ52uKWjaQ9ql.jpg,"27, 35, 14",1514026,Buddy,en,Buddy,"A magical, singing orange unicorn holds his cast hostage in a surreal TV-show dimension, as he becomes more and more demented.",21.0543,/1BdZbNvl1SfrrX8J9X5tQzN6Ivu.jpg,2026-08-27,False,False,7.9,72,"Horror, Comedy, Fantasy"
False,/iwvP8XVpYVmJ3xfF9xdBi5uAOWl.jpg,"80, 18, 53, 28",75780,Jack Reacher,en,Jack Reacher,"One morning in an ordinary town, five people are shot dead in a seemingly random attack. All evidence points to a single suspect: an ex-military sniper who is quickly brought into custody. The interrogation yields one written note: 'Get Jack Reacher!'. Reacher, an enigmatic ex-Army investigator, believes the authorities have the right man but agrees to help the sniper's defense attorney. However, the more Reacher delves into the case, the less clear-cut it appears. So begins an extraordinary chase for the truth, pitting Jack Reacher against an unexpected enemy, with a skill for violence and a secret to keep.",21.0348,/uQBbjrLVsUibWxNDGA4Czzo8lwz.jpg,2012-12-20,False,False,6.679,7907,"Crime, Drama, Thriller, Action"
False,/b9diKSmofRcgjbUxDrSPms82yAN.jpg,"18, 10749",9769,Lolita,en,Lolita,"Humbert Humbert is a middle-aged British novelist who is both appalled by and attracted to the vulgarity of American culture. When he comes to stay at the boarding house run by Charlotte Haze, he soon becomes obsessed with Lolita, the woman's teenaged daughter.",21.0267,/9INcC14WZjCMKGE360VXmklCLdZ.jpg,1997-09-27,False,False,7.097,2057,"Drama, Romance"
False,/hjWxngV6tidwDkfJDEgMjHD2KEz.jpg,18,976893,Perfect Days,ja,PERFECT DAYS,"Hirayama is content with his life as a toilet cleaner in Tokyo. Outside of his structured routine, he cherishes music on cassette tapes, books, and taking photos of trees. Through unexpected encounters, he reflects on finding beauty in the world.",21.0238,/tvUHVSTJV9ITON3oyHaWp7oaAc8.jpg,2023-11-10,False,False,7.8,2093,Drama
False,/oNoprEND25zXR6Fns8cIZUkuoMc.jpg,"35, 80, 18",308266,War Dogs,en,War Dogs,"Based on the true story of two young men, David Packouz and Efraim Diveroli, who won a $300 million contract from the Pentagon to arm America's allies in Afghanistan.",21.0228,/mDcPRjZC1bb6LavFU3gwsWdVfCM.jpg,2016-08-18,False,False,6.95,5732,"Comedy, Crime, Drama"
False,/4840rkbpsiuow5ew155oVKcqJwj.jpg,18,615,The Passion of the Christ,en,The Passion of the Christ,A graphic portrayal of the last twelve hours of Jesus of Nazareth's life.,20.9985,/rBM5o2HpmCfDejuIPybI09tkY3V.jpg,2004-02-25,False,False,7.5,5370,Drama
False,/rRcNmiH55Tz0ugUsDUGmj8Bsa4V.jpg,"35, 10749",884605,No Hard Feelings,en,No Hard Feelings,"On the brink of losing her childhood home, Maddie discovers an intriguing job listing: wealthy helicopter parents looking for someone to “date” their introverted 19-year-old son, Percy, before he leaves for college. To her surprise, Maddie soon discovers the awkward Percy is no sure thing.",20.9912,/gD72DhJ7NbfxvtxGiAzLaa0xaoj.jpg,2023-06-15,False,False,6.668,4084,"Comedy, Romance"
False,/ibKeXahq4JD63z6uWQphqoJLvNw.jpg,"28, 878, 27",345940,The Meg,en,The Meg,"A deep sea submersible pilot revisits his past fears in the Mariana Trench, and accidentally unleashes the seventy foot ancestor of the Great White Shark believed to be extinct.",20.9906,/eyWICPcxOuTcDDDbTMOZawoOn8d.jpg,2018-08-08,False,False,6.2,8424,"Action, Science Fiction, Horror"
False,/vDR2h5uQNgWyx3fsEVnEOcNFibZ.jpg,"53, 80, 10770",801335,Girl in the Basement,en,Girl in the Basement,"Sara is a teen girl who is looking forward to her 18th birthday to move away from her controlling father Don. But before she could even blow out the candles, Don imprisons her in the basement of their home.",20.98,/tPP9n6r5QrIKPnshnJqE7klptj2.jpg,2021-02-27,False,False,7.572,900,"Thriller, Crime, TV Movie"
False,/voVkSwgFYv9GOpRNfUAwj6qYRTL.jpg,"28, 53, 878",296,Terminator 3: Rise of the Machines,en,Terminator 3: Rise of the Machines,"It's been 10 years since John Connor saved Earth from Judgment Day, and he's now living under the radar, steering clear of using anything Skynet can trace. That is, until he encounters T-X, a robotic assassin ordered to finish what T-1000 started. Good thing Connor's former nemesis, the Terminator, is back to aid the now-adult Connor … just like he promised.",20.938,/vvevzdYIrk2636maNW4qeWmlPFG.jpg,2003-07-02,False,False,6.21,7538,"Action, Thriller, Science Fiction"
False,/p256RduW9wMC3uhGJTerywmGiiX.jpg,"35, 80, 28",90,Beverly Hills Cop,en,Beverly Hills Cop,"Fast-talking, quick-thinking Detroit street cop Axel Foley has bent more than a few rules and regs in his time, but when his best friend is murdered, he heads to sunny Beverly Hills to work the case like only he can.",20.9222,/eBJEvKkhQ0tUt1dBAcTEYW6kCle.jpg,1984-12-05,False,False,7.213,4771,"Comedy, Crime, Action"
False,/xSfBWkAarrPwwfiGBAMt8wqxUUH.jpg,"28, 12, 53",138103,The Expendables 3,en,The Expendables 3,"Barney, Christmas and the rest of the team comes face-to-face with Conrad Stonebanks, who years ago co-founded The Expendables with Barney. Stonebanks subsequently became a ruthless arms trader and someone who Barney was forced to kill… or so he thought. Stonebanks, who eluded death once before, now is making it his mission to end The Expendables -- but Barney has other plans. Barney decides that he has to fight old blood with new blood, and brings in a new era of Expendables team members, recruiting individuals who are younger, faster and more tech-savvy. The latest mission becomes a clash of classic old-school style versus high-tech expertise in the Expendables’ most personal battle yet.",20.9165,/utS5euWHlEdKBNnEFwjpZ2oGuhF.jpg,2014-08-07,False,False,6.2,5478,"Action, Adventure, Thriller"
False,/edghRD7vw1XgWEpMLpGt1VSGB5w.jpg,27,10585,Child's Play,en,Child's Play,"After being shot in a toy store, a serial killer transfers his soul into a Good Guy doll. A mother then gifts it to her six-year-old son Andy, which unleashes terror upon the city.",20.8972,/wvpgvcWNkF2HLuTEMIM7K83MvZ.jpg,1988-11-09,False,False,6.8,3502,Horror
False,/3TeGmKJfkik1D1rIoqGb1aR4k9c.jpg,"12, 28, 878",1893,Star Wars: Episode I - The Phantom Menace,en,Star Wars: Episode I - The Phantom Menace,"Anakin Skywalker, a young slave strong with the Force, is discovered on Tatooine. Meanwhile, the evil Sith have returned, enacting their plot for revenge against the Jedi.",20.8947,/6wkfovpn7Eq8dYNKaG5PY3q2oq6.jpg,1999-05-19,False,False,6.582,16292,"Adventure, Action, Science Fiction"
False,/4W6RYDNe4OByNryOCvJprrutm9h.jpg,"10749, 14, 35",137,Groundhog Day,en,Groundhog Day,"A cynical TV weatherman, along with his idealistic producer and his sardonic cameraman, is sent to report on Groundhog Day in the small town of Punxsutawney, where he finds himself repeating the same day over and over.",20.8889,/gCgt1WARPZaXnq523ySQEUKinCs.jpg,1993-02-11,False,False,7.636,9242,"Romance, Fantasy, Comedy"
False,/a0E1mbejev56Ii51hCnYUDj4tZS.jpg,"16, 10751, 12",37135,Tarzan,en,Tarzan,"Tarzan was a small orphan who was raised by an ape named Kala since he was a child. He believed that this was his family, but on an expedition Jane Porter is rescued by Tarzan. He then finds out that he's human. Now Tarzan must make the decision as to which family he should belong to...",20.8845,/bTvHlcqiOjGa3lFtbrTLTM3zasY.jpg,1999-06-17,False,False,7.4,7525,"Animation, Family, Adventure"
False,/3IJ8kG8i84PncXkSovu0PaZQfjM.jpg,"28, 80, 53",337339,The Fate of the Furious,en,The Fate of the Furious,"When a mysterious woman seduces Dom into the world of crime and a betrayal of those closest to him, the crew face trials that will test them as never before.",20.8806,/dImWM7GJqryWJO9LHa3XQ8DD5NH.jpg,2017-04-12,False,False,6.8,11029,"Action, Crime, Thriller"
False,/77ElMccPnTMPouRxSdbJ4nEjf69.jpg,"35, 80",115,The Big Lebowski,en,The Big Lebowski,"Jeffrey 'The Dude' Lebowski, a Los Angeles slacker who only wants to bowl and drink White Russians, is mistaken for another Jeffrey Lebowski, a wheelchair-bound millionaire, and finds himself dragged into a strange series of events involving nihilists, adult film producers, ferrets, errant toes, and large sums of money.",20.8667,/3bv6WAp6BSxxYvB5ozKFUYuRA8C.jpg,1998-03-06,False,False,7.837,12561,"Comedy, Crime"
False,/mHG7dpLb0ZScSY3LpP443IHRmjy.jpg,"16, 53",10494,Perfect Blue,ja,PERFECT BLUE,"Rising pop star Mima Kirigoe quits singing to pursue a career as an actress. After she takes up a role on a popular detective show, her handlers and collaborators begin turning up murdered. Harboring feelings of guilt and haunted by visions of her former self, Mima's reality and fantasy meld into a frenzied paranoia.",20.8587,/6WTiOCfDPP8XV4jqfloiVWf7KHq.jpg,1998-02-28,False,False,8.3,3386,"Animation, Thriller"
False,/bkUa5ZDqjQPx6rkxs0hM87vaWVa.jpg,"35, 53",467905,How to Make a Killing,en,How to Make a Killing,"Disowned at birth by his obscenely wealthy family, blue-collar Becket Redfellow will stop at nothing to reclaim his inheritance, no matter how many relatives stand in his way.",20.8565,/vxMeKC7o5Gi8IHMi6lUgsdprTqv.jpg,2026-02-16,False,False,6.932,791,"Comedy, Thriller"
False,/8NGPUlR4xKQfgLaWCeXALGF3i27.jpg,35,1341138,Spa Weekend,en,Spa Weekend,"Four lifelong friends realize that somewhere between careers, relationships, families, and everyday responsibilities, they’ve forgotten how to take care of themselves and each other. Burned out and overdue for a break, the women escape to a luxury spa retreat for an unforgettable weekend dedicated to fun, laughter, and a lot of really bad decisions.",20.8455,/uhx4YjT9YbSxrKVE7GWJdjI412J.jpg,2026-08-20,False,False,6.5,62,Comedy
False,/oa62cFJnsWgWyFwuLInZ8XXZ5kE.jpg,18,1025802,Drifter,de,Drifter,"Moritz follows a boyfriend to Berlin and is soon abandoned by him. Alone in the big city, he embarks on a journey through a wide range of queer experience. Only through a new circle of queer friends does he develop his own ideas of sexuality and masculinity, leading him to a clearer self-identity.",20.8251,/7BYYRIeaCxPIYuBIhSz9Zc5H1u8.jpg,2023-11-02,False,False,5.0,14,Drama
False,/5TKGbYKEwGrJlHFfTQzaz1FC5AJ.jpg,"35, 80, 18",337170,American Made,en,American Made,"The true story of pilot Barry Seal, who transported contraband for the CIA and the Medellin cartel in the 1980s.",20.8072,/23ILgoPSO5ShKcTZOuiTVfqFAUB.jpg,2017-08-18,False,False,6.9,5168,"Comedy, Crime, Drama"
False,/hXc9jZuIfJ3lCrKJsZVwJM4anRf.jpg,"28, 35",1363123,The Family Plan 2,en,The Family Plan 2,"Now that Dan's assassin days are behind him, all he wants for Christmas is quality time with his kids. But when he learns his daughter has her own plans, he books a family trip to London—putting them all in the crosshairs of an unexpected enemy.",20.7978,/semFxuYx6HcrkZzslgAkBqfJvZk.jpg,2025-11-11,False,False,6.6,668,"Action, Comedy"
False,/wTvDGO0xGMmnScqjuiDeWU7PkcB.jpg,"10749, 14, 18",293863,The Age of Adaline,en,The Age of Adaline,"After 29-year-old Adaline recovers from a nearly lethal accident, she inexplicably stops growing older. As the years stretch on and on, Adaline keeps her secret to herself  until she meets a man who changes her life.",20.7887,/3XFuCS6wBfpSnUQboLd1JtkJqe0.jpg,2015-04-16,False,False,7.466,7229,"Romance, Fantasy, Drama"
False,/ugiV9SpJburMOPeIyjBJyAnO1So.jpg,"12, 14, 10751",32657,Percy Jackson & the Olympians: The Lightning Thief,en,Percy Jackson & the Olympians: The Lightning Thief,"Accident prone teenager, Percy discovers he's actually a demi-God, the son of Poseidon, and he is needed when Zeus' lightning is stolen. Percy must master his new found skills in order to prevent a war between the Gods that could devastate the entire world.",20.276,/brzpTyZ5bnM7s53C1KSk1TmrMO6.jpg,2010-02-01,False,False,6.2,7977,"Adventure, Fantasy, Family"
False,/6zKjoOOb3OZnZuiHtQZn4Kd69Gq.jpg,"27, 53",1197137,Black Phone 2,en,Black Phone 2,"Four years after defeating The Grabber, Finney Blake is struggling with life after captivity. When his younger sister Gwen begins receiving calls in her dreams from the Black Phone and seeing disturbing visions of three boys being stalked at a winter camp, the siblings become determined to solve the mystery and confront a killer who has grown more powerful in death and more significant to them than either could imagine.",20.245,/vBOpqxW0SDhACwEO2LZT29DuNG2.jpg,2025-10-15,False,False,6.629,1379,"Horror, Thriller"
False,/P82NAcEsLIYgQtrtn36tYsj41m.jpg,"12, 16, 35, 10751",748783,The Garfield Movie,en,The Garfield Movie,"Garfield, the world-famous, Monday-hating, lasagna-loving indoor cat, is about to have a wild outdoor adventure! After an unexpected reunion with his long-lost father – scruffy street cat Vic – Garfield and his canine friend Odie are forced from their perfectly pampered life into joining Vic in a hilarious, high-stakes heist.",18.7286,/p6AbOJvMQhBmffd0PIv0u8ghWeY.jpg,2024-04-30,False,False,6.9,1517,"Adventure, Animation, Comedy, Family"
False,/ztiFxuG0gC6wQ8y7JZFYbCQyN4Y.jpg,"16, 35, 10751, 10402",438695,Sing 2,en,Sing 2,"Buster and his new cast now have their sights set on debuting a new show at the Crystal Tower Theater in glamorous Redshore City. But with no connections, he and his singers must sneak into the Crystal Entertainment offices, run by the ruthless wolf mogul Jimmy Crystal, where the gang pitches the ridiculous idea of casting the lion rock legend Clay Calloway in their show. Buster must embark on a quest to find the now-isolated Clay and persuade him to return to the stage.",20.9992,/aWeKITRFbbwY8txG5uCj4rMCfSP.jpg,2021-12-01,False,False,7.8,4930,"Animation, Comedy, Family, Music"
False,/sPantp0oQ9idos7Jdwko2r6ZOIa.jpg,18,205587,The Judge,en,The Judge,"A successful lawyer returns to his hometown for his mother's funeral only to discover that his estranged father, the town's judge, is suspected of murder.",20.3698,/3K93GWotLXe4FqpErri0xkpLaD5.jpg,2014-10-08,False,False,7.329,4576,Drama
False,/bybAHw5fenKXRFI4phanPhpljlT.jpg,"18, 10402, 10749",27,9 Songs,en,9 Songs,"Matt, a young glaciologist, soars across the vast, silent, icebound immensities of the South Pole as he recalls his love affair with Lisa. They meet at a mobbed rock concert in a vast music hall - London's Brixton Academy. They are in bed at night's end. Together, over a period of several months, they pursue a mutual sexual passion whose inevitable stages unfold in counterpoint to nine live-concert songs.",20.4855,/91O7z0vo7MiNWd5xD2BoivwbQsb.jpg,2004-07-16,False,False,5.522,606,"Drama, Music, Romance"
False,/tPaurpIUskVji5vwV0dhy9pq4Vs.jpg,"12, 16, 35, 10751",953,Madagascar,en,Madagascar,Four animal friends get a taste of the wild life when they break out of captivity at the Central Park Zoo and wash ashore on the island of Madagascar.,20.3624,/zMpJY5CJKUufG9OTw0In4eAFqPX.jpg,2005-05-25,False,False,6.9,12068,"Adventure, Animation, Comedy, Family"
False,/2okfik8YwzSfdETpT5cUClSiGFO.jpg,"16, 18",1244492,Look Back,ja,ルックバック,"Popular, outgoing Fujino is celebrated by her classmates for her funny comics in the class newspaper. One day, her teacher asks her to share the space with Kyomoto, a truant recluse whose beautiful artwork sparks a competitive fervor in Fujino. What starts as jealousy transforms when Fujino realizes their shared passion for drawing.",18.8311,/4f2EcNkp1Mvp9wE5w7HKxcmACWg.jpg,2024-06-28,False,False,8.2,690,"Animation, Drama"
False,/uRZhr7zzaxeidLq2eYL59ulh4vn.jpg,"10751, 16, 12, 35",5559,Bee Movie,en,Bee Movie,"Barry B. Benson, a recent college graduate who wants more out of his life than making honey, decides to sue the human race after learning about the exploitation of bees at the hands of mankind. What will happen next?",19.1369,/tX2mgKFUkzFMZingSVD4vioZNz2.jpg,2007-10-28,False,False,6.1,5456,"Family, Animation, Adventure, Comedy"
False,/rOJb0yQOCny0bPjg8bCLw8DyAD7.jpg,"35, 12, 878",550988,Free Guy,en,Free Guy,"A bank teller discovers he is actually a background player in an open-world video game, and decides to become the hero of his own story. Now, in a world where there are no limits, he is determined to be the guy who saves his world his way before it's too late.",20.1579,/dxraF0qPr1OEgJk17ltQTO84kQF.jpg,2021-08-11,False,False,7.431,10246,"Comedy, Adventure, Science Fiction"
False,/ap6Zc5NDOfbZaMhkRDyghbGeLf0.jpg,"27, 14",501170,Doctor Sleep,en,Doctor Sleep,"Still scarred by the trauma he endured as a child at the Overlook Hotel, Dan Torrance faces the ghosts of the past when he meets Abra, a courageous teen who desperately needs his help -- and who possesses a powerful extrasensory ability called the ""shine"".",21.5572,/p69QzIBbN06aTYqRRiCOY1emNBh.jpg,2019-10-30,False,False,7.1,5089,"Horror, Fantasy"
False,/ktPixrzD9Rbet7Co4uUWxyR9191.jpg,"35, 10751, 10749",9880,The Princess Diaries,en,The Princess Diaries,"A socially awkward but very bright 15-year-old girl being raised by a single mom discovers that she is the princess of a small European country because of the recent death of her long-absent father, who, unknown to her, was the crown prince of Genovia. She must make a choice between continuing the life of a San Francisco teen or stepping up to the throne.",19.5611,/7axhsbEzFan6HQQ1aMOy7w3CFRx.jpg,2001-08-03,False,False,7.0,5392,"Comedy, Family, Romance"
False,/k6tdiMTO39RQj3dhfspuzprfoe0.jpg,"80, 28, 53",941109,Play Dirty,en,Play Dirty,"Expert thief Parker gets a shot at a major heist, but to pull it off he and his team must outsmart a South American dictator, the New York mob, and the world's richest man.",20.3766,/ovZ0zq0NwRghtWI1oLaM0lWuoEw.jpg,2025-09-30,False,False,6.569,725,"Crime, Action, Thriller"
False,/qZYvF1M7y8Gfp4S6OBHbYfB0Lgc.jpg,"28, 12, 14",639933,The Northman,en,The Northman,"Prince Amleth is on the verge of becoming a man when his father is brutally murdered by his uncle, who kidnaps the boy's mother. Two decades later, Amleth is now a Viking who's on a mission to save his mother, kill his uncle and avenge his father.",21.0077,/aSSJMnHknzKjlZ6zybwD7eyJ4Po.jpg,2022-04-07,False,False,7.021,5327,"Action, Adventure, Fantasy"
False,/yir5430WblZSZuIMd9C6pIZerfA.jpg,"28, 80",339403,Baby Driver,en,Baby Driver,"After being coerced into working for a crime boss, a young getaway driver finds himself taking part in a heist doomed to fail.",20.3416,/tYzFuYXmT8LOYASlFCkaPiAFAl0.jpg,2017-06-28,False,False,7.445,17277,"Action, Crime"
False,/uDR9UjSuykTL8g3N3bh3siZ4n3C.jpg,"16, 10751, 35, 12",80321,Madagascar 3: Europe's Most Wanted,en,Madagascar 3: Europe's Most Wanted,"Animal pals Alex, Marty, Melman, and Gloria are still trying to make it back to New York's Central Park Zoo. They are forced to take a detour to Europe to find the penguins and chimps who broke the bank at a Monte Carlo casino. When French animal-control officer Capitaine Chantel DuBois picks up their scent, Alex and company are forced to hide out in a traveling circus.",20.2266,/ekraj4ksvIKeuvQVEevEJkuybZd.jpg,2012-06-06,False,False,6.7,6757,"Animation, Family, Comedy, Adventure"
False,/533xAMhhVyjTy8hwMUFEt5TuDfR.jpg,"12, 28, 53, 878",605,The Matrix Revolutions,en,The Matrix Revolutions,The human city of Zion defends itself against the massive invasion of the machines as Neo fights to end the war at another front while also opposing the rogue Agent Smith.,21.2888,/qEWiBXJGXK28jGBAm8oFKKTB0WD.jpg,2003-11-05,False,False,6.8,11198,"Adventure, Action, Thriller, Science Fiction"
False,/aXOUc4dkzp9wmJG5lC2iAE6VUdt.jpg,"27, 53",49018,Insidious,en,Insidious,"A family discovers that dark spirits have invaded their home after their son inexplicably falls into an endless sleep. When they reach out to a professional for help, they learn things are a lot more personal than they thought.",23.813,/tmlDFIUpGRKiuWm9Ixc6CYDk4y0.jpg,2011-03-31,False,False,6.961,7656,"Horror, Thriller"
False,/qE0FswzjACs2kvAycYVS2zcmgec.jpg,"35, 28, 12",1084577,Balls Up,en,Balls Up,"Two marketing executives go ""balls out"" and pitch a bold full‑coverage condom sponsorship with the World Cup. After their drunken celebration in Brazil sparks a global scandal, they must outrun furious fans, criminals, and power-hungry officials to salvage their careers and make it home alive.",18.6179,/xwvJ3WzdJ1OCuDoY8LAxBUlQyig.jpg,2026-04-15,False,False,5.8,340,"Comedy, Action, Adventure"
False,/sqcqFzAj3IPSFprQSLHr5JOBU4m.jpg,"12, 16, 35, 10751, 14",228165,The SpongeBob Movie: Sponge Out of Water,en,The SpongeBob Movie: Sponge Out of Water,"Evil pirate Burger Beard is in search of the final page of a magical book that makes any evil plan he writes in it come true, but the final page happens to be the Krabby Patty secret formula. When Burger Beard endangers Bikini Bottom, SpongeBob, Patrick, Mr. Krabs, Squidward, Sandy, and Plankton must embark on a quest to retrieve the recipe and save their city...a quest that takes them to the surface world and transforms them into superheroes.",18.4616,/2WDmjUlSAPlA27i2OwEC7sRTFw3.jpg,2015-01-28,False,False,6.1,2613,"Adventure, Animation, Comedy, Family, Fantasy"
False,/dcvbs8z0GEXslC1kCT77x19XDeR.jpg,"10402, 18",424694,Bohemian Rhapsody,en,Bohemian Rhapsody,"Singer Freddie Mercury, guitarist Brian May, drummer Roger Taylor and bass guitarist John Deacon take the music world by storm when they form the rock 'n' roll band Queen in 1970. Hit songs become instant classics. When Mercury's increasingly wild lifestyle starts to spiral out of control, Queen soon faces its greatest challenge yet – finding a way to keep the band together amid the success and excess.",20.882,/lHu1wtNaczFPGFDTrjCSzeLPTKN.jpg,2018-10-24,False,False,7.9,18110,"Music, Drama"
False,/qlI7haUeRut1fJFuB1YITNWkmCy.jpg,"27, 10749",1634905,Vampire Carnival,en,Vampire Carnival,"When a grief-stricken young woman visits a mysterious, traveling carnival in her small town, she becomes seduced into a dangerous world of pleasure and deception.",19.294,/ihxByv2GHUxz7g82mhVlYp9pCj3.jpg,2026-10-07,False,False,0.0,0,"Horror, Romance"
False,/qgch2rFskIxDMgwrD5lWTaB4nBl.jpg,"12, 35, 14",512200,Jumanji: The Next Level,en,Jumanji: The Next Level,"As the gang return to Jumanji to rescue one of their own, they discover that nothing is as they expect. The players will have to brave parts unknown and unexplored in order to escape the world’s most dangerous game.",20.9334,/jyw8VKYEiM1UDzPB7NsisUgBeJ8.jpg,2019-12-04,False,False,6.866,9649,"Adventure, Comedy, Fantasy"
False,/qvZ91FwMq6O47VViAr8vZNQz3WI.jpg,"28, 18",346,Seven Samurai,ja,七人の侍,"A samurai answers a village's request for protection after he falls on hard times. The town needs protection from bandits, so the samurai gathers six others to help him teach the people how to defend themselves, and the villagers provide the soldiers with food.",19.7944,/lOMGc8bnSwQhS4XyE1S99uH8NXf.jpg,1954-04-26,False,False,8.5,4404,"Action, Drama"
False,/sc1abgWNXc29wSBaerrjGBih06l.jpg,"27, 878, 53",1084199,Companion,en,Companion,"During a weekend getaway at a secluded lakeside estate, a group of friends finds themselves entangled in a web of secrets, deception, and advanced technology. As tensions rise and loyalties are tested, they uncover unsettling truths about themselves and the world around them.",19.4203,/oCoTgC3UyWGfyQ9thE10ulWR7bn.jpg,2025-01-22,False,False,7.0,2697,"Horror, Science Fiction, Thriller"
False,/nHyri67CN6juBR6hmOefCn9oGf8.jpg,"35, 28, 80",27581,The Other Guys,en,The Other Guys,"Unlike their heroic counterparts on the force, desk-bound NYPD detectives Gamble and Hoitz garner no headlines as they work day to day. When a seemingly minor case turns out to be a big deal, the two cops get the opportunity to finally prove to their comrades that they have the right stuff.",19.3867,/wNEHNqo3MgHmj3BUiPSqqq5czcm.jpg,2010-08-06,False,False,6.341,4727,"Comedy, Action, Crime"
False,/fKPgObonYgPgCdu88yjV7Hpn7Dp.jpg,"28, 80, 53",273481,Sicario,en,Sicario,An idealistic FBI agent is enlisted by a government task force to aid in the escalating war against drugs at the border area between the U.S. and Mexico.,21.6561,/lz8vNyXeidqqOdJW9ZjnDAMb5Vr.jpg,2015-09-17,False,False,7.43,9946,"Action, Crime, Thriller"
False,/nazre7z7MoUwAqimnrSlMlfLR5t.jpg,"18, 80, 53",22803,Law Abiding Citizen,en,Law Abiding Citizen,A frustrated man decides to take justice into his own hands after a plea bargain sets one of his family's killers free. He targets not only the killer but also the district attorney and others involved in the deal.,19.2893,/fcEXcip7v0O1ndV4VUdFqJSqbOg.jpg,2009-10-15,False,False,7.396,5886,"Drama, Crime, Thriller"
False,/lrNKm3HNvGdZoAfiBKu7b04FLHN.jpg,18,316029,The Greatest Showman,en,The Greatest Showman,"The story of American showman P.T. Barnum, founder of the circus that became the famous traveling Ringling Bros. and Barnum & Bailey Circus.",19.3514,/b9CeobiihCx1uG1tpw8hXmpi7nm.jpg,2017-12-20,False,False,7.852,10273,Drama
False,/4yWayBvwl9gHXaWrDrAslxjL7mh.jpg,"14, 16, 10751",408,Snow White and the Seven Dwarfs,en,Snow White and the Seven Dwarfs,"A beautiful girl, Snow White, takes refuge in the forest in the house of seven dwarfs to hide from her stepmother, the wicked Queen. The Queen is jealous because she wants to be known as ""the fairest in the land,"" and Snow White's beauty surpasses her own.",19.9711,/3VAHfuNb6Z7UiW12iYKANSPBl8m.jpg,1938-01-22,False,False,7.1,8153,"Fantasy, Animation, Family"
False,/7Wev9JMo6R5XAfz2KDvXb7oPMmy.jpg,"9648, 53",77,Memento,en,Memento,"Leonard Shelby is tracking down the man who raped and murdered his wife. The difficulty of locating his wife's killer, however, is compounded by the fact that he suffers from a rare, untreatable form of short-term memory loss. Although he can recall details of life before his accident, Leonard cannot remember what happened fifteen minutes ago, where he's going, or why.",20.827,/nzlv62aC0octS5AklAiWpXLX9Z0.jpg,2000-10-11,False,False,8.173,16856,"Mystery, Thriller"
False,/qVGpxnjrGlHaSTCqTQI6viBDSfp.jpg,"27, 53, 18",346364,It,en,It,"In a small town in Maine, seven children known as The Losers Club come face to face with life problems, bullies and a monster that takes the shape of a clown called Pennywise.",19.1813,/9E2y5Q7WlCVNEhP5GiVTjhEhx1o.jpg,2017-09-06,False,False,7.241,20750,"Horror, Thriller, Drama"
False,/qvyOfwTC3qdbzkqdXWSSEMHtjBZ.jpg,"18, 35, 10749",1064213,Anora,en,Anora,"A young sex worker from Brooklyn gets her chance at a Cinderella story when she meets and impulsively marries the son of an oligarch. Once the news reaches Russia, her fairytale is threatened as his parents set out to get the marriage annulled.",19.5702,/cgXk2tNYhJZLXdBDO5DidAVzQ82.jpg,2024-10-14,False,False,7.075,3519,"Drama, Comedy, Romance"
False,/7KGdTzKux4fp5sW7hUM33NWqBU1.jpg,"12, 28",89,Indiana Jones and the Last Crusade,en,Indiana Jones and the Last Crusade,"In 1938, an art collector appeals to eminent archaeologist Dr. Indiana Jones to embark on a search for the Holy Grail. Indy learns that a medieval historian has vanished while searching for it, and the missing man is his own father, Dr. Henry Jones Sr.. He sets out to rescue his father by following clues in the old man's notebook, which his father had mailed to him before he went missing. Indy arrives in Venice, where he enlists the help of a beautiful academic, Dr. Elsa Schneider, along with Marcus Brody and Sallah. Together they must stop the Nazis from recovering the power of eternal life and taking over the world!",20.3903,/sizg1AU8f8JDZX4QIgE4pjUMBvx.jpg,1989-05-24,False,False,7.9,11417,"Adventure, Action"
False,/kQV9sV0IbastbU5FYxuYwxfMawz.jpg,"35, 28, 14",594767,Shazam! Fury of the Gods,en,Shazam! Fury of the Gods,"Billy Batson and his foster siblings, who transform into superheroes by saying ""Shazam!"", are forced to get back into action and fight the Daughters of Atlas, who they must stop from using a weapon that could destroy the world.",20.0104,/3GrRgt6CiLIUXUtoktcv1g2iwT5.jpg,2023-03-15,False,False,6.4,3817,"Comedy, Action, Fantasy"
False,/7ZmZxar3bYORcl0TPA4oceyxcaE.jpg,"16, 28, 35, 10751",10555,Shark Tale,en,Shark Tale,"Oscar is a small fish whose big aspirations often get him into trouble. Meanwhile, Lenny is a great white shark with a surprising secret that no sea creature would guess: He's a vegetarian. When a lie turns Oscar into an improbable hero and Lenny becomes an outcast, the two form an unlikely friendship.",19.784,/r08DpyPyhXcJTfNZAICNGMzcQ8l.jpg,2004-09-20,False,False,6.0,6858,"Animation, Action, Comedy, Family"
False,/5vDuLrjJXFS9PTF7Q1xzobmYKR9.jpg,"12, 28, 878",1895,Star Wars: Episode III - Revenge of the Sith,en,Star Wars: Episode III - Revenge of the Sith,"When the sinister Sith unveil a thousand-year-old plot to rule the galaxy, the Republic crumbles and from its ashes rises the evil Galactic Empire. Jedi hero Anakin Skywalker must choose a side.",20.6696,/xfSAoBEm9MNBjmlNcDYLvLSMlnq.jpg,2005-05-17,False,False,7.476,15384,"Adventure, Action, Science Fiction"
False,/yRKyJJYIzfeiVDHBe4LXguPQCvD.jpg,"14, 35",4011,Beetlejuice,en,Beetlejuice,A newly dead New England couple seeks help from a deranged demon exorcist to scare an affluent New York family out of their home.,20.0816,/nnl6OWkyPpuMm595hmAxNW3rZFn.jpg,1988-03-30,False,False,7.4,8728,"Fantasy, Comedy"
False,/mXLVA0YL6tcXi6SJSuAh9ONXFj5.jpg,"12, 878, 10751",601,E.T. the Extra-Terrestrial,en,E.T. the Extra-Terrestrial,"An alien is left behind on Earth and saved by the 10-year-old Elliott who decides to keep him hidden in his home. While a task force hunts for the extra-terrestrial, Elliott, his brother, and his little sister Gertie form an emotional bond with their new friend, and try to help him find his way home.",19.7441,/an0nD6uq6byfxXCfk6lQBzdL2J1.jpg,1982-06-11,False,False,7.5,12316,"Adventure, Science Fiction, Family"
False,/dDVqfmCzSy3TKSmiS2pJ9QB5E3P.jpg,"878, 18, 28",315837,Ghost in the Shell,en,Ghost in the Shell,"In the near future, Major is the first of her kind: a human saved from a terrible crash, then cyber-enhanced to be a perfect soldier devoted to stopping the world's most dangerous criminals.",18.4409,/zCtL3UBgCoZzd7XTVGhvl6XY75E.jpg,2017-03-29,False,False,6.1,8781,"Science Fiction, Drama, Action"
False,/6AYl4PU29o2WXUPZzAo56GVQs5r.jpg,"53, 18, 9648, 27",1381027,Good Boy,en,Good Boy,"Tommy, a volatile 19-year-old, revels in drugs, parties and violence. After getting separated from his friends on a drunken bender, he is abducted by a shadowy figure. He wakes to find himself imprisoned in the basement of a remote Yorkshire house, inhabited by a very strange family. But what unfolds is not what he could possibly expect.",20.3262,/eWb841fMkSNly5gfL9J1N0xzVYI.jpg,2026-03-05,False,False,7.271,336,"Thriller, Drama, Mystery, Horror"
False,/arNhhBd88bP3Bjoe4HT8MFE1JQA.jpg,"28, 35, 12",1029575,The Family Plan,en,The Family Plan,"Dan Morgan is many things: a devoted husband, a loving father, a celebrated car salesman. He's also a former assassin. And when his past catches up to his present, he's forced to take his unsuspecting family on a road trip unlike any other.",20.3085,/jLLtx3nTRSLGPAKl4RoIv1FbEBr.jpg,2023-12-14,False,False,7.2,2012,"Action, Comedy, Adventure"
False,/nenJjvfe2Eq8uBMXFJnWj5mw4bi.jpg,"16, 10751, 12, 14, 10749",812,Aladdin,en,Aladdin,"In the boorish city of Agrabah, kind-hearted street urchin Aladdin and Princess Jasmine fall in love, although she can only marry a prince. He and power-hungry Grand Vizier Jafar vie for a magic lamp that can fulfill their wishes.",20.281,/eLFfl7vS8dkeG1hKp5mwbm37V83.jpg,1992-11-25,False,False,7.7,12310,"Animation, Family, Adventure, Fantasy, Romance"
False,/c1bejD7jTTf8qSUkcv32Gmv8N50.jpg,"27, 878, 28",924,Dawn of the Dead,en,Dawn of the Dead,"A group of survivors take refuge in a shopping mall after the world is taken over by aggressive, flesh-eating zombies.",20.2602,/ttquyxStEEctzghtA2f4PUGprDr.jpg,2004-03-19,False,False,7.1,4746,"Horror, Science Fiction, Action"
False,/iYLimHUF0C0R61v1ofg79SUIja9.jpg,"16, 10751, 12, 35, 14",41513,The Smurfs,en,The Smurfs,"When the evil wizard Gargamel chases the tiny blue Smurfs out of their village, they tumble from their magical world and into ours -- in fact, smack dab in the middle of Central Park. Just three apples high and stuck in the Big Apple, the Smurfs must find a way to get back to their village before Gargamel tracks them down.",20.2568,/vRhnslP2gW0QDym7BsMeSuioUfK.jpg,2011-07-29,False,False,5.755,4101,"Animation, Family, Adventure, Comedy, Fantasy"
False,/6UFnKzVzFqKDjs4iCVLJdneK3ch.jpg,"28, 35, 878, 12, 14",257344,Pixels,en,Pixels,Video game experts are recruited by the military to fight 1980s-era video game characters who've attacked New York.,20.255,/d26S5EfVXLNxRXqyFy1yyl3qRq3.jpg,2015-07-16,False,False,5.8,8226,"Action, Comedy, Science Fiction, Adventure, Fantasy"
False,/onq6lsJLX8ay5iwxEbKX3qJKeO9.jpg,27,764,The Evil Dead,en,The Evil Dead,"In 1979, a group of college students find a Sumerian Book of the Dead in an old wilderness cabin they've rented for a weekend getaway.",20.2487,/54C1qdaiSijIU5NeNb4WsPJdNkG.jpg,1983-01-16,False,False,7.3,4759,Horror
False,/uA8eSNAUUUyfHNIrG4h0zHxzt9W.jpg,18,510,One Flew Over the Cuckoo's Nest,en,One Flew Over the Cuckoo's Nest,"A petty criminal fakes insanity to serve his sentence in a mental ward rather than prison. He soon finds himself as a leader to the other patients—and an enemy to the cruel, domineering nurse who runs the ward.",20.2266,/kjWsMh72V6d8KRLV4EOoSJLT1H7.jpg,1975-11-19,False,False,8.4,11836,Drama
False,/zbV32WKHFuEYLXLTpr0rmVjQn11.jpg,"53, 28, 14",1250,Ghost Rider,en,Ghost Rider,"In order to save his dying father, young stunt cyclist Johnny Blaze sells his soul to Mephistopheles and sadly parts from the pure-hearted Roxanne Simpson, the love of his life. Years later, Johnny's path crosses again with Roxanne, now a go-getting reporter, and also with Mephistopheles, who offers to release Johnny's soul if Johnny becomes the fabled, fiery 'Ghost Rider'.",20.216,/4quwR1VwZouD0YF9AaD72kQAjxH.jpg,2007-01-15,False,False,5.623,6695,"Thriller, Action, Fantasy"
False,/AfvIjhDu9p64jKcmohS4hsPG95Q.jpg,"27, 53",756999,The Black Phone,en,The Black Phone,"Finney Blake, a shy but clever 13-year-old boy, is abducted by a sadistic killer and trapped in a soundproof basement where screaming is of little use. When a disconnected phone on the wall begins to ring, Finney discovers that he can hear the voices of the killer’s previous victims. And they are dead set on making sure that what happened to them doesn’t happen to Finney.",20.2126,/p9ZUzCyy9wRTDuuQexkQ78R2BgF.jpg,2022-06-16,False,False,7.506,6140,"Horror, Thriller"
False,/vXzqV2RtJlT9WhNEM4NYWCEC6ZI.jpg,"18, 10749",142,Brokeback Mountain,en,Brokeback Mountain,"In 1960s Wyoming, two men develop a strong emotional and sexual relationship that endures as a lifelong connection complicating their lives as they get married and start families of their own.",20.2093,/aByfQOQBNa4CMFwIgq3QrqY2ZHh.jpg,2005-10-22,False,False,7.8,7760,"Drama, Romance"
False,/2VDV1ZBHV1PKKBcWjRRCydZO1YR.jpg,"53, 9648, 27",1433568,The Rope Curse 4: Kuntilanak,zh,粽邪4：坤蒂拉娜,"A forbidden exorcism is livestreamed in Indonesia, awakening the legendary female spirit Kuntilanak. What begins as an online spectacle quickly turns deadly. In Taiwan, Mila watches the ritual—and becomes the curse’s first victim. Soon, mysterious deaths and violent possessions follow. When Yulan collapses and is found to have lost part of her soul, it becomes clear that this is not an isolated incident, but a transnational curse. Seeking answers, Mila’s son returns her ashes to Indonesia, hoping to uncover the truth behind her death. Instead, he steps into a nightmare rooted in ancient folklore and unresolved hatred. As supernatural violence escalates, the group realizes that once Kuntilanak is summoned, the curse will not stop—until it claims everything in its path.",20.1944,/9LX0QtkjolqOgqOFhUZBVz9ZniD.jpg,2026-08-27,False,False,0.0,0,"Thriller, Mystery, Horror"
False,/bFRyrzb16IqM8hTmxT0z1nCaqhr.jpg,"27, 18, 9648",1813,The Devil's Advocate,en,The Devil's Advocate,"Aspiring Florida defense lawyer Kevin Lomax accepts a job at a New York law firm. With the stakes getting higher every case, Kevin quickly learns that his boss has something far more evil planned.",20.1834,/5ZzBGpxy55OQzHxKVY11IpY6a0o.jpg,1997-10-17,False,False,7.482,7096,"Horror, Drama, Mystery"
False,/EnDlndEvw6Ptpp8HIwmRcSSNKQ.jpg,"14, 35, 12",425909,Ghostbusters: Afterlife,en,Ghostbusters: Afterlife,"When single mom Callie and her two kids Trevor and Phoebe arrive in a small Oklahoma town, they begin to discover their connection to the original Ghostbusters and the secret legacy their grandfather left behind.",20.1798,/sg4xJaufDiQl7caFEskBtQXfD4x.jpg,2021-11-18,False,False,7.3,5367,"Fantasy, Comedy, Adventure"
False,/8oYykF1Qhrb8fC2qZqD71EzRywg.jpg,"12, 10751, 14",278927,The Jungle Book,en,The Jungle Book,"After a threat from the tiger Shere Khan, Mowgli, a man-cub fostered by wolves, is forced to flee the jungle, and he embarks on a journey of self-discovery with the help of the panther, Bagheera, and the free-spirited bear, Baloo.",20.1781,/2Epx7F9X7DrFptn4seqn4mzBVks.jpg,2016-04-07,False,False,6.9,8669,"Adventure, Family, Fantasy"
False,/vyrCniZsrXZAW08eECKIp1BMLPh.jpg,"35, 18, 10749",50646,"Crazy, Stupid, Love.",en,"Crazy, Stupid, Love.","Cal Weaver is living the American dream. He has a good job, a beautiful house, great children and a beautiful wife, named Emily. Cal's seemingly perfect life unravels, however, when he learns that Emily has been unfaithful and wants a divorce. Over 40 and suddenly single, Cal is adrift in the fickle world of dating. Enter, Jacob Palmer, a self-styled player who takes Cal under his wing and teaches him how to be a hit with the ladies.",20.1768,/p4RafgAPk558muOjnBMHhMArjS2.jpg,2011-07-29,False,False,7.3,9562,"Comedy, Drama, Romance"
False,/2fswjyrY3GEzeoVn6mF8pNeNcgf.jpg,"18, 14, 10749",4922,The Curious Case of Benjamin Button,en,The Curious Case of Benjamin Button,"Born under unusual circumstances, Benjamin Button springs into being as an elderly man in a New Orleans nursing home and ages in reverse. Twelve years after his birth, he meets Daisy, a child who flits in and out of his life as she grows up to be a dancer. Though he has all sorts of unusual adventures over the course of his life, it is his relationship with Daisy, and the hope that they will come together at the right time, that drives Benjamin forward.",20.1673,/26wEWZYt6yJkwRVkjcbwJEFh9IS.jpg,2008-12-25,False,False,7.6,14107,"Drama, Fantasy, Romance"
False,/ohijjhvNqAPKTURQr6VIF7xuAjY.jpg,"28, 12, 14",338970,Tomb Raider,en,Tomb Raider,"Lara Croft, the fiercely independent daughter of a missing adventurer, must push herself beyond her limits when she finds herself on the island where her father disappeared.",20.1538,/s4Qn5LF6OwK4rIifmthIDtbqDSs.jpg,2018-03-05,False,False,6.362,8554,"Action, Adventure, Fantasy"
False,/raTby3MY67GCHiF1S0VSwq01fds.jpg,"12, 10751",1266800,The Desert Child,fr,L'enfant du désert,"14-year-old Sun has written and successfully published a story based on an incredible story told by her late grandfather about a wild child called Hadara, who is saved by a group of ostriches when he becomes separated from his family in a storm, and is then raised in the desert amid a host of wild animals, including his best friend, a desert fox. When Sun is invited to travel to the Sahara by a local community who has heard about her book, she meets Kharouba, a Nomad girl of her own age, and realizes there may be much more to Hadara than just a character in a bedtime story.",20.1537,/8qPtHYpeRgRQUDVYk5M8X37Rkbb.jpg,2026-04-08,False,False,7.4,31,"Adventure, Family"
False,/bdI6U1mT0kCdTJ6TWtiFxQ42GSn.jpg,"80, 18, 53",242582,Nightcrawler,en,Nightcrawler,"When Lou Bloom, desperate for work, muscles into the world of L.A. crime journalism, he blurs the line between observer and participant to become the star of his own story. Aiding him in his effort is Nina, a TV-news veteran.",20.1508,/j9HrX8f7GbZQm1BrBiR40uFQZSb.jpg,2014-10-23,False,False,7.708,12139,"Crime, Drama, Thriller"
False,/abQxLSkGxpHyUxRjRXACt8NbiGf.jpg,"18, 10749",48650,Room in Rome,es,Habitación en Roma,"A hotel room in the center of Rome serves as the setting for Alba and Natasha, two sexy and recently acquainted women, to have a physical adventure that touches their very souls.",20.1054,/w90ItYf9qagQKVEBr1uFxPomAtf.jpg,2010-05-07,False,False,6.414,853,"Drama, Romance"
False,/kjQBrc00fB2RjHZB3PGR4w9ibpz.jpg,"878, 28, 12",670292,The Creator,en,The Creator,"Amid a future war between the human race and the forces of artificial intelligence, a hardened ex-special forces agent grieving the disappearance of his wife, is recruited to hunt down and kill the Creator, the elusive architect of advanced AI who has developed a mysterious weapon with the power to end the war—and mankind itself.",20.0956,/3dSivDtOuyxLDxPH4v2tcNG1fP7.jpg,2023-09-27,False,False,7.0,4222,"Science Fiction, Action, Adventure"
False,/tyj0QztA0PkYo6XauifWjkx7UVi.jpg,"16, 10751, 14, 12",12092,Alice in Wonderland,en,Alice in Wonderland,"On a golden afternoon, wildly curious young Alice tumbles into the burrow and enters the merry, madcap world of Wonderland full of whimsical escapades.",20.0955,/20cvfwfaFqNbe9Fc3VEHJuPRxmn.jpg,1951-08-09,False,False,7.2,6417,"Animation, Family, Fantasy, Adventure"
False,/uuBYYlbfiYD7ny5VNj46NG14ykR.jpg,"878, 53, 27",520763,A Quiet Place Part II,en,A Quiet Place Part II,"Following the events at home, the Abbott family now face the terrors of the outside world. Forced to venture into the unknown, they realize that the creatures that hunt by sound are not the only threats that lurk beyond the sand path.",20.0767,/4q2hz2m8hubgvijz8Ez0T2Os2Yv.jpg,2021-05-21,False,False,7.427,7688,"Science Fiction, Thriller, Horror"
False,/mKIkGoyuR71qz6FdiEiOjxvBQcS.jpg,"878, 53, 9648",63,Twelve Monkeys,en,Twelve Monkeys,"In the year 2035, convict James Cole reluctantly volunteers to be sent back in time to discover the origin of a deadly virus that wiped out nearly all of the earth's population and forced the survivors into underground communities. But when Cole is mistakenly sent to 1990 instead of 1996, he's arrested and locked up in a mental hospital. There he meets psychiatrist Dr. Kathryn Railly and the son of a famous virus expert who may hold the key to the Army of the 12 Monkeys; thought to be responsible for unleashing the killer disease.",20.0652,/gt3iyguaCIw8DpQZI1LIN5TohM2.jpg,1995-12-29,False,False,7.613,9452,"Science Fiction, Thriller, Mystery"
False,/apfyLCPVFttB8oXcsLJ7q0NSFLx.jpg,"53, 36, 10752",1318413,Pressure,en,Pressure,"In the tense 72 hours before D-Day, and the fate of the free world hanging in the balance, General Dwight D. Eisenhower and Captain James Stagg face an impossible choice—launch the largest and most dangerous seaborne invasion in history or risk losing the war altogether.",20.064,/gFjEggtrejCN79r6SXRjM269OtG.jpg,2026-05-28,False,False,7.7,499,"Thriller, History, War"
False,/egg7KFi18TSQc1s24RMmR9i2zO6.jpg,"28, 12, 14",464052,Wonder Woman 1984,en,Wonder Woman 1984,A botched store robbery places Wonder Woman in a global battle against a powerful and mysterious ancient force that puts her powers in jeopardy.,20.0541,/8UlWHLMpgZm9bx6QYh0NFoq67TZ.jpg,2020-12-16,False,False,6.345,9298,"Action, Adventure, Fantasy"
False,/7Ud7QIJo21odjCaev6V4md9sK16.jpg,"99, 10402",1447853,Oasis: Don't Look Back in Anger,en,Oasis: Don't Look Back in Anger,"Experience the meteoric rise of Oasis through rare footage and untold stories as the band reunites for Oasis Live '25, chronicling their journey from Manchester streets to global rock stardom.",20.0527,/5XoHhKZ1IROW6f5UlRpADHnTL2l.jpg,2026-09-09,False,False,7.5,21,"Documentary, Music"
False,/5jhG1lTgV0MS6tDkBMQSSitttTT.jpg,18,1402,The Pursuit of Happyness,en,The Pursuit of Happyness,A struggling salesman takes custody of his son as he's poised to begin a life-changing professional career.,20.0362,/lBYOKAMcxIvuk9s9hMuecB9dPBV.jpg,2006-12-14,False,False,7.883,10914,Drama
False,/gvLG3Fnznkxl4SmYfcK8gUuqxM8.jpg,"28, 12, 878",823464,Godzilla x Kong: The New Empire,en,Godzilla x Kong: The New Empire,"Following their explosive showdown, Godzilla and Kong must reunite against a colossal undiscovered threat hidden within our world, challenging their very existence – and our own.",20.0348,/z1p34vh7dEOnLDmyCrlUVLuoDzd.jpg,2024-03-27,False,False,7.032,4897,"Action, Adventure, Science Fiction"
False,/kgHYRHQ5BZM1mxsy1MSZepNjMiR.jpg,"80, 14, 18",1427,Perfume: The Story of a Murderer,en,Perfume: The Story of a Murderer,"Jean-Baptiste Grenouille, born in the stench of 18th century Paris, develops a superior olfactory sense, which he uses to create the world's finest perfumes. However, his work takes a dark turn as he tries to preserve scents in the search for the ultimate perfume.",20.0252,/2wrFrUej8ri5EpjgIkjKTAnr686.jpg,2006-09-13,False,False,7.378,5197,"Crime, Fantasy, Drama"
False,/4LrL40XecjGLRpX5I2gzMTUt04l.jpg,"18, 36, 53",617653,The Last Duel,en,The Last Duel,"King Charles VI declares that Knight Jean de Carrouges settle his dispute with his squire, Jacques Le Gris, by challenging him to a duel.",20.0247,/zjrJE0fpzPvX8saJXj8VNfcjBoU.jpg,2021-10-13,False,False,7.395,4038,"Drama, History, Thriller"
False,/eTvN54pd83TrSEOz6wbsXEJktCV.jpg,"10752, 28, 53",882569,Guy Ritchie's The Covenant,en,Guy Ritchie's The Covenant,"After an ambush, Afghan interpreter Ahmed goes to Herculean lengths to save US Army Sergeant John Kinley's life. When Kinley learns that Ahmed and his family were not given safe passage to America as promised, he must return to the war zone and repay his debt.",20.0151,/kVG8zFFYrpyYLoHChuEeOGAd6Ru.jpg,2023-04-19,False,False,7.715,3399,"War, Action, Thriller"
False,/cDtefl7KGnKrDziEUXetMnztvqr.jpg,"28, 53",1573,Die Hard 2,en,Die Hard 2,"One year after his heroics in Los Angeles, John McClane is an off-duty cop who is the wrong guy in the wrong place at the wrong time. On a snowy Christmas Eve, as he waits for his wife's plane to land at Washington Dulles International Airport, terrorists take over the air traffic control system in a plot to free a South American army general and drug smuggler being flown into the US to face drug charges. It's now up to McClane to take on the terrorists, while coping with an inept airport police chief, an uncooperative anti-terrorist squad, and the life of his wife and everyone else trapped in planes circling overhead.",20.0058,/ybki0UWO3OPhaM6MSniuKC7sy1R.jpg,1990-07-03,False,False,7.0,6629,"Action, Thriller"
False,/4mK222kB3vyrNjYl8eHliYacvJS.jpg,"18, 10402",615667,Ma Rainey's Black Bottom,en,Ma Rainey's Black Bottom,Tensions rise when the trailblazing Mother of the Blues and her band gather at a Chicago recording studio in 1927. Adapted from August Wilson's play.,19.9844,/pvtyxijaBrCSbByXLcUIDDSvc40.jpg,2020-11-25,False,False,6.6,1296,"Drama, Music"
False,/5cCfqeUH2f5Gnu7Lh9xepY9TB6x.jpg,"14, 12, 35",967847,Ghostbusters: Frozen Empire,en,Ghostbusters: Frozen Empire,"The Spengler family returns to where it all started - the iconic New York City firehouse - to team up with the original Ghostbusters, who've developed a top-secret research lab to take busting ghosts to the next level. But when the discovery of an ancient artifact unleashes an evil force, Ghostbusters new and old must join forces to protect their home and save the world from a second Ice Age.",19.9836,/e1J2oNzSBdou01sUvriVuoYp0pJ.jpg,2024-03-20,False,False,6.4,2320,"Fantasy, Adventure, Comedy"
False,/u5IhDThM1SClL4pkCUp8hOmsDQJ.jpg,"18, 37",335,Once Upon a Time in the West,it,C'era una volta il West,"As the railroad builders advance unstoppably through the Arizona desert on their way to the sea, Jill arrives in the small town of Flagstone with the intention of starting a new life.",19.9588,/qbYgqOczabWNn2XKwgMtVrntD6P.jpg,1968-12-21,False,False,8.3,5080,"Drama, Western"
False,/57JocxmicOoAMhkUSmdKBlpZWMT.jpg,"12, 28",335977,Indiana Jones and the Dial of Destiny,en,Indiana Jones and the Dial of Destiny,"Finding himself in a new era, and approaching retirement, Indy wrestles with fitting into a world that seems to have outgrown him. But as the tentacles of an all-too-familiar evil return in the form of an old rival, Indy must don his hat and pick up his whip once more to make sure an ancient and powerful artifact doesn't fall into the wrong hands.",19.9481,/Af4bXE63pVsb2FtbW8uYIyPBadD.jpg,2023-06-25,False,False,6.491,4409,"Adventure, Action"
False,/k9pshruhCpJAdH9RaGJO6jaWQ4X.jpg,"12, 28, 878",1891,The Empire Strikes Back,en,The Empire Strikes Back,"The epic saga continues as Luke Skywalker, in hopes of defeating the evil Galactic Empire, learns the ways of the Jedi from aging master Yoda. But Darth Vader is more determined than ever to capture Luke. Meanwhile, rebel leader Princess Leia, cocky Han Solo, Chewbacca, and droids C-3PO and R2-D2 are thrown into various stages of capture, betrayal and despair.",19.9441,/nNAeTmF4CtdSgMDplXTDPOpYzsX.jpg,1980-05-20,False,False,8.392,18951,"Adventure, Action, Science Fiction"
False,/zWqxBc6pdSIjklqWfZ70l5ce28P.jpg,"16, 10751, 12, 35",13053,Bolt,en,Bolt,"Bolt is the star of the biggest show in Hollywood. The only problem is, he thinks it's real. After he's accidentally shipped to New York City and separated from Penny, his beloved co-star and owner, Bolt must harness all his ""super powers"" to find a way home.",19.9384,/v5aC4nrzXFGJDWY4JO1eengXzqk.jpg,2008-11-21,False,False,6.6,6672,"Animation, Family, Adventure, Comedy"
False,/16zzKM5vDxnYiqG6Tg6wOkOLSmj.jpg,27,4488,Friday the 13th,en,Friday the 13th,Camp counselors are stalked and murdered by an unknown assailant while trying to reopen a summer camp that was the site of a child's drowning.,20.3487,/uGGpnWHOmWTARVN9wbC1nPxNgps.jpg,1980-05-09,False,False,6.4,3492,Horror
False,/pmOXaAK8hteMlCiMZyyDJENHCZI.jpg,"35, 18, 10751, 10749",11130,The Princess Diaries 2: Royal Engagement,en,The Princess Diaries 2: Royal Engagement,"Mia Thermopolis is now a college graduate and on her way to Genovia to take up her duties as princess. Accompanied by her friend Lilly, Mia continues her 'princess lessons', like riding horses side-saddle and archery. But her already complicated life is turned upside down once again when she learns that she is to take the crown as queen earlier than expected, all while she meets a mysteriously charming young man.",19.6108,/upJOyrxxSIxlSZC7KEqJfB1vlGl.jpg,2004-08-06,False,False,6.7,3481,"Comedy, Drama, Family, Romance"
False,/k4HIk81b03lLeNo7I0dHxD3VPKD.jpg,"18, 16, 10751",10545,The Hunchback of Notre Dame,en,The Hunchback of Notre Dame,"Isolated in the bell tower of Notre Dame, Quasimodo longs to experience the world beyond the cathedral walls, despite the wishes of his stern guardian, the Judge of Paris Claude Frollo. His first venture into the city leads him to Esmeralda, a fearless Romani woman whose defiance of Frollo's tyranny draws her—and Quasimodo—into his dangerous obsession.",18.7126,/dmMBtXuFzZzLYgeQXkOkg98w2Ak.jpg,1996-06-21,False,False,7.1,5498,"Drama, Animation, Family"
False,/AaUpn8zfBmCy6TRNcS29yLWmEh1.jpg,"18, 10749",853033,Adultery Alumni Association 2,ko,불륜 동창회 2,"Hye Jin, Hee Kyung, and Han Hee who are among the high school alumni. They met at the alumni meeting and heard that the male alumni who did not have a chance to study during their school days were greatly successful as an investment company. And after seeing the settlement a few days later, I am happy to share my memories, but in fact, their purpose (?) Is separate. They are difficult to afford, and they want to get help from Zhengzhou. Since then, Zhengzhou has been enjoying the love of female alumni.",20.9818,/wJHAEuL4ObSAp33T2iADrti0fAM.jpg,2019-02-18,False,False,4.7,41,"Drama, Romance"
False,/5qsyqA7FeYRymBmNbPBqBgqWPO4.jpg,"12, 35, 10751",9340,The Goonies,en,The Goonies,"Young teen Mikey Walsh and his friends set off on a quest to find Pirate One-Eyed Willie's treasure in hopes of saving their homes from demolition. However, on their quest to find the treasure, they run into a family of recently escaped criminals, determined to capture the kids and reach the treasure first.",17.7824,/eBU7gCjTCj9n2LTxvCSIXXOvHkD.jpg,1985-06-07,False,False,7.5,6443,"Adventure, Comedy, Family"
False,/6ToGkmqn0KG0UGGGUAC1Ww0e5CM.jpg,"80, 27, 9648",1226578,Longlegs,en,Longlegs,"FBI Agent Lee Harker is a gifted new recruit assigned to the unsolved case of an elusive serial killer. As the case takes complex turns, unearthing evidence of the occult, Harker discovers a personal connection to the merciless killer and must race against time to stop him before he claims the lives of another innocent family.",19.1874,/1EwNyiiNFd863H4e8nWEzutnZD7.jpg,2024-07-10,False,False,6.522,2908,"Crime, Horror, Mystery"
False,/8J7J7CBmapmcMaxsn9KMiaHzOU2.jpg,"27, 28, 878",1576,Resident Evil,en,Resident Evil,"When a virus leaks from a top-secret facility, turning all resident researchers into ravenous zombies and their lab animals into mutated hounds from hell, the government sends in an elite military task force to contain the outbreak.",19.5806,/1UKNef590A0ZaMnxsscIcWuK1Em.jpg,2002-03-15,False,False,6.7,7226,"Horror, Action, Science Fiction"
False,/zZZ1FDl5FPClZ9OnMrlaPA4Iuxv.jpg,"28, 53, 878",1635,The Island,en,The Island,"In 2019, Lincoln Six-Echo is a resident of a seemingly ""Utopian"" but contained facility. Like all of the inhabitants of this carefully-controlled environment, Lincoln hopes to be chosen to go to The Island — reportedly the last uncontaminated location on the planet. But Lincoln soon discovers that everything about his existence is a lie.",19.0304,/9MaZYEyFmQwNeDTxZGQEN8E0e4p.jpg,2005-07-21,False,False,6.696,6106,"Action, Thriller, Science Fiction"
False,/ziECpBRIyclmBNaFSWlvCfsKbMD.jpg,"12, 28, 878",1892,Return of the Jedi,en,Return of the Jedi,"Luke Skywalker leads a mission to rescue his friend Han Solo from the clutches of Jabba the Hutt, the Emperor prepares to crush the Rebellion with a more powerful Death Star, and the Rebel fleet mounts a massive attack on the space station. Luke Skywalker confronts Darth Vader in a final climactic duel before the evil Emperor.",19.6823,/jQYlydvHm3kUix1f8prMucrplhm.jpg,1983-05-25,False,False,7.9,17400,"Adventure, Action, Science Fiction"
False,/abirSHwWgKajV3hXhaIR5lcCIXe.jpg,"18, 14, 10749",399055,The Shape of Water,en,The Shape of Water,"An other-worldly story, set against the backdrop of Cold War era America circa 1962, where a mute janitor working at a lab falls in love with an amphibious man being held captive there and devises a plan to help him escape.",19.3746,/9zfwPffUXpBrEP26yp0q1ckXDcj.jpg,2017-12-01,False,False,7.23,13124,"Drama, Fantasy, Romance"
False,/wRxLAw4l17LqiFcPLkobriPTZAw.jpg,"28, 53, 80",697843,Extraction 2,en,Extraction 2,"Back from the brink of death, highly skilled commando Tyler Rake takes on another dangerous mission: saving the imprisoned family of a ruthless gangster.",19.6476,/7gKI9hpEMcZUQpNgKrkDzJpbnNS.jpg,2023-06-09,False,False,7.383,3088,"Action, Thriller, Crime"
False,/1ClgfKeczI0d0KKuBs5qSIqUReT.jpg,"12, 35, 14, 10751",181533,Night at the Museum: Secret of the Tomb,en,Night at the Museum: Secret of the Tomb,"When the magic powers of The Tablet of Ahkmenrah begin to die out, Larry Daley spans the globe, uniting favorite and new characters while embarking on an epic quest to save the magic before it is gone forever.",20.0599,/xwgy305K6qDs3D20xUO4OZu1HPY.jpg,2014-12-17,False,False,6.226,6361,"Adventure, Comedy, Fantasy, Family"
False,/9EnZD3ZWjpJy4IPoQkqTzxvZrso.jpg,"12, 28, 9648",2059,National Treasure,en,National Treasure,"Modern treasure hunters, led by archaeologist Ben Gates, search for a chest of riches rumored to have been stashed away by George Washington, Thomas Jefferson and Benjamin Franklin during the Revolutionary War. The chest's whereabouts may lie in secret clues embedded in the Constitution and the Declaration of Independence, and Gates is in a race to find the gold before his enemies do.",19.0167,/jKbZBMRFpF2EfFuvrsDZ2uQYsEQ.jpg,2004-11-19,False,False,6.656,7102,"Adventure, Action, Mystery"
False,/xinJKZQiqkdJhoYc2SXuEnhehXz.jpg,"28, 53, 80",941,Lethal Weapon,en,Lethal Weapon,A veteran cop and an unstable detective become partners who must put their differences aside in order to bring down a heroin-smuggling ring run by ex-Special Forces.,19.3031,/6gt44oqb4nE8vflPElffeGwsHVl.jpg,1987-03-06,False,False,7.306,5250,"Action, Thriller, Crime"
False,/ld7V9BjMk2xtiBNcR8savyyk5ca.jpg,"12, 14",283366,Miss Peregrine's Home for Peculiar Children,en,Miss Peregrine's Home for Peculiar Children,A teenager finds himself transported to an island where he must help protect a group of orphans with special powers from creatures intent on destroying them.,18.696,/CIlbMFOfYDj0MP23hsIYhFGrL6.jpg,2016-09-28,False,False,6.841,10657,"Adventure, Fantasy"
False,/x2wOlXuK4NzPDQ0OBZiJjNNOp6Y.jpg,"28, 12, 878",861,Total Recall,en,Total Recall,"Construction worker Douglas Quaid's obsession with the planet Mars leads him to visit Rekall, a virtual vacation company that manufactures memories. When something goes wrong during Quaid's memory implant procedure, his life turns upside down, leading him to question what is reality and what isn't.",19.8626,/wVbeL6fkbTKSmNfalj4VoAUUqJv.jpg,1990-06-01,False,False,7.3,6734,"Action, Adventure, Science Fiction"
False,/aGmsekNU5cMOkJMpbdRutkvmVMl.jpg,35,45243,The Hangover Part II,en,The Hangover Part II,"The Hangover crew heads to Thailand for Stu's wedding. After the disaster of a bachelor party in Las Vegas last year, Stu is playing it safe with a mellow pre-wedding brunch. However, nothing goes as planned and Bangkok is the perfect setting for another adventure with the rowdy group.",18.086,/cKZu0Fdkj7dmwbfMpgDqVVCkLJQ.jpg,2011-05-25,False,False,6.513,11600,Comedy
False,/nnmbJvYyDS1VkMOCbxSpdBi3WbJ.jpg,"28, 18, 36",1579,Apocalypto,en,Apocalypto,"Set in the Mayan civilization, when a man's idyllic presence is brutally disrupted by a violent invading force, he is taken on a perilous journey to a world ruled by fear and oppression where a harrowing end awaits him. Through a twist of fate and spurred by the power of his love for his woman and his family he will make a desperate break to return home and to ultimately save his way of life.",20.2526,/cRY25Q32kDNPFDkFkxAs6bgCq3L.jpg,2006-12-07,False,False,7.67,6720,"Action, Drama, History"
False,/p96949hcwUG2BwE6MgKmw0uYNCx.jpg,"12, 28",217,Indiana Jones and the Kingdom of the Crystal Skull,en,Indiana Jones and the Kingdom of the Crystal Skull,"Set during the Cold War, the Soviets—led by sword-wielding Irina Spalko—are in search of a crystal skull which has supernatural powers related to a mystical Lost City of Gold. Indy is coerced to head to Peru at the behest of a young man whose friend—and Indy's colleague—Professor Oxley has been captured for his knowledge of the skull's whereabouts.",20.2088,/56As6XEM1flWvprX4LgkPl8ii4K.jpg,2008-05-21,False,False,6.026,9293,"Adventure, Action"
False,/gxO51FVgADhYGGnnRPIlutVqb30.jpg,"18, 9648, 53",1233575,Black Bag,en,Black Bag,"When intelligence agent Kathryn Woodhouse is suspected of betraying the nation, her husband – also a legendary agent – faces the ultimate test of whether to be loyal to his marriage, or his country.",21.1621,/hHPovtU4b96LHcoeEwRkGHI5btw.jpg,2025-03-12,False,False,6.373,1402,"Drama, Mystery, Thriller"
False,/2ndw55F40IkALzWyjCCza3M6nqM.jpg,18,14,American Beauty,en,American Beauty,"Lester Burnham, a depressed suburban father in a mid-life crisis, decides to turn his hectic life around after developing an infatuation with his daughter's attractive friend.",19.5109,/wby9315QzVKdW9BonAefg8jGTTb.jpg,1999-09-15,False,False,8.0,13424,Drama
False,/qY7zVZ7liULhfRoXg4c9Xl83LcR.jpg,"27, 53",1430077,Hokum,en,Hokum,"When novelist Ohm Bauman retreats to a remote inn to scatter his parents' ashes, he is consumed by tales of a witch haunting the honeymoon suite. Disturbing visions and a shocking disappearance forces him to confront dark corners of his past.",19.0928,/x6rHcQFiYcczLQPrmxXPAicm54E.jpg,2026-04-29,False,False,6.8,930,"Horror, Thriller"
False,/1fpwEe2GvNjAq2MN2xxdifNZLBT.jpg,"27, 53",280092,Insidious: Chapter 3,en,Insidious: Chapter 3,A prequel set before the haunting of the Lambert family that reveals how gifted psychic Elise Rainier reluctantly agrees to use her ability to contact the dead in order to help a teenage girl who has been targeted by a dangerous supernatural entity.,19.1377,/iDdGfdNvY1EX0uDdA4Ru77fwMfc.jpg,2015-05-28,False,False,6.304,3787,"Horror, Thriller"
False,/5jnoAA74Qwb5w6B9FMvnc20n6Ie.jpg,"28, 12",353081,Mission: Impossible - Fallout,en,Mission: Impossible - Fallout,"When an IMF mission ends badly, the world is faced with dire consequences. As Ethan Hunt takes it upon himself to fulfill his original briefing, the CIA begin to question his loyalty and his motives. The IMF team find themselves in a race against time, hunted by assassins while trying to prevent a global catastrophe.",21.7105,/AkJQpZp9WoNdj7pLYSj1L0RcMMN.jpg,2018-07-25,False,False,7.5,9445,"Action, Adventure"
False,/aQzXICKh3oaJanWSsSRJ2epB9Z5.jpg,"18, 10749",269955,Obsessed,ko,인간중독,"A secret, passionate affair happens in the summer of 1969 between Colonel Jin Pyeong, trapped in a loveless marriage with Soo Jin, and Jong Ga Heun, the Chinese-Korean wife of Captain Kyung Woo Jin.",18.2767,/XdVqGnvRqCQXalcJPDGIeDn7Kj.jpg,2014-05-14,False,False,6.7,84,"Drama, Romance"
False,/4FHcxMtVruMr7ltU2cItWssLjTP.jpg,"18, 10752, 10749",770,Gone with the Wind,en,Gone with the Wind,The spoiled daughter of a Georgia plantation owner conducts a tumultuous romance with a cynical profiteer during the American Civil War and Reconstruction Era.,19.151,/lNz2Ow0wGCAvzckW7EOjE03KcYv.jpg,1939-12-15,False,False,7.9,4508,"Drama, War, Romance"
False,/i1oWUGVDNBhGBykcCRBlX326udb.jpg,"80, 36, 53",117,The Untouchables,en,The Untouchables,"Elliot Ness, an ambitious prohibition agent, is determined to take down Al Capone. In order to achieve this goal, he forms a group given the nickname “The Untouchables”.",19.5605,/tPq0R4jTO4Ey8ZspFaWK9wGA4Ls.jpg,1987-06-03,False,False,7.752,6363,"Crime, History, Thriller"
False,/46FRuCeAn6TrS4F1P4F9zhyCpyo.jpg,18,785084,The Whale,en,The Whale,A reclusive English teacher suffering from severe obesity attempts to reconnect with his estranged teenage daughter for one last chance at redemption.,18.3853,/jQ0gylJMxWSL490sy0RrPj1Lj7e.jpg,2022-12-09,False,False,7.751,4940,Drama
False,/tq8COKsI99Bivjd4CZIYVGoKcIx.jpg,"18, 10749",937287,Challengers,en,Challengers,"Tennis player turned coach Tashi has taken her husband, Art, and transformed him into a world-famous Major champion. To jolt him out of his recent losing streak, she signs him up for a ""Challenger"" event — close to the lowest level of pro tournament — where he finds himself standing across the net from his former best friend and Tashi's former boyfriend.",18.1888,/H6vke7zGiuLsz4v4RPeReb9rsv.jpg,2024-04-18,False,False,6.9,2881,"Drama, Romance"
False,/bacOuUnRBoAO1NjMfsAGX2EKRrS.jpg,18,1366,Rocky,en,Rocky,"Rocky Balboa is a Philadelphia club fighter who seems to be going nowhere. But when a stroke of fate puts him in the ring with a world heavyweight champion, Rocky knows that it's his one shot at the big time — a once-in-a-lifetime opportunity to go the distance and come out a winner!",19.1527,/xSI0dbKLDETwhiVUy6hGE8KXUln.jpg,1976-12-03,False,False,7.8,8960,Drama
False,/m0eJc9CwCy5nowYQdNEaxkHHmj4.jpg,"14, 35",310,Bruce Almighty,en,Bruce Almighty,"Bruce Nolan toils as a ""human interest"" television reporter in Buffalo, NY, but despite his high ratings and the love of his beautiful girlfriend, Bruce remains unfulfilled. At the end of the worst day in his life, he angrily ridicules God — and the Almighty responds, endowing Bruce with all of His divine powers.",19.5836,/wqkWrOFtYnZSvIMu8Lsmz7WIvKC.jpg,2003-05-23,False,False,6.729,11789,"Fantasy, Comedy"
False,/uqOuJ50EtTj7kkDIXP8LCg7G45D.jpg,"18, 878",264660,Ex Machina,en,Ex Machina,"Caleb, a coder at the world's largest internet company, wins a competition to spend a week at a private mountain retreat belonging to Nathan, the reclusive CEO of the company. But when Caleb arrives at the remote location he finds that he will have to participate in a strange and fascinating experiment in which he must interact with the world's first true artificial intelligence, housed in the body of a beautiful robot girl.",20.8082,/dmJW8IAKHKxFNiUnoDR7JfsK7Rp.jpg,2015-01-21,False,False,7.571,14665,"Drama, Science Fiction"
False,/zwJFfKQdfiptK2GY6N8GkZFrAxJ.jpg,"27, 53",7340,Carrie,en,Carrie,"Withdrawn and sensitive teenager Carrie White faces bullying from her classmates and abuse from her fanatically pious mother. When she begins to suspect that she has supernatural powers, things take a dark and violent turn.",21.8875,/bJJ3xK4pMnfao0wfzySfC47dp8G.jpg,1976-11-03,False,False,7.34,4483,"Horror, Thriller"
False,/3q01ACG0MWm0DekhvkPFCXyPZSu.jpg,"28, 35, 80",573435,Bad Boys: Ride or Die,en,Bad Boys: Ride or Die,"After their late former Captain is framed, Lowrey and Burnett try to clear his name, only to end up on the run themselves.",19.2413,/oGythE98MYleE6mZlGs5oBGkux1.jpg,2024-06-05,False,False,7.3,3499,"Action, Comedy, Crime"
False,/sFEYsEfzTx7hhjetlNrme8B5OUo.jpg,"28, 53, 878",752,V for Vendetta,en,V for Vendetta,"In a world in which Great Britain has become a fascist state, a masked vigilante known only as “V” conducts guerrilla warfare against the oppressive British government. When V rescues a young woman from the secret police, he finds in her an ally with whom he can continue his fight to free the people of Britain.",19.4156,/1avD1JeaRiJX5M4ahPdZPypGoGN.jpg,2006-02-23,False,False,7.9,16021,"Action, Thriller, Science Fiction"
False,/8uBTDGRcNHhYChcoazP5rleRME7.jpg,35,8467,Dumb and Dumber,en,Dumb and Dumber,"Lloyd and Harry are two men whose stupidity is really indescribable. When Mary, a beautiful woman, loses an important suitcase with money before she leaves for Aspen, the two friends (who have found the suitcase) decide to return it to her. After some ""adventures"" they finally get to Aspen where, using the lost money they live it up and fight for Mary's heart.",19.8522,/4LdpBXiCyGKkR8FGHgjKlphrfUc.jpg,1994-12-16,False,False,6.666,6978,Comedy
False,/puJKgNcWaGgMk5VHanSSomUTpmw.jpg,"10751, 14, 16, 10749",11224,Cinderella,en,Cinderella,"Cinderella has faith her dreams of a better life will come true. With help from her loyal mice friends and a wave of her Fairy Godmother's wand, Cinderella's rags are magically turned into a glorious gown and off she goes to the Royal Ball. But when the clock strikes midnight, the spell is broken, leaving a single glass slipper... the only key to the ultimate fairy-tale ending!",18.2287,/4nssBcQUBadCTBjrAkX46mVEKts.jpg,1950-02-22,False,False,7.1,7303,"Family, Fantasy, Animation, Romance"
False,/oqrYIDH4tvfEzPe1yqT4jzmAWHQ.jpg,"878, 27, 28",1381071,Godzilla Minus Zero,ja,ゴジラ-0.0,"War reduced Japan to zero, and Godzilla plunged it into minus. Two years have passed since then, and the country has faced agonizing struggles to achieve recovery and finally reclaim its daily life. Just as humanity managed to cling to a hard-won peace, a new threat strikes, crushing hope in an instant.",18.611,/hSmIJluOJmTWvJs4d7kHRxjc8s8.jpg,2026-11-03,False,False,0.0,0,"Science Fiction, Horror, Action"
False,/jpFcZH2eyh6gcoxCa637TrGe4bT.jpg,"28, 878",2048,"I, Robot",en,"I, Robot","In 2035, where robots are commonplace and abide by the three laws of robotics, a technophobic cop investigates an apparent suicide. Suspecting that a robot may be responsible for the death, his investigation leads him to believe that humanity may be in danger.",19.4867,/efwv6F2lGaghjPpBRSINHtoEiZB.jpg,2004-07-15,False,False,6.974,13071,"Action, Science Fiction"
False,/xRxSLhhjPG2D8l0BXi0KdN4IvPt.jpg,"12, 16, 35, 10751",10315,Fantastic Mr. Fox,en,Fantastic Mr. Fox,"The Fantastic Mr. Fox, bored with his current life, plans a heist against the three local farmers. The farmers, tired of sharing their chickens with the sly fox, seek revenge against him and his family.",18.8857,/bOVr292mwn3jxr1e0NmUPM1rcjo.jpg,2009-10-14,False,False,7.8,6368,"Adventure, Animation, Comedy, Family"
False,/Nfwmdxl2EDvVVE4An18Lio6tSx.jpg,"16, 35, 10751, 12, 14",12222,Horton Hears a Who!,en,Horton Hears a Who!,"An imaginative elephant named Horton hears a faint cry for help coming from a tiny speck of dust floating through the air. Horton suspects there may be life on that speck and despite a surrounding community, who thinks he has lost his mind, he is determined to save the tiny particle.",19.6643,/6k47Z3A5zI2rxubTMwiLyIqQLLr.jpg,2008-03-03,False,False,6.526,3637,"Animation, Comedy, Family, Adventure, Fantasy"
False,/sb76azrAXr9U13uEQxNP5e3fujY.jpg,"28, 35, 53",1390300,Over Your Dead Body,en,Over Your Dead Body,"A dysfunctional couple head to a remote cabin to ""reconnect"", but each has secret intentions to kill the other.",17.3091,/kZCauMzAt9eMAhLMopCqnFw1Q5k.jpg,2026-03-14,False,False,6.403,636,"Action, Comedy, Thriller"
False,/yiWfT2Bl1Nul3Xie39Ahs3FqSjA.jpg,"12, 14, 18, 10749",24021,The Twilight Saga: Eclipse,en,The Twilight Saga: Eclipse,"Bella once again finds herself surrounded by danger as Seattle is ravaged by a string of mysterious killings and a malicious vampire continues her quest for revenge. In the midst of it all, she is forced to choose between her love for Edward and her friendship with Jacob, knowing that her decision has the potential to ignite the ageless struggle between vampire and werewolf. With her graduation quickly approaching, Bella is confronted with the most important decision of her life.",19.4301,/dK4Gi1UdMiHzHc7r7CZQG4IQ9Sr.jpg,2010-06-23,False,False,6.187,9421,"Adventure, Fantasy, Drama, Romance"
False,/rPHvIqO4KuVPxlfwbsnROFbCzQB.jpg,"35, 10749",26817,Sex and the Single Girl,en,Sex and the Single Girl,A womanizing reporter for a sleazy tabloid magazine impersonates his hen-pecked neighbor in order to get an expose on renowned psychologist Helen Gurley Brown.,18.3777,/eGGj9foBY4jonHskGq7ysgf2ESR.jpg,1964-12-25,False,False,6.5,84,"Comedy, Romance"
False,/lOje1iz4VYWELYWRkZAwI7oIJd0.jpg,"28, 35, 80",1239193,Deep Cover,en,Deep Cover,"Kat is an improv comedy teacher beginning to question if she’s missed her shot at success. When an undercover cop offers her the role of a lifetime, she recruits two of her students to infiltrate London’s gangland by impersonating dangerous criminals.",18.4323,/yYfaChljpg6eo9ZlFyTmI81PMZC.jpg,2025-06-12,False,False,6.721,661,"Action, Comedy, Crime"
False,/g9ClaS5EqU0Hk8WIbMNhld0Bk6f.jpg,"53, 18, 9648",1018,Mulholland Drive,en,Mulholland Drive,"Blonde Betty Elms has only just arrived in Hollywood to become a movie star when she meets an enigmatic brunette with amnesia. Meanwhile, as the two set off to solve the second woman's identity, filmmaker Adam Kesher runs into ominous trouble while casting his latest project.",18.546,/x7A59t6ySylr1L7aubOQEA480vM.jpg,2001-06-06,False,False,7.8,7337,"Thriller, Drama, Mystery"
False,/uLtVbjvS1O7gXL8lUOwsFOH4man.jpg,"28, 878, 12",118340,Guardians of the Galaxy,en,Guardians of the Galaxy,"Light years from Earth, 26 years after being abducted, Peter Quill finds himself the prime target of a manhunt after discovering an orb wanted by Ronan the Accuser.",18.8763,/r7vmZjiyZw9rpJMQJdXpjgiCOk9.jpg,2014-07-30,False,False,7.9,30429,"Action, Science Fiction, Adventure"
False,/5b5HrewiViLWEdMR4dmbd7ajQ8Q.jpg,"53, 80",163,Ocean's Twelve,en,Ocean's Twelve,"Despite pulling off one of the biggest heists in Las Vegas history and splitting the $160 million take, each of the infamous Ocean's crew have tried to go straight, lay low and live a legit life... but that's proven to be a challenge. Casino owner Terry Benedict demands that Danny Ocean return the money, plus millions more in interest. Unable to come up the cash, the crew is forced to come together to pull off another series of heists, this time in Rome, Paris, and Amsterdam – but a Europol agent is hot on their heels.",19.0293,/pE5anFf7nf6ah7V3VRezQ1KSovi.jpg,2004-12-09,False,False,6.6,8172,"Thriller, Crime"
False,/6ITVHoipvxAS8luzKtHTbPaHLtT.jpg,"18, 35, 10749",153,Lost in Translation,en,Lost in Translation,"Two lost souls visiting Tokyo -- the young, neglected wife of a photographer and a washed-up movie star shooting a TV commercial -- find an odd solace and pensive freedom to be real in each other's company, away from their lives in America.",19.6284,/3jCLmYDIIiSMPujbwygNpqdpM8N.jpg,2003-09-18,False,False,7.4,8355,"Drama, Comedy, Romance"
False,/7IwBgIwoHtkQ0lYGbBbqKintSWx.jpg,"28, 35, 27, 53",1292695,They Will Kill You,en,They Will Kill You,"A woman answers a help wanted ad to be a housekeeper in a mysterious New York City high-rise, unaware that she is entering a community that has seen a number of disappearances over the years and may be under the grip of a Satanic cult.",18.3554,/6oI4oQKTWMVUlr8Ivqydp28Ruu6.jpg,2026-03-25,False,False,6.915,1170,"Action, Comedy, Horror, Thriller"
False,/3q35nBLCIdEbxYfsr7D5ocYQXKz.jpg,"18, 10751, 14",1585,It's a Wonderful Life,en,It's a Wonderful Life,"George Bailey has spent his entire life giving to the people of Bedford Falls.  All that prevents rich skinflint Mr. Potter from taking over the entire town is George's modest building and loan company.  But on Christmas Eve the business's $8,000 is lost and George's troubles begin.",19.737,/bSqt9rhDZx1Q7UZ86dBPKdNomp2.jpg,1946-12-20,False,False,8.278,5094,"Drama, Family, Fantasy"
False,/gkT737kgnmI6jZyXbUBJRwVbGkW.jpg,"12, 18, 10749, 28",9476,A Knight's Tale,en,A Knight's Tale,"William Thatcher, a knight's peasant apprentice, gets a chance at glory when the knight dies suddenly mid-tournament. Posing as a knight himself, William won't stop until he's crowned tournament champion—assuming matters of the heart don't get in the way.",19.4637,/srb1XnrlDZHcdpjBKqUu4qAzxKU.jpg,2001-05-11,False,False,6.893,3534,"Adventure, Drama, Romance, Action"
False,/f133nWlU6yUkZqqwcCXCbTEJWHr.jpg,"12, 28",87,Indiana Jones and the Temple of Doom,en,Indiana Jones and the Temple of Doom,"After arriving in India, Indiana Jones is asked by a desperate village to find a mystical stone. He agrees – and stumbles upon a secret cult plotting a terrible plan in the catacombs of an ancient palace.",17.4261,/gpdVNUaa4LhRMLfJOPj1AZdhAZ3.jpg,1984-05-23,False,False,7.3,10430,"Adventure, Action"
False,/wAk0yKrhAmvsoMvlKs4QImhvK5X.jpg,"28, 12, 14",297761,Suicide Squad,en,Suicide Squad,"From DC Comics comes the Suicide Squad, an antihero team of incarcerated supervillains who act as deniable assets for the United States government, undertaking high-risk black ops missions in exchange for commuted prison sentences.",20.2434,/sk3FZgh3sRrmr8vyhaitNobMcfh.jpg,2016-08-03,False,False,5.9,22490,"Action, Adventure, Fantasy"
False,/A7BiqPOKvGNalAZhFn1WfSeG9aO.jpg,"27, 9648, 53, 10770",137051,Midnight Matinee,en,Midnight Matinee,"Even though a devastating murder took place during a small town's horror film festival two years earlier, townspeople want another festival.",17.9289,/czam6wq46B9UCZvq85vicElckFq.jpg,1989-10-12,False,False,5.125,8,"Horror, Mystery, Thriller, TV Movie"
False,/3FO1kbQmRlU1H6Kmn7sTfmd7mw9.jpg,35,1621,Trading Places,en,Trading Places,A snobbish investor and a wily street con-artist find their positions reversed as part of a bet by two callous millionaires.,17.7682,/8mBuLCOcpWnmYtZc4aqtvDXslv6.jpg,1983-06-07,False,False,7.231,3805,Comedy
False,/eGljNfNCrPhFYG2RXXmmE0OKu5.jpg,"18, 53, 80",473033,Uncut Gems,en,Uncut Gems,"A charismatic New York City jeweler always on the lookout for the next big score makes a series of high-stakes bets that could lead to the windfall of a lifetime. Howard must perform a precarious high-wire act, balancing business, family, and encroaching adversaries on all sides in his relentless pursuit of the ultimate win.",19.6633,/6XN1vxHc7kUSqNWtaQKN45J5x2v.jpg,2019-12-13,False,False,7.173,5623,"Drama, Thriller, Crime"
False,/be5SIsRGMckO8tU9lrLcIik70Dy.jpg,"27, 14, 10749",1246049,Dracula,fr,Dracula,"In late 15th-century Eastern Europe, Prince Vlad II’s bride is brutally murdered. As a result, he renounces God and damns Heaven itself. Cursed with eternal life, Vlad is reborn as Dracula, an immortal warlord who defies fate in a blood-soaked crusade to wrench his lost love back from death.",19.0682,/ykyRfv7JDofLxXLAwtLXaSuaFfM.jpg,2025-07-30,False,False,7.3,1519,"Horror, Fantasy, Romance"
False,/accTIUygtg24TM7wT7uQMMdvYUW.jpg,35,673593,Mean Girls,en,Mean Girls,"New student Cady Heron is welcomed into the top of the social food chain by the elite group of popular girls called ‘The Plastics,’ ruled by the conniving queen bee Regina George and her minions Gretchen and Karen. However, when Cady makes the major misstep of falling for Regina’s ex-boyfriend Aaron Samuels, she finds herself prey in Regina’s crosshairs. As Cady sets to take down the group’s apex predator with the help of her outcast friends Janis and Damian, she must learn how to stay true to herself while navigating the most cutthroat jungle of all: high school.",17.6306,/fbbj3viSUDEGT1fFFMNpHP1iUjw.jpg,2024-01-10,False,False,5.838,776,Comedy
False,/yQUTEvEb5pJi0BH3b1biQRpGvEx.jpg,27,967998,Fatal Conspiracy,pt,Conspiração Fatal,"Davi Martins, a commercial director of a financial institution, and Juliana Martins, a personal trainer, are a couple trying to recover from a crisis. At work, Davi ends up getting involved in the investigation of a financial scandal, putting himself in the crosshairs of dangerous people. Little by little, Juliana discovers that her new home may not be a new beginning, but the stage for a real nightmare. Some secrets may end her life.",19.3238,/zpj3nNoc5xaUZTIdnuhwXwUcRag.jpg,2022-05-26,False,False,6.4,5,Horror
False,/qkl57wzSFrpi2sRpoc2mZJbMuLP.jpg,"14, 18, 10749",50620,The Twilight Saga: Breaking Dawn - Part 2,en,The Twilight Saga: Breaking Dawn - Part 2,"After the birth of Renesmee, the Cullens gather other vampire clans in order to protect the child from a false allegation that puts the family in front of the Volturi.",19.3039,/7IGdPaKujv0BjI0Zd0m0a4CzEjJ.jpg,2012-11-13,False,False,6.5,9529,"Fantasy, Drama, Romance"
False,/dUbP1HNdI0aCq1zgRJw28PWSqmk.jpg,"28, 35, 99",1612018,Jackass: Best and Last,en,Jackass: Best and Last,The fifth and final installment to Jackass franchise where the crew go on one last insane crusade.,19.2958,/tfgccePxnswMqhmtxafliLlcCVR.jpg,2026-06-25,False,False,7.4,267,"Action, Comedy, Documentary"
False,/cjSB3ZjaMpaa9oHFyeYha3KG0mp.jpg,35,4248,Scary Movie 2,en,Scary Movie 2,"A group of students visit a mansion called ""Hell House,"" and murderous high jinks ensue.",19.2733,/7Eb1JWK0Cb0rbfsYjwfc9g0PbQH.jpg,2001-07-04,False,False,5.9,5426,Comedy
False,/tgDSUwWMgypgmcBhRs9u30RLPNC.jpg,"28, 35, 18, 53",787,Mr. & Mrs. Smith,en,Mr. & Mrs. Smith,"A husband and wife struggle to keep their marriage alive until they realize they are both secretly working as assassins. Now, their respective assignments require them to kill each other.",19.2685,/kjD700RtyhveN3ZbOnSvUSne0Qj.jpg,2005-06-07,False,False,6.696,11563,"Action, Comedy, Drama, Thriller"
False,/kMZIMqEXO5MFd5Y1Ha2jZZF4pvF.jpg,"27, 9648",882598,Smile,en,Smile,"After witnessing a bizarre, traumatic incident involving a patient, Dr. Rose Cotter starts experiencing frightening occurrences that she can't explain.",19.2488,/aPqcQwu4VGEewPhagWNncDbJ9Xp.jpg,2022-09-23,False,False,6.668,4300,"Horror, Mystery"
False,/lDVl2jf6VB8ODl1olZ6FLvOV1gX.jpg,"53, 9648, 80",915935,Anatomy of a Fall,fr,Anatomie d'une chute,"A woman is suspected of her husband's murder, and their blind son faces a moral dilemma as the sole witness.",19.2451,/1ho0d4LNZw3Y0voeKmSvPSgJOJ2.jpg,2023-08-23,False,False,7.5,3515,"Thriller, Mystery, Crime"
False,/69USXLJEXcgMzlhZi7bmaCORxHn.jpg,"35, 10751, 16",587807,Tom & Jerry,en,Tom & Jerry,"Tom the cat and Jerry the mouse get kicked out of their home and relocate to a fancy New York hotel, where a scrappy employee named Kayla will lose her job if she can’t evict Jerry before a high-class wedding at the hotel. Her solution? Hiring Tom to get rid of the pesky mouse.",19.2443,/8XZI9QZ7Pm3fVkigWJPbrXCMzjq.jpg,2021-02-10,False,False,6.7,2627,"Comedy, Family, Animation"
False,/smqQ71MIn1DSdSiQzCzCOV6rgRq.jpg,"878, 53, 12",435,The Day After Tomorrow,en,The Day After Tomorrow,"After paleoclimatologist Jack Hall is largely ignored by UN officials when presenting his environmental concerns about the beginning of a new Ice Age, his research proves true when a superstorm develops, setting off catastrophic natural disasters throughout the world. Trying to get to his son, Sam, who is trapped in New York City with his friend Laura and others, Jack and his crew must travel to get to Sam before it's too late.",19.2281,/Wr4HeYQRvwVCxzOV5TmGE7UkXq.jpg,2004-05-26,False,False,6.568,9177,"Science Fiction, Thriller, Adventure"
False,/jPH8ROhZMLvP0owQCE1J6it7fN0.jpg,"28, 80",9654,The Italian Job,en,The Italian Job,"Charlie Croker pulled off the crime of a lifetime. The one thing that he didn't plan on was being double-crossed. Along with a drop-dead gorgeous safecracker, Croker and his team take off to re-steal the loot and end up in a pulse-pounding, pedal-to-the-metal chase that careens up, down, above and below the streets of Los Angeles.",19.2147,/eSkjK4kctyrWpFhxl35GPvSs6tI.jpg,2003-05-30,False,False,6.801,6229,"Action, Crime"
False,/kSeU4uk19t82k6Cao7hc6ktDYhF.jpg,"27, 9648, 53",913290,Barbarian,en,Barbarian,"In town for a job interview, a young woman arrives at her Airbnb late at night only to find that it has been mistakenly double-booked and a strange man is already staying there. Against her better judgement, she decides to stay the night anyway.",19.213,/idT5mnqPcJgSkvpDX7pJffBzdVH.jpg,2022-08-29,False,False,6.9,3597,"Horror, Mystery, Thriller"
False,/3pDfu71mrzSuFYyIfnKEjt8z4BC.jpg,"27, 53",1368314,Passenger,en,Passenger,"After a young couple witnesses a gruesome highway accident, they soon realize they did not leave the crash scene alone, as a demonic presence called the Passenger that won't stop until it claims them both turns their van life adventure into a nightmare.",19.2129,/svrAzMTif4OmIjGJzC0W92d5O1o.jpg,2026-05-20,False,False,7.3,938,"Horror, Thriller"
False,/dLL90vskYFn1S89RZp5TUguK9wl.jpg,"18, 80",4982,American Gangster,en,American Gangster,"Loosely based on the criminal career of Frank Lucas, a gangster from La Grange, North Carolina, who smuggled heroin into the United States on American service planes returning from the Vietnam War, before being detained by a task force led by Newark Detective Richie Roberts.",19.2038,/sX9idXDqRUxE5ffww3n3RV5gL55.jpg,2007-11-02,False,False,7.596,6284,"Drama, Crime"
False,/6qHI1IYj7QlLSCwHRzkL62X175s.jpg,18,73,American History X,en,American History X,"Derek Vineyard is paroled after serving 3 years in prison for killing two African-American men. Through his brother, Danny Vineyard's narration, we learn that before going to prison, Derek was a skinhead and the leader of a violent white supremacist gang that committed acts of racial crime throughout L.A. and his actions greatly influenced Danny. Reformed and fresh out of prison, Derek severs contact with the gang and becomes determined to keep Danny from going down the same violent path as he did.",19.1986,/x2drgoXYZ8484lqyDj7L1CEVR4T.jpg,1998-07-01,False,False,8.322,12991,Drama
False,/aRqTPOPt8BOHE0ngppM9jnuuaeS.jpg,"28, 53",1571,Live Free or Die Hard,en,Live Free or Die Hard,"John McClane is back and badder than ever, and this time he calls on the services of a young hacker in his bid to stop a ring of Internet terrorists intent on taking control of America's computer infrastructure.",19.1876,/31TT47YjBl7a7uvJ3ff1nrirXhP.jpg,2007-06-20,False,False,6.644,6548,"Action, Thriller"
False,/NqqLef2ITlK8olXT4iFuUXFwSh.jpg,"9648, 53, 27",840705,Blink Twice,en,Blink Twice,"When tech billionaire Slater King meets cocktail waitress Frida at his fundraising gala, he invites her to join him and his friends on a dream vacation on his private island. But despite the epic setting, beautiful people, ever-flowing champagne, and late-night dance parties, Frida can sense that there’s something sinister hiding beneath the island’s lush façade.",19.1752,/lZGOK0I2DJSRlEPNOAFTSNxSjDD.jpg,2024-08-21,False,False,6.682,2076,"Mystery, Thriller, Horror"
False,/rwf5SUTiEsmfkXAgy15R0UtJUtv.jpg,"53, 9648",670,Oldboy,ko,올드보이,"With no clue how he came to be imprisoned, drugged and tortured for 15 years, a desperate man seeks revenge on his captors.",19.1598,/pWDtjs568ZfOTMbURQBYuT4Qxka.jpg,2003-11-21,False,False,8.236,10281,"Thriller, Mystery"
False,/21YsCNMub5455NQCn3jh9SmRFyG.jpg,"12, 18",87827,Life of Pi,en,Life of Pi,"The story of an Indian boy named Pi, a zookeeper's son who finds himself in the company of a hyena, zebra, orangutan, and a Bengal tiger after a shipwreck sets them adrift in the Pacific Ocean.",19.1476,/iLgRu4hhSr6V1uManX6ukDriiSc.jpg,2012-11-20,False,False,7.415,14069,"Adventure, Drama"
False,/e0djmN1YD6NcbLX6T0nSNKIvrrT.jpg,"16, 878, 28, 12, 10751",1857,The Transformers: The Movie,en,The Transformers: The Movie,"The Autobots must stop a colossal planet-consuming robot who goes after the Autobot Matrix of Leadership. At the same time, they must defend themselves against an all-out attack from the Decepticons.",19.14,/xJ5W0mOAWCVaXmU0pBZh4NjSRv2.jpg,1986-08-08,False,False,7.151,649,"Animation, Science Fiction, Action, Adventure, Family"
False,/41043LV7mfluH8iXEUPVseCDAv5.jpg,"80, 53, 35",1245993,Caught Stealing,en,Caught Stealing,"Burned-out ex-baseball player Hank Thompson unexpectedly finds himself embroiled in a dangerous struggle for survival amidst the criminal underbelly of late 1990s New York City, forced to navigate a treacherous underworld he never imagined.",19.1383,/cvda8s5J8YaHjTyEyXQpvD6f3iV.jpg,2025-08-26,False,False,6.831,1166,"Crime, Thriller, Comedy"
False,/xBwtP27cx8WfjHJVFkpuV6F1RES.jpg,"10752, 18",49046,All Quiet on the Western Front,de,Im Westen nichts Neues,"Paul Baumer and his friends Albert and Muller, egged on by romantic dreams of heroism, voluntarily enlist in the German army. Full of excitement and patriotic fervour, the boys enthusiastically march into a war they believe in. But once on the Western Front, they discover the soul-destroying horror of World War I.",19.4435,/2IRjbi9cADuDMKmHdLK7LaqQDKA.jpg,2022-10-07,False,False,7.739,4980,"War, Drama"
False,/yyNO9eYv5LGiozNX3mkjrQdquv3.jpg,"99, 10770",1522126,1000 Men and Me: The Bonnie Blue Story,en,1000 Men and Me: The Bonnie Blue Story,"Adult content creator Bonnie Blue announced that she’d slept with 1057 men in 12 hours. Exploring the polarising debate around Bonnie and the pornification of our society, the film follows her over the most eye-opening six months of her life.",15.4895,/5dcgoyf8nt6Xt4VSR6Nrn6nwhuz.jpg,2025-07-29,False,False,5.21,31,"Documentary, TV Movie"
False,/wijltj1toRcicHlCn8Cpsp4yPXe.jpg,"12, 16, 10751",127380,Finding Dory,en,Finding Dory,Dory is reunited with her friends Nemo and Marlin in the search for answers about her past. What can she remember? Who are her parents? And where did she learn to speak Whale?,18.3485,/3UVe8NL1E2ZdUZ9EDlKGJY5UzE.jpg,2016-06-16,False,False,7.043,12895,"Adventure, Animation, Family"
False,/7isarjYDEKZ5t1CgcvbuqEUby8P.jpg,27,9532,Final Destination,en,Final Destination,"After a teenager has a terrifying vision of him and his friends dying in a plane crash, he prevents the accident only to have Death hunt them down, one by one.",19.2416,/1mXhlQMnlfvJ2frxTjZSQNnA9Vp.jpg,2000-03-17,False,False,6.643,6989,Horror
False,/pUNfHmVqfwRdILhCkU8TdysVOXo.jpg,"878, 12, 28",533533,TRON: Ares,en,TRON: Ares,"A highly sophisticated Program called Ares is sent from the digital world into the real world on a dangerous mission, marking humankind's first encounter with A.I. beings.",18.5094,/chpWmskl3aKm1aTZqUHRCtviwPy.jpg,2025-10-08,False,False,6.456,1670,"Science Fiction, Adventure, Action"
False,/bYKeB9uUcPmvikjouEEQ86uvPw9.jpg,"12, 28, 53",956,Mission: Impossible III,en,Mission: Impossible III,"Retired from active duty, and training recruits for the Impossible Mission Force, agent Ethan Hunt faces the toughest foe of his career: Owen Davian, an international broker of arms and information, who's as cunning as he is ruthless. Davian emerges to threaten Hunt and all that he holds dear – including the woman Hunt loves.",19.1323,/vKGYCpmQyV9uHybWDzXuII8Los5.jpg,2006-04-25,False,False,6.767,7901,"Adventure, Action, Thriller"
False,/gHz4ZQytRs8YGrqFMwB3Vrr8pig.jpg,"18, 10749, 878",274870,Passengers,en,Passengers,"A spacecraft traveling to a distant colony planet and transporting thousands of people has a malfunction in its sleep chambers. As a result, two passengers are awakened 90 years early.",20.685,/jK9S6HANSf2no64v1x1HxfcpmcA.jpg,2016-12-21,False,False,6.956,14567,"Drama, Romance, Science Fiction"
False,/fGuhbAlDpvmNuC0vkz1vsIzYwsq.jpg,"10749, 27",6114,Bram Stoker's Dracula,en,Bram Stoker's Dracula,"Count Dracula, a 15th-century prince, is condemned to live off the blood of the living for eternity. Young lawyer Jonathan Harker is sent to Dracula's castle to finalise a land deal, but when the Count sees a photo of Harker's fiancée, Mina, the spitting image of his dead wife, he imprisons him and sets off for London to track her down.",16.8738,/wpRrdm6g8zWtJnzVqME5QwSKkn7.jpg,1992-11-13,False,False,7.446,5953,"Romance, Horror"
False,/3lf6YCItKcF3Wrrs7tp1PL0eyOT.jpg,"35, 10751, 16, 14, 10402",23398,Alvin and the Chipmunks: The Squeakquel,en,Alvin and the Chipmunks: The Squeakquel,"Pop sensations Alvin, Simon and Theodore end up in the care of Dave Seville's twenty-something nephew Toby. The boys must put aside music super stardom to return to school, and are tasked with saving the school's music program by winning the $25,000 prize in a battle of the bands. But the Chipmunks unexpectedly meet their match in three singing chipmunks known as The Chipettes - Brittany, Eleanor and Jeanette. Romantic and musical sparks are ignited when the Chipmunks and Chipettes square off.",17.5363,/A2tgUeWadVJs1g6zOCZgKRs8uWC.jpg,2009-12-21,False,False,5.658,3201,"Comedy, Family, Animation, Fantasy, Music"
False,/hCJFWTPghXCwwSpvPpAoIB8318Q.jpg,"18, 10749",453,A Beautiful Mind,en,A Beautiful Mind,"From the heights of notoriety to the depths of depravity, John Forbes Nash Jr. experiences it all. As a brilliant but socially awkward mathematician, he made a groundbreaking discovery early in his career and stands on the brink of international acclaim. But as the handsome and arrogant Nash accepts secret work in cryptography, he becomes entangled in a mysterious conspiracy. His life takes a nightmarish turn and he soon finds himself on a painful and harrowing journey of self-discovery.",18.4904,/rEIg5yJdNOt9fmX4P8gU9LeNoTQ.jpg,2001-12-14,False,False,7.9,11453,"Drama, Romance"
False,/xFYpUmB01nswPgbzi8EOCT1ZYFu.jpg,"12, 18, 28",980489,Gran Turismo,en,Gran Turismo,The ultimate wish-fulfillment tale of a teenage Gran Turismo player whose gaming skills won him a series of Nissan competitions to become an actual professional racecar driver.,18.2561,/51tqzRtKMMZEYUpSYkrUE7v9ehm.jpg,2023-08-09,False,False,7.686,3605,"Adventure, Drama, Action"
False,/6nLdSON3ErniBZTXWG7WRqs5jGz.jpg,"14, 10749, 53",251,Ghost,en,Ghost,"After a young man is murdered, his spirit stays behind to warn his lover of impending danger, with the help of a reluctant psychic.",18.0664,/w9RaPHov8oM5cnzeE27isnFMsvS.jpg,1990-07-13,False,False,7.248,6237,"Fantasy, Romance, Thriller"
False,/ciKBP3tgzUxp7sHFNZxofBXUS8k.jpg,"28, 27, 53",602223,The Forever Purge,en,The Forever Purge,All the rules are broken as a sect of lawless marauders decides that the annual Purge does not stop at daybreak and instead should never end as they chase a group of immigrants who they want to punish because of their harsh historical past.,18.2739,/lB068qa6bQ0QKYKyC2xnYGvYjl7.jpg,2021-06-30,False,False,6.9,2747,"Action, Horror, Thriller"
False,/ix9WYBqQ2xSZCgyeQ1vVdrbaFa4.jpg,"28, 53",107846,Escape Plan,en,Escape Plan,"Ray Breslin is the world's foremost authority on structural security. After analyzing every high security prison and learning a vast array of survival skills so he can design escape-proof prisons, his skills are put to the test. He's framed and incarcerated in a master prison he designed himself. He needs to escape and find the person who put him behind bars.",18.5271,/qOZPLflxDqKogu9v9hYw3lolxGs.jpg,2013-10-09,False,False,6.7,5772,"Action, Thriller"
False,/ot2LoRyfp73Mswc9Y5KrDJYcyU1.jpg,"28, 53, 18",1119878,Ice Road: Vengeance,en,Ice Road: Vengeance,"Big rig ice road driver Mike McCann travels to Nepal to scatter his late brother’s ashes on Mt. Everest. While on a packed tour bus traversing the deadly 12,000 ft. terrain of the infamous Road to the Sky, McCann and his mountain guide encounter a group of mercenaries and must fight to save themselves, the busload of innocent travelers, and the local villagers’ homeland.",18.7253,/cQN9rZj06rXMVkk76UF1DfBAico.jpg,2025-06-27,False,False,6.219,679,"Action, Thriller, Drama"
False,/ok4ot3YbfDYZcINXf91JUfq3maB.jpg,"27, 9648, 80",176,Saw,en,Saw,"Two men wake up to find themselves shackled in a grimy, abandoned bathroom. As they struggle to comprehend their predicament, they discover a disturbing tape left behind by the sadistic mastermind known as Jigsaw. With a chilling voice and cryptic instructions, Jigsaw informs them that they must partake in a gruesome game in order to secure their freedom.",18.2908,/rLNSOudrayDBo1uqXjrhxcjODIC.jpg,2004-10-01,False,False,7.428,10388,"Horror, Mystery, Crime"
False,/coru98UcFBzJIU7bxZguxaePgu0.jpg,35,8363,Superbad,en,Superbad,Two co-dependent high school seniors are forced to deal with separation anxiety after their plan to stage a booze-soaked party goes awry.,18.0753,/ek8e8txUyUwd2BNqj6lFEerJfbq.jpg,2007-08-17,False,False,7.274,8427,Comedy
False,/nvxrQQspxmSblCYDtvDAbVFX8Jt.jpg,"35, 878, 18",646380,Don't Look Up,en,Don't Look Up,Two astronomers go on a media tour to warn humankind of a planet-killing comet hurtling toward Earth. The response from a distracted world: Meh.,18.704,/th4E1yqsE8DGpAseLiUrI60Hf8V.jpg,2021-12-08,False,False,7.053,9758,"Comedy, Science Fiction, Drama"
False,/doNIj6jX27hhfcbD6GEb22ydLSF.jpg,"16, 35, 10751",22794,Cloudy with a Chance of Meatballs,en,Cloudy with a Chance of Meatballs,"Inventor Flint Lockwood creates a machine that makes clouds rain food, enabling the down-and-out citizens of Chewandswallow to feed themselves. But when the falling food reaches gargantuan proportions, Flint must scramble to avert disaster. Can he regain control of the machine and put an end to the wild weather before the town is destroyed?",17.038,/qhOhIKf7QEyQ5dMrRUqs5eTX1Oq.jpg,2009-09-17,False,False,6.671,6665,"Animation, Comedy, Family"
False,/zBzH8K8T9TGzle7bJHCkxssKkhB.jpg,"35, 53",921711,Tamil Rockers,ta,தமிழ் ராக்கர்ஸ்,4 Major characters running for the Money facing more challenges by forgetting the fact that it's not the decision of money to reach human.,18.6327,/hOoMQIANxXhRUPkrtSYHYuZaFSm.jpg,2021-12-31,False,False,4.2,5,"Comedy, Thriller"
False,/620hnMVLu6RSZW6a5rwO8gqpt0t.jpg,"16, 10751, 14, 18, 35",508943,Luca,en,Luca,Luca and his best friend Alberto experience an unforgettable summer on the Italian Riviera. But all the fun is threatened by a deeply-held secret: they are sea monsters from another world just below the water’s surface.,17.7286,/9x4i9uKGXt8IiiIF5Ey0DIoY738.jpg,2021-06-17,False,False,7.8,9161,"Animation, Family, Fantasy, Drama, Comedy"
False,/yUO84rpkNb4pSM9Ehh3sZYkaorP.jpg,18,1719326,The Cheating Wife,tl,The Cheating Wife,"Two widows who find solace in each other and eventually fall in love. But when one of their supposedly dead husbands returns home blind, they are forced to hide their forbidden affair, testing the limits of love and loyalty.",17.9922,/3KVI4XvSTnGeUf5UriMN12uw4qj.jpg,2026-06-26,False,False,5.8,4,Drama
False,/gIClklFGYBe0uiOoiP2vtocJbss.jpg,"878, 53, 80, 9648",1236153,Mercy,en,Mercy,"In the near future, a detective stands on trial accused of murdering his wife. He has ninety minutes to prove his innocence to the advanced AI Judge he once championed, before it determines his fate.",17.0344,/pyok1kZJCfyuFapYXzHcy7BLlQa.jpg,2026-01-19,False,False,7.06,1751,"Science Fiction, Thriller, Crime, Mystery"
False,/oCFVYPXI4IfhtF3GapU2jkDicDI.jpg,"12, 18",8358,Cast Away,en,Cast Away,"Chuck Noland, a top international manager for FedEx, and Kelly, a Ph.D. student, are in love and heading towards marriage. Then Chuck's plane to Malaysia crashes at sea during a terrible storm. He's the only survivor, and finds himself marooned on a desolate island. With no way to escape, Chuck must find ways to survive in his new home.",20.9566,/7lLJgKnAicAcR5UEuo8xhSMj18w.jpg,2000-12-22,False,False,7.667,12619,"Adventure, Drama"
False,/cJYerfZVf2rNwfGMK3MQ8lTbMnY.jpg,"35, 14",62213,Dark Shadows,en,Dark Shadows,Vampire Barnabas Collins is inadvertently freed from his tomb and emerges into the very changed world of 1972. He returns to Collinwood Manor to find that his once-grand estate and family have fallen into ruin.,18.781,/fd9Ck4cxVlmtXsbeGtQW7WFuUFI.jpg,2012-05-09,False,False,6.1,7766,"Comedy, Fantasy"
False,/2UcmvFuWZLUYezI7QnyA39ACkOO.jpg,"18, 53",1050390,Confinement Escape: Beautiful Prey,ja,監禁逃亡　美しき獲物たち,"Ryoko, a cosmetics saleswoman, accidentally runs over a man, who turns out to be a serial rapist who escaped from a prison transport vehicle. Held captive inside her car by the bloodied man, she seizes an opportunity to escape. Wandering through the forest, she arrives at a mountain cabin where she is rescued by another man. However, he harbors twisted sexual desires of his own. Once discovered, he imprisons Ryoko too...",17.8471,/cHlmO3svm2WKwIOHU1Mq9gCMj8n.jpg,1993-12-24,False,False,7.0,2,"Drama, Thriller"
False,/9J3HHP3kQ5ZStyirJyWPWtvvrHY.jpg,"878, 27, 53",158015,The Purge,en,The Purge,"Given the country's overcrowded prisons, the U.S. government begins to allow 12-hour periods of time in which all illegal activity is legal. During one of these free-for-alls, a family must protect themselves from a home invasion.",20.0359,/46X1ei9uf13nkkr0OhWldGyr5Uh.jpg,2013-05-31,False,False,6.244,9038,"Science Fiction, Horror, Thriller"
False,/qrnwOY3hpu3oVUUYKRgWJxTtMQ3.jpg,"35, 10749",930094,"Red, White & Royal Blue",en,"Red, White & Royal Blue","After an altercation between Alex, the president's son, and Britain's Prince Henry at a royal event becomes tabloid fodder, their long-running feud now threatens to drive a wedge in U.S./British relations. When the rivals are forced into a staged truce, their icy relationship begins to thaw and the friction between them sparks something deeper than they ever expected.",20.1191,/dD3vhyDRCCT90hf4rldHU6Wu3Va.jpg,2023-07-27,False,False,7.93,1643,"Comedy, Romance"
False,/zGLHX92Gk96O1DJvLil7ObJTbaL.jpg,"14, 12",338953,Fantastic Beasts: The Secrets of Dumbledore,en,Fantastic Beasts: The Secrets of Dumbledore,"Professor Albus Dumbledore knows the powerful, dark wizard Gellert Grindelwald is moving to seize control of the wizarding world. Unable to stop him alone, he entrusts magizoologist Newt Scamander to lead an intrepid team of wizards and witches. They soon encounter an array of old and new beasts as they clash with Grindelwald's growing legion of followers.",17.6671,/3c5GNLB4yRSLBby0trHoA1DSQxQ.jpg,2022-04-06,False,False,6.6,5288,"Fantasy, Adventure"
False,/www52jvhbB0ppe9s0zxbf9EYox.jpg,"878, 53, 28",9693,Children of Men,en,Children of Men,"In 2027, in a chaotic world in which humans can no longer procreate, a former activist agrees to help transport a miraculously pregnant woman to a sanctuary at sea, where her child's birth may help scientists save the future of humankind.",18.2707,/k9IAS4TehZFcKi4HVByxZNPfqex.jpg,2006-09-22,False,False,7.6,8175,"Science Fiction, Thriller, Action"
False,/rNvn89IcEJPqRKxIgwTAPXl9qjJ.jpg,"27, 35",19994,Jennifer's Body,en,Jennifer's Body,"Jennifer, a gorgeous, seductive cheerleader takes evil to a whole new level after she's possessed by a sinister demon. Now it's up to her best friend to stop Jennifer's reign of terror before it's too late.",19.1909,/wrkjsGcFJxcQqR56kJUYAEKKg2T.jpg,2009-09-18,False,False,6.0,4440,"Horror, Comedy"
False,/vaRCS4CCFXcWz1j9GKd6rGLsQQ2.jpg,"18, 10749",1278,The Dreamers,en,The Dreamers,"When Isabelle and Theo invite Matthew to stay with them, what begins as a casual friendship ripens into a sensual voyage of discovery and desire in which nothing is off limits and everything is possible.",19.1197,/gBb7GGaFYPu7nEUYvC8G4LaJJN1.jpg,2003-10-10,False,False,7.179,3183,"Drama, Romance"
False,/phiRQhfwZZeMMn3osvQUmGYmJbp.jpg,"27, 28, 80",755,From Dusk Till Dawn,en,From Dusk Till Dawn,"After kidnapping a father and his two kids, the Gecko brothers head south to a seedy Mexican bar to hide out in safety, unaware of its notorious clientele.",16.9972,/sV3kIAmvJ9tPz4Lq5fuf9LLMxte.jpg,1996-01-19,False,False,7.1,6743,"Horror, Action, Crime"
False,/5zkrI7P70j8C03ThBOvrEG6VF8M.jpg,37,33,Unforgiven,en,Unforgiven,"William Munny is a retired, once-ruthless killer turned gentle widower and hog farmer. To help support his two motherless children, he accepts one last bounty-hunter mission to find the men who brutalized a prostitute. Joined by his former partner and a cocky greenhorn, he takes on a corrupt sheriff.",19.067,/54roTwbX9fltg85zjsmrooXAs12.jpg,1992-08-07,False,False,7.913,5146,Western
False,/qX5T5GVAcq2UKaaiAx5SZp1AtlY.jpg,"80, 28, 878",198184,Chappie,en,Chappie,"Every child comes into the world full of promise, and none more so than Chappie: he is gifted, special, a prodigy. Like any child, Chappie will come under the influence of his surroundings—some good, some bad—and he will rely on his heart and soul to find his way in the world and become his own man. But there's one thing that makes Chappie different from any one else: he is a robot.",18.6866,/uuDUpzlMFomdSfNWlpEPS9nVZWV.jpg,2015-03-04,False,False,6.793,8715,"Crime, Action, Science Fiction"
False,/cf4YmtSnNhdG7s9ERmXyaDEznEw.jpg,"18, 10749",64682,The Great Gatsby,en,The Great Gatsby,"Nick Carraway arrives in New York in 1922, an era of loose morals, glittering jazz and bootleg kings. Chasing his own American Dream, Nick encounters the mysterious millionaire Gatsby and his bewitching cousin Daisy. Soon, Nick is drawn into the captivating world of the super-rich, their illusions, loves and deceits. Bearing witness to this new world, Nick pens a tale of impossible love, incorruptible dreams and unforgettable tragedy -- mirroring our own times and struggles.​",17.8474,/nimh1rrDDLhgpG8XAYoUZXHYwb6.jpg,2013-05-09,False,False,7.346,13227,"Drama, Romance"
False,/8ADvnUHcEyt2247A1EL9WK4IdMI.jpg,99,1752355,Schumacher ’94 – The Birth of a Legend,de,Schumacher ’94 – Die Geburt einer Legende,Michael Schumacher's first World Championship win roars to life through personal interviews and archival footage of the legendary 1994 Formula 1 season.,17.517,/em19DrMkLSinf04NEhiRxTnVupI.jpg,2026-10-02,False,False,7.533,15,Documentary
False,/5wJ2tckpvwcxGCAgZiccodwEJpf.jpg,"28, 878, 12",841,Dune,en,Dune,"In the year 10,191, the most precious substance in the universe is the spice Melange. The spice extends life. The spice expands consciousness. The spice is vital to space travel.  The spice exists on only one planet in the entire universe, the vast desert planet Arrakis, also known as Dune.  Its native inhabitants, the Fremen, have long held a prophecy that a man would come, a messiah who would lead them to true freedom.",18.0275,/4kJmUCE7mkVJjXa7A0g2rY4IGTm.jpg,1984-12-14,False,False,6.2,3571,"Action, Science Fiction, Adventure"
False,/tleIOY1MS8DIe6v7x6gg7lRCOfA.jpg,"16, 35, 10751, 12",774825,The Ice Age Adventures of Buck Wild,en,The Ice Age Adventures of Buck Wild,The fearless one-eyed weasel Buck teams up with mischievous possum brothers Crash & Eddie as they head off on a new adventure into Buck's home: The Dinosaur World.,17.4262,/9ginbMWmt9y7PIHW1c9hnbIVWPm.jpg,2022-01-28,False,False,6.543,1886,"Animation, Comedy, Family, Adventure"
False,/ml8YBTJq7UkALfI022FWscCQuQW.jpg,"14, 35",642885,Hocus Pocus 2,en,Hocus Pocus 2,"29 years since the Black Flame Candle was last lit, the 17th-century Sanderson sisters are resurrected, and they are looking for revenge. Now it's up to three high school students to stop the ravenous witches from wreaking a new kind of havoc on Salem before dawn on All Hallow's Eve.",17.629,/7ze7YNmUaX81ufctGqt0AgHxRtL.jpg,2022-09-27,False,False,7.1,1882,"Fantasy, Comedy"
False,/bxT8jFcWNuWK5LmVo1oGhAm4dnZ.jpg,"12, 28, 18",1084736,The Count of Monte Cristo,fr,Le Comte de Monte-Cristo,"Edmond Dantès becomes the target of a sinister plot and is arrested on his wedding day for a crime he did not commit. After 14 years in the island prison of Château d’If, he manages a daring escape. Now rich beyond his dreams, he assumes the identity of the Count of Monte-Cristo and exacts his revenge on the three men who betrayed him.",18.0711,/sAT1P3FGhtJ68anUyJScnMu8t1l.jpg,2024-06-28,False,False,7.9,2150,"Adventure, Action, Drama"
False,/jWq20KNbg5txb28tLxJl0yLYuxp.jpg,35,76493,The Dictator,en,The Dictator,The heroic story of a dictator who risks his life to ensure that democracy would never come to the country he so lovingly oppressed.,18.354,/n0W7kajF4GFMRk2c0wWwMQqTaDM.jpg,2012-05-15,False,False,6.2,6661,Comedy
False,/AsWuvFnzgmG6kZMIpJO7HZpvYRB.jpg,"16, 35, 10751, 878, 12",1267,Meet the Robinsons,en,Meet the Robinsons,"Lewis, a brilliant young inventor, is keen on creating a time machine to find his mother, who abandoned him in an orphanage. Things take a turn when he meets Wilbur Robinson and his family.",18.5036,/naya0zF4kT401Sx15AtwB9vpcJr.jpg,2007-03-23,False,False,7.0,3255,"Animation, Comedy, Family, Science Fiction, Adventure"
False,/5KtmBSqFtHY3I9t8lgH27Mc0bqY.jpg,"27, 53, 878",10331,Night of the Living Dead,en,Night of the Living Dead,A ragtag group barricade themselves in an old Pennsylvania farmhouse to remain safe from a horde of flesh-eating ghouls ravaging the Northeast.,17.8319,/rb2NWyb008u1EcKCOyXs2Nmj0ra.jpg,1968-10-04,False,False,7.6,2849,"Horror, Thriller, Science Fiction"
False,/pMxO1beNNFYMDM7RcDyKW5Wheuz.jpg,"12, 10751, 16, 35, 14",991494,The SpongeBob Movie: Search for SquarePants,en,The SpongeBob Movie: Search for SquarePants,"Desperate to be a big guy, SpongeBob sets out to prove his bravery to Mr. Krabs by following The Flying Dutchman – a mysterious swashbuckling ghost pirate – on a seafaring adventure that takes him to the deepest depths of the deep sea, where no Sponge has gone before.",17.3538,/xJnOMMsFASxNiFnG7v3TNIQ3ife.jpg,2025-12-16,False,False,6.8,357,"Adventure, Family, Animation, Comedy, Fantasy"
False,/yFuKvT4Vm3sKHdFY4eG6I4ldAnn.jpg,"28, 12, 878",1771,Captain America: The First Avenger,en,Captain America: The First Avenger,"During World War II, Steve Rogers is a sickly man from Brooklyn who's transformed into super-soldier Captain America to aid in the war effort. Rogers must stop the Red Skull – Adolf Hitler's ruthless head of weaponry, and the leader of an organization that intends to use a mysterious device of untold powers for world domination.",16.0894,/vSNxAJTlD0r02V9sPYpOjqDZXUK.jpg,2011-07-22,False,False,7.013,23339,"Action, Adventure, Science Fiction"
False,/o8u0NyEigCEaZHBdCYTRfXR8U4i.jpg,27,396422,Annabelle: Creation,en,Annabelle: Creation,"Several years after the tragic death of their little girl, a doll maker and his wife welcome a nun and several girls from a shuttered orphanage into their home, soon becoming the target of the doll maker's possessed creation—Annabelle.",17.553,/tb86j8jVCVsdZnzf8I6cIi65IeM.jpg,2017-08-03,False,False,6.6,6118,Horror
False,/4ycpMe25LYpzGW42U9amyW9gM53.jpg,"53, 18, 9648, 80",322,Mystic River,en,Mystic River,The lives of three men who were childhood friends are shattered when one of them suffers a family tragedy.,18.3522,/hCHVDbo6XJGj3r2i4hVjKhE0GKF.jpg,2003-10-08,False,False,7.743,7746,"Thriller, Drama, Mystery, Crime"
False,/dUzzwJpX4Fiet2QJy5P1TxpW1Qa.jpg,53,1255833,Whalefall,en,Whalefall,"Following the death of his father, Jay Gardiner goes diving off the central Coast of California in search of his remains, but is swallowed by a massive sperm whale. While trapped inside its belly with only one hour of oxygen left, Jay comes to realize that the hard-earned lessons his father imparted may be the key to his escape.",17.5819,/vjTYUTgh9nO88i6HZ4YPRhiFL05.jpg,2026-10-14,False,False,0.0,0,Thriller
False,/n7p6UTAZtkeoHkwCO42BEQaMFJY.jpg,"18, 878, 12",644,A.I. Artificial Intelligence,en,A.I. Artificial Intelligence,"David, a robotic boy—the first of his kind programmed to love—is adopted as a test case by a Cybertronics employee and his wife. Though he gradually becomes their child, a series of unexpected circumstances make this life impossible for David.",18.4539,/wnUAcUrMRGPPZUDroLeZhSjLkuu.jpg,2001-06-29,False,False,7.1,6917,"Drama, Science Fiction, Adventure"
False,/3mIVOqDbYeucnw09TpjgHvSjXfu.jpg,"27, 53",300669,Don't Breathe,en,Don't Breathe,A group of teens break into a blind man's home thinking they'll get away with the perfect crime. They're wrong.,18.4841,/dSxHyPZ2nipSfvdft4IhQKjk5eZ.jpg,2016-06-08,False,False,7.0,8190,"Horror, Thriller"
False,/bDsmYvrzto7xrEwqDpLC3SPhn9A.jpg,"18, 10752",1422041,LA BOLA NEGRA,es,La bola negra,"The intertwined lives of three men in three different eras, three lives intimately linked by sexuality and desire, pain, and legacy.",17.6876,/dbpyc3Zo0m4E15XcQ7tTwlLBEtE.jpg,2026-09-25,False,False,8.479,48,"Drama, War"
False,/1RDto0tLo8Fhq7OcwgDaM7nECb7.jpg,"80, 18, 36",398978,The Irishman,en,The Irishman,"Pennsylvania, 1956. Frank Sheeran, a war veteran of Irish origin who works as a truck driver, accidentally meets mobster Russell Bufalino. Once Frank becomes his trusted man, Bufalino sends him to Chicago with the task of helping Jimmy Hoffa, a powerful union leader related to organized crime, with whom Frank will maintain a close friendship for nearly twenty years.",17.9118,/mbm8k3GFhXS0ROd9AD1gqYbIFbM.jpg,2019-11-01,False,False,7.6,7769,"Crime, Drama, History"
False,/wJffMiCnrszaNclKggGixYWB7D7.jpg,"27, 9648, 35",22970,The Cabin in the Woods,en,The Cabin in the Woods,"Five friends set out for a weekend at a remote cabin in the woods, expecting nothing more than fun and relaxation. As night falls, they discover that something far more unsettling is at work and that nothing about their getaway is what it seems.",17.33,/zZZe5wn0udlhMtdlDjN4NB72R6e.jpg,2012-04-12,False,False,6.7,8864,"Horror, Mystery, Comedy"
False,/ioQYjcRnU54ir5ltgyS7k53zw5x.jpg,"18, 10751, 10402, 10749",15121,The Sound of Music,en,The Sound of Music,"In the years before World War II, a tomboyish postulant at an Austrian abbey is hired as a governess in the home of a widowed naval captain with seven children and brings a new love of life and music into the home.",17.7928,/c6CrUZypAsBCaRWX0M3RVRDbhNS.jpg,1965-03-29,False,False,7.7,3762,"Drama, Family, Music, Romance"
False,/5P6hWD4zxAMntRuRnB4MmPLijNw.jpg,18,22881,The Blind Side,en,The Blind Side,"The story of Michael Oher, a homeless and traumatized boy who became an All American football player and first round NFL draft pick with the help of a caring woman and her family.",17.3684,/PhpAdRopu0sOWf0BY7vVtxrRD3.jpg,2009-11-20,False,False,7.7,7033,Drama
False,/zi2oYYNSSv7t44iSt5YrxHX9PYs.jpg,"27, 14, 9648",310131,The Witch,en,The Witch,"In 1630, a farmer relocates his family to a remote plot of land on the edge of a forest where strange, unsettling things happen. With suspicion and paranoia mounting, each family member's faith, loyalty and love are tested in shocking ways.",19.4953,/zap5hpFCWSvdWSuPGAQyjUv2wAC.jpg,2016-02-19,False,False,7.0,7927,"Horror, Fantasy, Mystery"
False,/3ciAiEBD4yxZYoXMxEnZF6Q0u58.jpg,18,627725,The Banker,en,The Banker,"In the 1960s, two entrepreneurs hatch an ingenious business plan to fight for housing integration—and equal access to the American Dream.",16.2723,/biXzsw22U6vSd0XktmZwAOc4uik.jpg,2020-03-06,False,False,7.6,1166,Drama
False,/ni5cXCrrGzoiIEoIwOzGiIwMZlH.jpg,"16, 18, 10751, 878, 12",10386,The Iron Giant,en,The Iron Giant,"In the small town of Rockwell, Maine in October 1957, a giant metal machine befriends a nine-year-old boy and ultimately finds its humanity by unselfishly saving people from their own fears and prejudices.",17.3836,/k1Cv5CHJvqGWK1xJDUJz8DojFEy.jpg,1999-08-06,False,False,8.0,6408,"Animation, Drama, Family, Science Fiction, Adventure"
False,/7HR38hMBl23lf38MAN63y4pKsHz.jpg,"18, 10749",666277,Past Lives,en,Past Lives,"After decades apart, childhood friends Nora and Hae Sung are reunited in New York for one fateful weekend as they confront notions of destiny, love, and the choices that make a life.",18.6041,/k3waqVXSnvCZWfJYNtdamTgTtTA.jpg,2023-06-02,False,False,7.7,2494,"Drama, Romance"
False,/oHsiqHajO9v8YTuonvcMCkxtpSq.jpg,"35, 10751",9714,Home Alone 3,en,Home Alone 3,"9-year-old Alex Pruitt is home alone with the chicken pox. Turns out, due to a mix-up among nefarious spies, Alex was given a toy car concealing a top-secret microchip. Now Alex must fend off the spies as they try to break into his house to get it back.",18.5875,/6uOadrCfle0n2LOOxHbgWEdnrm2.jpg,1997-12-12,False,False,5.283,3386,"Comedy, Family"
False,/hkAVgWvAMmM8tj9CDEvGqMdNQBE.jpg,"35, 14",72105,Ted,en,Ted,"John Bennett, a man whose childhood wish of bringing his teddy bear to life came true, now must decide between keeping the relationship with the bear or his girlfriend, Lori.",18.5746,/1QVZXQQHCEIj8lyUhdBYd2qOYtq.jpg,2012-06-29,False,False,6.5,13533,"Comedy, Fantasy"
False,/cZgUATpU4NDlsfGj7sRriKJEiLB.jpg,"12, 16, 35, 10751",12230,One Hundred and One Dalmatians,en,One Hundred and One Dalmatians,"When a litter of dalmatian puppies are abducted by the minions of Cruella De Vil, the parents must find them before she uses them for a diabolical fashion statement.",18.5709,/kSlYq6FrBUviGSEh8v4L9nrSnBT.jpg,1961-01-25,False,False,7.2,6795,"Adventure, Animation, Comedy, Family"
False,/uQvz6NdyhoWE6dMurFn0BriLIv9.jpg,"18, 35",1329016,Tony,en,Tony,"A 19-year-old Anthony Bourdain travels to Provincetown and stumbles into the chaotic world of a restaurant kitchen, setting off a summer that will shape the course of his life.",18.5705,/uwZF5guNR5EnXkjIVTk4UPTVGiS.jpg,2026-08-07,False,False,7.5,123,"Drama, Comedy"
False,/u7i1XtbOubq0xwRy2Zbgmox6g9W.jpg,18,220,East of Eden,en,East of Eden,"In the Salinas Valley in and around World War I, Cal Trask feels he must compete against overwhelming odds with his brother for the love of their father. Cal is frustrated at every turn, from his reaction to the war, how to get ahead in business and in life, and how to relate to his estranged mother.",18.5623,/xv1MZVIop0SQqwLUymgE5eb2LFl.jpg,1955-04-10,False,False,7.5,841,Drama
False,/AVWlQpVhpudyFsSh3OQIieHHYf.jpg,"18, 80, 53",889737,Joker: Folie à Deux,en,Joker: Folie à Deux,"While struggling with his dual identity, Arthur Fleck not only stumbles upon true love, but also finds the music that's always been inside him.",18.5324,/if8QiqCI7WAGImKcJCfzp6VTyKA.jpg,2024-10-01,False,False,5.401,3093,"Drama, Crime, Thriller"
False,/1YU6Hy3x7fUh7dfOzSfjifTp20g.jpg,"28, 80, 53",1242332,Normal,en,Normal,"An unassuming substitute sheriff with a troubled past responds to a bank robbery in a small, sleepy town and unknowingly uncovers something far more explosive.",18.5236,/t13MdGCKRZvkmrFW2A7Vih3QjwD.jpg,2026-04-16,False,False,7.236,675,"Action, Crime, Thriller"
False,/eAIHqfS3kXm7kZl4j7ZBfdegyEz.jpg,"53, 28, 80",38700,Bad Boys for Life,en,Bad Boys for Life,"Marcus and Mike are forced to confront new threats, career changes, and midlife crises as they join the newly created elite team AMMO of the Miami police department to take down the ruthless Armando Armas, the vicious leader of a Miami drug cartel.",18.4928,/y95lQLnuNKdPAzw9F9Ab8kJ80c3.jpg,2020-01-15,False,False,7.104,8919,"Thriller, Action, Crime"
False,/as3gvp4DIXVRlXsj5x7OWPQI5lI.jpg,"35, 10749",2770,American Pie 2,en,American Pie 2,"After a year apart - attending different schools, meeting different people - the guys rent a beach house and vow to make this the best summer ever. As it turns out, whether that will happen or not has a lot to do with the girls. Between the wild parties, outrageous revelations and yes, a trip to band camp, they discover that times change and people change, but in the end, it's all about sticking together.",18.4879,/854ZZxXdeabAs90mrV72NqShJqR.jpg,2001-08-10,False,False,6.281,5507,"Comedy, Romance"
False,/l7KEim5jfTy2hW94hM6Cq9NASkX.jpg,"53, 80, 9648, 10770",60664,The Perfect Assistant,en,The Perfect Assistant,"Rachel Parsons is the perfect assistant, but she's completely in love with her boss. She's got a secret obsession... to be his wife and have kids. The problem is that he already has a family.",18.4828,/pvrChcfTIWt0nzMLbAsirlYiAVZ.jpg,2008-01-02,False,False,4.4,21,"Thriller, Crime, Mystery, TV Movie"
False,/7OxGhxUYAdtuike29VMzEFxJx7y.jpg,"35, 14",2907,The Addams Family,en,The Addams Family,"When a man claiming to be long-lost Uncle Fester reappears after 25 years lost, the family plans a celebration to wake the dead. But the kids barely have time to warm up the electric chair before Morticia begins to suspect Fester is fraud when he can't recall any of the details of Fester's life.",18.4713,/qFf8anju5f2epI0my8RdwwIXFIP.jpg,1991-11-22,False,False,7.1,5221,"Comedy, Fantasy"
False,/wUwizGzbTk5CTiKBnE4Pq1MONwD.jpg,"16, 12, 28, 10751, 14",560057,The Sea Beast,en,The Sea Beast,"When a young girl stows away on the ship of a legendary sea monster hunter, they launch an epic journey into uncharted waters — and make history to boot.",18.4569,/9Zfv4Ap1e8eKOYnZPtYaWhLkk0d.jpg,2022-06-24,False,False,7.3,1791,"Animation, Adventure, Action, Family, Fantasy"
False,/jIpagj2Dud9g3ZVJFvaWikEWsYz.jpg,"28, 16, 878",9323,Ghost in the Shell,ja,GHOST IN THE SHELL / 攻殻機動隊,"In the year 2029, the barriers of our world have been broken down by the net and by cybernetics, but this brings new vulnerability to humans in the form of brain-hacking. When a highly-wanted hacker known as 'The Puppetmaster' begins involving them in politics, Section 9, a group of cybernetically enhanced cops, are called in to investigate and stop the Puppetmaster.",18.4541,/9gC88zYUBARRSThcG93MvW14sqx.jpg,1995-11-18,False,False,7.9,4090,"Action, Animation, Science Fiction"
False,/jXDselREPq8TOVGM4dzBBUM7xVk.jpg,"28, 878, 12",399579,Alita: Battle Angel,en,Alita: Battle Angel,"When Alita awakens with no memory of who she is in a future world she does not recognize, she is taken in by Ido, a compassionate doctor who realizes that somewhere in this abandoned cyborg shell is the heart and soul of a young woman with an extraordinary past.",18.4525,/xRWht48C2V8XNfzvPehyClOvDni.jpg,2019-01-31,False,False,7.3,10448,"Action, Science Fiction, Adventure"
False,/uBHeAB2Ug9ELBzkMyls8CUjzn4i.jpg,"28, 878, 53",64635,Total Recall,en,Total Recall,"Factory worker Doug Quaid takes a virtual mind-trip vacation with the Rekall company, opting for implanted memories of being a spy. When the procedure goes wrong, Quaid becomes a wanted man by the police and joins forces with a rebel fighter to stop the evil Chancellor Cohaagen.",18.4373,/hVUxVVzZ0WvvPIpKwsMPMDOQyqi.jpg,2012-08-02,False,False,6.039,6042,"Action, Science Fiction, Thriller"
False,/5KGrBXvE0cYDwqfEaymvNBVspkJ.jpg,53,645710,The Voyeurs,en,The Voyeurs,"When Pippa and Thomas move into their dream apartment, they notice that their windows look directly into the apartment opposite – inviting them to witness the volatile relationship of the attractive couple across the street. But what starts as a simple curiosity turns into full-blown obsession with increasingly dangerous consequences.",18.4288,/8Y4XOIWhpOvSOEn8XrxbkH9yAXO.jpg,2021-08-25,False,False,6.53,1298,Thriller
False,/qvcOovScPoRalRxDy50rYSYFree.jpg,"35, 10749",10591,The Girl Next Door,en,The Girl Next Door,"Exceptionally ambitious high schooler Matthew has aspirations for a career in politics when he falls in love with his gorgeous 19-year-old neighbor, Danielle. But Matthew's bright future is jeopardized when he finds Danielle was once a porn star. As Danielle's past catches up with her, Matthew's love for her forces him to re-evaluate his goals.",18.4244,/5mVyFHSY2rSsNgD4NfEwV82HigU.jpg,2004-04-09,False,False,6.756,4207,"Comedy, Romance"
False,/aPlgkT2FlD7EcE6Vi10I4RTzRqb.jpg,"28, 12, 53, 10752",1369,Rambo: First Blood Part II,en,Rambo: First Blood Part II,John Rambo is released from prison by the government for a top-secret covert mission to the last place on Earth he'd want to return - the jungles of Vietnam.,18.4241,/fVwRtWqEPdsCH21BVDGqgkAQcff.jpg,1985-05-22,False,False,6.672,4507,"Action, Adventure, Thriller, War"
False,/th26RNksfM9nn7DPH06OqiV6BA2.jpg,"28, 12, 14",311324,The Great Wall,en,The Great Wall,European mercenaries searching for black powder become embroiled in the defense of the Great Wall of China against a horde of monstrous creatures.,18.4152,/p70dq1YxabemdZDm5K6Q8G10wSn.jpg,2016-12-16,False,False,6.036,5699,"Action, Adventure, Fantasy"
False,/jYhMlpOJMIiDTGcwZsKikZ7FShq.jpg,"28, 80, 53",82,Miami Vice,en,Miami Vice,"A case involving drug lords and murder in South Florida takes a personal turn for undercover detectives Sonny Crockett and Ricardo Tubbs. Unorthodox Crockett gets involved romantically with the Chinese-Cuban wife of a trafficker of arms and drugs, while Tubbs deals with an assault on those he loves.",14.0006,/iJPSls4taB09EUKtLj6FjFSprb3.jpg,2006-07-27,False,False,6.049,2083,"Action, Crime, Thriller"
False,/3YKGMZQ0pwQXSBSASeKlfPlkso7.jpg,"28, 35",228967,The Interview,en,The Interview,"Dave Skylark and his producer Aaron Rapaport run the celebrity tabloid show ""Skylark Tonight"". When they land an interview with a surprise fan, North Korean dictator Kim Jong-un, they are recruited by the CIA to turn their trip to Pyongyang into an assassination mission.",17.7686,/tIDC4xT65l7a8qbgg8GvwD5g8c5.jpg,2014-12-25,False,False,6.18,6410,"Action, Comedy"
False,/b6e5Nss2QNoQM4wJv2VppChswNP.jpg,"35, 53, 9648",974573,Another Simple Favor,en,Another Simple Favor,"Stephanie and Emily reunite on the beautiful island of Capri, Italy for Emily's extravagant wedding to a rich Italian businessman. Along with the glamorous guests, expect murder and betrayal to RSVP for a wedding with more twists and turns than the road from the Marina Grande to the Capri town square.",15.9747,/zboCGZ4aIqPMd7VFI4HWnmc7KYJ.jpg,2025-03-07,False,False,5.8,565,"Comedy, Thriller, Mystery"
False,/y9jGaGNn1dQDhPkhMumXaLize73.jpg,"878, 12, 28",348350,Solo: A Star Wars Story,en,Solo: A Star Wars Story,"Through a series of daring escapades deep within a dark and dangerous criminal underworld, Han Solo meets his mighty future copilot Chewbacca and encounters the notorious gambler Lando Calrissian.",19.1432,/4oD6VEccFkorEBTEDXtpLAaz0Rl.jpg,2018-05-15,False,False,6.6,9561,"Science Fiction, Adventure, Action"
False,/3eQnD9CIUerbXbgtFE1zJNvEVVo.jpg,"12, 16, 35, 10751",11430,The Lion King 1½,en,The Lion King 1½,Timon the meerkat and Pumbaa the warthog are best pals and the unsung heroes of the African savanna. This prequel to the smash Disney animated adventure takes you back -- way back -- before Simba's adventure began. You'll find out all about Timon and Pumbaa and tag along as they search for the perfect home and attempt to raise a rambunctious lion cub.,18.2085,/u2hN0WT7Dz46HfhQbr6uzSYfVW4.jpg,2004-10-28,False,False,6.6,3224,"Adventure, Animation, Comedy, Family"
False,/7WVRxZ7KZmzoHnUkAjnEFT4o6Dw.jpg,"28, 53, 18",5503,The Fugitive,en,The Fugitive,"Wrongfully convicted of murdering his wife and sentenced to death, Richard Kimble escapes from the law in an attempt to find the real killer and clear his name.",17.3421,/b3rEtLKyOnF89mcK75GXDXdmOEf.jpg,1993-08-06,False,False,7.5,4998,"Action, Thriller, Drama"
False,/lcITbesmy0IBO6TXTAgQHJE6Asx.jpg,"18, 9648, 53",619979,Deep Water,en,Deep Water,A well-to-do husband who allows his wife to have affairs in order to avoid a divorce becomes a prime suspect in the disappearance of her lovers.,17.5995,/6yRMyWwjuhKg6IU66uiZIGhaSc8.jpg,2022-03-17,False,False,5.832,1735,"Drama, Mystery, Thriller"
False,/s0OrExdg7i3RLR7oqzHRk4q2kL4.jpg,"18, 35",194662,Birdman or (The Unexpected Virtue of Ignorance),en,Birdman or (The Unexpected Virtue of Ignorance),"A fading actor best known for his portrayal of a popular superhero attempts to mount a comeback by appearing in a Broadway play. As opening night approaches, his attempts to become more altruistic, rebuild his career, and reconnect with friends and family prove more difficult than expected.",17.4167,/rHUg2AuIuLSIYMYFgavVwqt1jtc.jpg,2014-10-17,False,False,7.435,13893,"Drama, Comedy"
False,/q2vz5DeLbegD2teJU29Gtb4t2sO.jpg,"16, 35, 10751, 14",170687,The Boxtrolls,en,The Boxtrolls,"An orphaned boy raised by underground creatures called Boxtrolls comes up from the sewers and out of his box to save his family and the town from the evil exterminator, Archibald Snatcher.",16.0284,/npBf0yc5Gt7aAyyVOcYtFyT2IPa.jpg,2014-09-10,False,False,6.7,1869,"Animation, Comedy, Family, Fantasy"
False,/sKvQUSyqsFq8e1ts6oo3Xp3dPH2.jpg,"16, 12, 35, 14, 10751",585511,Luck,en,Luck,"Suddenly finding herself in the never-before-seen Land of Luck, the unluckiest person in the world must unite with the magical creatures there to turn her luck around.",16.4526,/1HOYvwGFioUFL58UVvDRG6beEDm.jpg,2022-08-05,False,False,7.8,2133,"Animation, Adventure, Comedy, Fantasy, Family"
False,/ulMscezy9YX0bhknvJbZoUgQxO5.jpg,"18, 878, 10752",281338,War for the Planet of the Apes,en,War for the Planet of the Apes,"Caesar and his apes are forced into a deadly conflict with an army of humans led by a ruthless Colonel. After the apes suffer unimaginable losses, Caesar wrestles with his darker instincts and begins his own mythic quest to avenge his kind. As the journey finally brings them face to face, Caesar and the Colonel are pitted against each other in an epic battle that will determine the fate of both their species and the future of the planet.",18.3991,/3vYhLLxrTtZLysXtIWktmd57Snv.jpg,2017-07-11,False,False,7.2,10012,"Drama, Science Fiction, War"
False,/1N0MYYFvYwpM5fi3mjw4150ReoR.jpg,"53, 878, 28, 12",869,Planet of the Apes,en,Planet of the Apes,"After a spectacular crash-landing on an uncharted planet, brash astronaut Leo Davidson finds himself trapped in a savage world where talking apes dominate the human race. Desperate to find a way home, Leo must evade the invincible gorilla army led by Ruthless General Thade.",17.2749,/3ZWsuP5rExMSji7erxnb1P5SK6F.jpg,2001-07-26,False,False,5.782,4575,"Thriller, Science Fiction, Action, Adventure"
False,/iEFuHjqrE059SmflBva1JzDJutE.jpg,"16, 14, 28, 10749, 10751",496450,"Miraculous: Ladybug & Cat Noir, The Movie",fr,Miraculous - le film,"After a guardian of magical jewels turns an awkward girl and a popular boy into superheroes, they can never reveal their identities — even to each other.",17.9846,/dQNJ8SdCMn3zWwHzzQD2xrphR1X.jpg,2023-07-05,False,False,7.622,989,"Animation, Fantasy, Action, Romance, Family"
False,/f9X91dUckoRzOZlw4XBUOfkN9FC.jpg,"35, 18, 10751",788,Mrs. Doubtfire,en,Mrs. Doubtfire,"Loving but irresponsible dad Daniel Hillard, estranged from his exasperated spouse, is crushed by a court order allowing only weekly visits with his kids. When Daniel learns his ex needs a housekeeper, he gets the job -- disguised as a British nanny. Soon he becomes not only his children's best pal but the kind of parent he should have been from the start.",18.0019,/shHrSmXS5140o6sQzgzXxn3KqSm.jpg,1993-11-24,False,False,7.196,6830,"Comedy, Drama, Family"
False,/oAUf1pvGlafCZVlEuPt1JyONHR1.jpg,"12, 35, 28",1284186,Sacrifice,en,Sacrifice,"During a star-studded charity gala brimming with celebrities, billionaires and empty speeches, a movie star in the midst of an existential crisis is taken hostage by a radical warrior and her devoted followers. As the night descends into chaos, both an inward journey and an outward adventure ensue, where the line between performance and belief, salvation and sacrifice, begins to blur.",16.4598,/SGH7mlgfDyGgRCi2At62Ljg3zV.jpg,2026-04-09,False,False,5.3,27,"Adventure, Comedy, Action"
False,/83ownpZPvBHJD5UVNShzQfa3LaW.jpg,"27, 53, 878",1562,28 Weeks Later,en,28 Weeks Later,"Twenty-eight weeks after the spread of a deadly rage virus, the inhabitants of the British Isles have lost their battle against the onslaught, as the virus has killed everyone there. Six months later, a group of Americans dare to set foot on the Isles, convinced the danger has passed. But it soon becomes all too clear that the scourge continues to live, waiting to pounce on its next victims.",18.3733,/oix0aNv1lvW3nUGspUyvSIBlpbs.jpg,2007-04-26,False,False,6.6,5913,"Horror, Thriller, Science Fiction"
False,/qq9ELjoyllBUMkGisZvcj0fCd43.jpg,"28, 14, 878",9738,Fantastic Four,en,Fantastic Four,"During a space voyage, four scientists are altered by cosmic rays: Reed Richards gains the ability to stretch his body; Sue Storm can become invisible; Johnny Storm controls fire; and Ben Grimm is turned into a super-strong … thing. Together, these ""Fantastic Four"" must now thwart the evil plans of Dr. Doom and save the world from certain destruction.",17.8022,/4YMcYEFS8sFuW3soP1HVmgR3cSm.jpg,2005-06-29,False,False,5.8,10256,"Action, Fantasy, Science Fiction"
False,/4pLi4QMm0MZ9TSoF3l8qQmY9HNO.jpg,"28, 35, 10752",7446,Tropic Thunder,en,Tropic Thunder,"A group of self-absorbed actors set out to make the most expensive war film ever. After ballooning costs force the studio to cancel the movie, the frustrated director refuses to stop shooting, leading his cast into the jungles of Southeast Asia, where they encounter real bad guys.",17.2165,/zAurB9mNxfYRoVrVjAJJwGV3sPg.jpg,2008-08-09,False,False,6.73,7252,"Action, Comedy, War"
False,/jRtR4aTq4vmxRg9ah60R5i1kkQ7.jpg,"10749, 18",1451944,Lust Stories 3,hi,लस्ट स्टोरीज़ ३,"Through four bite-sized yet emotionally resonant films, the anthology once again explores lust, love, relationships, and repressed desire, offering fresh perspectives on intimacy, longing, and human connection in all their complexity.",16.835,/cLA83DD1qMEBwbRIYXf29RKjMja.jpg,2026-09-18,False,False,6.3,10,"Romance, Drama"
False,/4mcOCiR06dqQ5eoEJcG3zvonjOa.jpg,"878, 28, 53, 12",294254,Maze Runner: The Scorch Trials,en,Maze Runner: The Scorch Trials,"Thomas and his fellow Gladers face their greatest challenge yet: searching for clues about the mysterious and powerful organization known as WCKD. Their journey takes them to the Scorch, a desolate landscape filled with unimaginable obstacles. Teaming up with resistance fighters, the Gladers take on WCKD’s vastly superior forces and uncover its shocking plans for them all.",21.0652,/mYw7ZyejqSCPFlrT2jHZOESZDU3.jpg,2015-09-09,False,False,6.7,11284,"Science Fiction, Action, Thriller, Adventure"
False,,10749,895954,母女汽车中心,ko,모녀카센터,"Yeon Ja, a working mother, runs a car center after divorce and is raising her daughter all by herself. Her daughter, Ah Jung, started helping her when she became an adult, however, the customers don't trust weak-looking women to touch machines and the business at the car center is slow. Thanks to Ah Jung's punk boyfriend, Sung Hoon, they came up with an idea to turn the car center into a sexy car center.",17.9424,/saca8CL9kk22AS5BfMbwSYgMvdp.jpg,2021-01-01,False,False,4.0,1,Romance
False,/W034dd7w2malON26KWyZm4y37W.jpg,"12, 28, 14",1735,The Mummy: Tomb of the Dragon Emperor,en,The Mummy: Tomb of the Dragon Emperor,"Archaeologist Rick O'Connell travels to China, pitting him against an emperor from the 2,000-year-old Han dynasty who's returned from the dead to pursue a quest for world domination. This time, O'Connell enlists the help of his wife and son to quash the so-called 'Dragon Emperor' and his abuse of supernatural power.",17.1282,/A3acM1lX5PNWQa6r5qeMAJOxbnT.jpg,2008-07-01,False,False,5.523,4963,"Adventure, Action, Fantasy"
False,/vyOFlV1afDHb9MMwJVyON4qXbvC.jpg,"12, 16, 18, 10751, 10749",9732,The Lion King II: Simba's Pride,en,The Lion King II: Simba's Pride,"The circle of life continues for Simba, now fully grown and in his rightful place as the king of Pride Rock. Simba and Nala have given birth to a daughter, Kiara who's as rebellious as her father was. But Kiara drives her parents to distraction when she catches the eye of Kovu, the son of the evil lioness, Zira. Will Kovu steal Kiara's heart?",16.7217,/sWR1x6UCMCGN9xEf8RGhPS934X0.jpg,1998-10-24,False,False,6.939,4773,"Adventure, Animation, Drama, Family, Romance"
False,/3yXLkSTrVhG66MIAr3X6C4gjccw.jpg,"12, 16, 35, 10751",10527,Madagascar: Escape 2 Africa,en,Madagascar: Escape 2 Africa,"Alex, Marty, and other zoo animals find a way to escape from Madagascar when the penguins reassemble a wrecked airplane. The precariously repaired craft stays airborne just long enough to make it to the African continent. There the New Yorkers encounter members of their own species for the first time. Africa proves to be a wild place, but Alex and company wonder if it is better than their Central Park home.",17.8165,/agRbLOHgN46TQO4YdKR462iR7To.jpg,2008-10-30,False,False,6.5,7635,"Adventure, Animation, Comedy, Family"
False,/6RDgtEBzjuF7W25DVziXRABchpX.jpg,27,109428,Evil Dead,en,Evil Dead,"Mia, a drug addict, is determined to kick the habit. To that end, she asks her brother, David, his girlfriend, Natalie and their friends Olivia and Eric to accompany her to their family's remote forest cabin to help her through withdrawal. Eric finds a mysterious Book of the Dead at the cabin and reads aloud from it, awakening an ancient demon. All hell breaks loose when the malevolent entity possesses Mia.",18.158,/1gDV0Lm9y8ufIKzyf0h0GBgb9Zj.jpg,2013-04-05,False,False,6.669,5390,Horror
False,/c6H7Z4u73ir3cIoCteuhJh7UCAR.jpg,"878, 28, 12",524434,Eternals,en,Eternals,"The Eternals are a team of ancient aliens who have been living on Earth in secret for thousands of years. When an unexpected tragedy forces them out of the shadows, they are forced to reunite against mankind’s most ancient enemy, the Deviants.",18.2405,/lFByFSLV5WDJEv3KabbdAF959F2.jpg,2021-11-03,False,False,6.7,9467,"Science Fiction, Action, Adventure"
False,/viU23X3BIycUFf6TOlm9c7TxLgM.jpg,35,8835,Legally Blonde,en,Legally Blonde,"Fashionable sorority queen Elle Woods has it all, but, she wants nothing more than to be Mrs. Warner Huntington III. But he dumps her before heading to Harvard Law School. Elle rallies all of her resources and gets into Harvard, determined to win him back. While there, she figures out that there is more to herself than just good looks.",17.9669,/9ohlMrJHQqKhfUKh7Zr3JQqHNLZ.jpg,2001-07-13,False,False,6.814,4754,Comedy
False,/3RFmTz5h2UuFWEV4oH00XICBR9y.jpg,"18, 53, 80",146233,Prisoners,en,Prisoners,"After his six-year-old daughter is abducted, a desperate father takes justice into his own hands when he loses faith in the detective leading the investigation, setting both men on a collision course as the search descends into obsession and moral compromise.",19.64,/uhviyknTT5cEQXbn6vWIqfM4vGm.jpg,2013-09-19,False,False,8.105,13586,"Drama, Thriller, Crime"
False,/uY8i4RABFyBpH2cmFWMVLEswopD.jpg,"28, 53, 80",942,Lethal Weapon 2,en,Lethal Weapon 2,Riggs and Murtaugh are on the trail of South African diplomats using their immunity to engage in criminal activities.,17.9905,/1EEIUw0tkX7AJZ1ikZrtKZZKlC6.jpg,1989-07-07,False,False,7.05,3900,"Action, Thriller, Crime"
False,/1n00NlOGRFZVs8coBxyZLm5l4EC.jpg,"28, 12, 878",335988,Transformers: The Last Knight,en,Transformers: The Last Knight,"Humans and Transformers are at war. Optimus Prime is gone. The key to saving our future lies buried in the secrets of the past, in the hidden history of Transformers on Earth. Saving our world falls upon the shoulders of an unlikely alliance: Cade Yeager; Bumblebee; an English Lord; and an Oxford Professor.",17.0316,/s5HQf2Gb3lIO2cRcFwNL9sn1o1o.jpg,2017-06-16,False,False,6.1,6919,"Action, Adventure, Science Fiction"
False,/9pBv1BOSloAUgAkF0meJWdnbV4Q.jpg,"12, 10751, 14",2454,The Chronicles of Narnia: Prince Caspian,en,The Chronicles of Narnia: Prince Caspian,"One year after their incredible adventures in the Lion, the Witch and the Wardrobe, Peter, Edmund, Lucy and Susan Pevensie return to Narnia to aid a young prince whose life has been threatened by the evil King Miraz. Now, with the help of a colorful cast of new characters, including Trufflehunter the badger and Nikabrik the dwarf, the Pevensie clan embarks on an incredible quest to ensure that Narnia is returned to its rightful heir.",17.026,/qxz3WIyjZiSKUhaTIEJ3c1GcC9z.jpg,2008-05-15,False,False,6.639,6955,"Adventure, Family, Fantasy"
False,/o8ZS811VjYbBi4pRYwILLdWCVey.jpg,35,109439,The Hangover Part III,en,The Hangover Part III,"This time, there's no wedding. No bachelor party. What could go wrong, right? But when the Wolfpack hits the road, all bets are off.",17.9843,/vtxuPWkdllLNLVyGjKYa267ntuH.jpg,2013-05-23,False,False,6.2,9480,Comedy
False,/8yPSYhooj8nyBbmV3GVdLDwuE7e.jpg,"18, 10749",1079091,It Ends with Us,en,It Ends with Us,"When a woman's first love suddenly reenters her life, her relationship with a charming, but abusive neurosurgeon is upended, and she realizes she must learn to rely on her own strength to make an impossible choice for her future.",16.538,/AjV6jFJ2YFIluYo4GQf13AA1tqu.jpg,2024-08-07,False,False,6.9,2058,"Drama, Romance"
False,/E7hhuSZ1U5xymN2Olg2EOr4N4P.jpg,"80, 35, 18",1242419,Roofman,en,Roofman,"A former Army Ranger and struggling father turns to robbing McDonald’s restaurants by cutting holes in their roofs, earning him the nickname ""Roofman."" After escaping prison, he secretly lives inside a Toys “R” Us for six months, surviving undetected while planning his next move. But when he falls for a divorced mom drawn to his undeniable charm, his double life begins to unravel, setting off a compelling and suspenseful game of cat and mouse as his past closes in.",16.4279,/wXDFtcnYtevleGzCmAD2ReQnJ4l.jpg,2025-10-06,False,False,7.0,1072,"Crime, Comedy, Drama"
False,/msCHK5Kh1YbdZ0zPJ2nzPUhhSN9.jpg,"14, 18, 9648",141,Donnie Darko,en,Donnie Darko,"After narrowly escaping a bizarre accident, a troubled teenager is plagued by visions of a large bunny rabbit that manipulates him to commit a series of crimes.",17.0978,/j2AtZFsflxiluaNtajMTI0Avm8C.jpg,2001-01-19,False,False,7.76,13821,"Fantasy, Drama, Mystery"
False,/9QusGjxcYvfPD1THg6oW3RLeNn7.jpg,"28, 12, 14",297802,Aquaman,en,Aquaman,"Half-human, half-Atlantean Arthur Curry is taken on the journey of his lifetime to discover if he is worth of being a king.",17.204,/ufl63EFcc5XpByEV2Ecdw6WJZAI.jpg,2018-12-07,False,False,6.9,15262,"Action, Adventure, Fantasy"
False,/2n7lYEeIbucsEQCswRcVB6ZYmMP.jpg,"28, 12, 878",777443,The Electric State,en,The Electric State,"An orphaned teen hits the road with a mysterious robot to find her long-lost brother, teaming up with a smuggler and his wisecracking sidekick.",17.7914,/sI2NiMU8o65hmIMY0JI9CjJ0p7f.jpg,2025-02-24,False,False,6.5,1843,"Action, Adventure, Science Fiction"
False,/aM6E4DBP6588q3tEr9hz41ls80q.jpg,18,84892,The Perks of Being a Wallflower,en,The Perks of Being a Wallflower,"Pittsburgh, Pennsylvania, 1991. High school freshman Charlie is a wallflower, always watching life from the sidelines, until two senior students, Sam and her stepbrother Patrick, become his mentors, helping him discover the joys of friendship, music and love.",16.869,/aKCvdFFF5n80P2VdS7d8YBwbCjh.jpg,2012-09-20,False,False,7.806,11506,Drama
False,/zGs5tZOlvc9cprdcU6kDOVNpujf.jpg,"53, 9648, 18",567,Rear Window,en,Rear Window,A wheelchair-bound photographer spies on his neighbors from his apartment window and becomes convinced one of them has committed murder.,16.7996,/ILVF0eJxHMddjxeQhswFtpMtqx.jpg,1954-08-01,False,False,8.3,7408,"Thriller, Mystery, Drama"
False,,"28, 80, 53",755679,Fast Forever,en,Fast Forever,The eleventh and final installment in The Fast Saga. Plot TBA.,19.0767,/xaRzhQZ3zK5lN6vEetG8PD17KPF.jpg,2028-03-15,False,False,0.0,0,"Action, Crime, Thriller"
False,/ugfBioco0L7qNvwq0d0Pl0AL8SL.jpg,28,9461,Enter the Dragon,en,Enter the Dragon,A martial artist agrees to spy on a reclusive crime lord using his invitation to a tournament there as cover.,18.0003,/fyrh2ULEcmLpGTVLPQqFW45hqr5.jpg,1973-08-17,False,False,7.4,2183,Action
False,/2U2h8PpsaWn90jdtyG0tu9ZxttZ.jpg,"28, 12, 16, 35, 10751",280217,The Lego Movie 2: The Second Part,en,The Lego Movie 2: The Second Part,"It's been five years since everything was awesome and the citizens are facing a huge new threat: LEGO DUPLO® invaders from outer space, wrecking everything faster than they can rebuild.",17.9922,/QTESAsBVZwjtGJNDP7utiGV37z.jpg,2019-02-06,False,False,6.6,2531,"Action, Adventure, Animation, Comedy, Family"
False,/ooGaNXI2OYszAajCFdIXLr73E1S.jpg,"16, 10751, 14",16859,Kiki's Delivery Service,ja,魔女の宅急便,"A young witch, on her mandatory year of independent life, finds fitting into a new community difficult while she supports herself by running an air courier service.",17.9769,/Aufa4YdZIv4AXpR9rznwVA5SEfd.jpg,1989-07-29,False,False,7.8,4770,"Animation, Family, Fantasy"
False,/yxYUN3fBPJdTNdXC1l8L24XFPhX.jpg,"35, 80, 28",290250,The Nice Guys,en,The Nice Guys,A private eye investigates the apparent suicide of a fading porn star in 1970s Los Angeles and uncovers a conspiracy.,17.9679,/clq4So9spa9cXk3MZy2iMdqkxP2.jpg,2016-05-15,False,False,7.1,8984,"Comedy, Crime, Action"
False,/yizL4cEKsVvl17Wc1mGEIrQtM2F.jpg,"28, 878, 12",588228,The Tomorrow War,en,The Tomorrow War,"The world is stunned when a group of time travelers arrive from the year 2051 to deliver an urgent message: Thirty years in the future, mankind is losing a global war against a deadly alien species. The only hope for survival is for soldiers and civilians from the present to be transported to the future and join the fight. Among those recruited is high school teacher and family man Dan Forester. Determined to save the world for his young daughter, Dan teams up with a brilliant scientist and his estranged father in a desperate quest to rewrite the fate of the planet.",17.9644,/34nDCQZwaEvsy4CFO5hkGRFDCVU.jpg,2021-09-03,False,False,7.527,4496,"Action, Science Fiction, Adventure"
False,/ysCmtf9Y9fLDChZ88PXId5RbLP1.jpg,"28, 53",8681,Taken,en,Taken,"Bryan Mills, a former government operative, is trying to reconnect with his teenage daughter Kim. After reluctantly agreeing with his ex-wife to let Kim go to Paris on vacation with a friend, his worst nightmare comes true. While on the phone with his daughter shortly after she arrives in Paris, she and her friend are abducted by a gang of human traffickers. Working against the clock, Bryan relies on his extensive training and skills to track down the ruthless gang that abducted her and launch a one-man war to rescue his daughter.",17.9601,/ognkaUSNgJe1a2pjB4UNdzEo5jT.jpg,2008-02-18,False,False,7.413,12467,"Action, Thriller"
False,/y7tjLYcq2ZGy2DNG0ODhGX9Tm60.jpg,"28, 35, 80",1106289,The Pickup,en,The Pickup,A routine cash pickup takes a wild turn when mismatched armored truck drivers Russell and Travis are ambushed by ruthless criminals led by savvy mastermind Zoe.,17.9571,/vFWvWhfAvij8UIngg2Vf6JV95Cr.jpg,2025-07-27,False,False,6.4,518,"Action, Comedy, Crime"
False,/lywmuPU5Hr1Mnpb9UGeDbILmkTx.jpg,"28, 53",1637,Speed,en,Speed,Tensions run high when a crazed bomber rigs a Los Angeles bus with a device that will kill everyone on board if the vehicle's speed dips below fifty miles per hour.,17.9501,/82PkCE4R95KhHICUDF7G4Ly2z3l.jpg,1994-06-09,False,False,7.16,7101,"Action, Thriller"
False,/yQy9Y3p5INwkfTuHSnzYnz4MCV3.jpg,"35, 14, 10751",1125257,Freakier Friday,en,Freakier Friday,"Years after Tess and Anna endured an identity crisis, Anna now has a daughter of her own and a soon-to-be stepdaughter. As they navigate the myriad challenges that come when two families merge, Tess and Anna discover lightning might indeed strike twice.",17.9465,/9wV65OmsjLAqBfDnYTkMPutXH8j.jpg,2025-08-06,False,False,6.756,810,"Comedy, Fantasy, Family"
False,/lKkkogTlIQT8o83GFQZZ3CA9MzB.jpg,"35, 10751, 14, 16",6477,Alvin and the Chipmunks,en,Alvin and the Chipmunks,"A struggling songwriter named Dave Seville finds success when he comes across a trio of singing chipmunks: mischievous leader Alvin, brainy Simon, and chubby, impressionable Theodore.",17.9439,/3s3WvpKPXXeKAPketDDqiQTi20S.jpg,2007-12-13,False,False,5.8,4845,"Comedy, Family, Fantasy, Animation"
False,/5mbFEJStH59cNFcF7VkRgsSxMqK.jpg,"28, 53, 878",10483,Death Race,en,Death Race,"Terminal Island, New York: 2020. Overcrowding in the US penal system has reached a breaking point. Prisons have been turned over to a monolithic Weyland Corporation, which sees jails full of thugs as an opportunity for televised sport. Adrenalized inmates, a global audience hungry for violence and a spectacular, enclosed arena come together to form the 'Death Race', the biggest, most brutal event.",17.9394,/8ASwIBJSyUXUdlPLVjExnOghBar.jpg,2008-08-22,False,False,6.323,4289,"Action, Thriller, Science Fiction"
False,/enwc2Acl38mvX33QffmTzDSV89D.jpg,"80, 18, 53",847742,Drishyam 3,ml,ദൃശ്യം 3,"To protect his family and their dark secret, Georgekutty faces an organized new threat. As walls close in and cracks widen, how much more is he willing to sacrifice?",17.9392,/456FlpiU1iOBnaOxSd783QhZKWw.jpg,2026-05-20,False,False,6.438,24,"Crime, Drama, Thriller"
False,/w4hk4QG05nDuSgimpa7XAM6OyPX.jpg,"878, 14, 28",76757,Jupiter Ascending,en,Jupiter Ascending,"In a universe where human genetic material is the most precious commodity, an impoverished young Earth woman becomes the key to strategic maneuvers and internal strife within a powerful dynasty…",17.933,/xzQ25m9vrdyvpLX74T3B3KB40Ou.jpg,2015-02-04,False,False,5.5,7274,"Science Fiction, Fantasy, Action"
False,/uifaXfJxjTMeNttw5u04nHx1G5w.jpg,"28, 878, 53",534,Terminator Salvation,en,Terminator Salvation,"All grown up in post-apocalyptic 2018, John Connor must lead the resistance of humans against the increasingly dominating militaristic robots. But when Marcus Wright appears, his existence confuses the mission as Connor tries to determine whether Wright has come from the future or the past -- and whether he's friend or foe.",17.9286,/gw6JhlekZgtKUFlDTezq3j5JEPK.jpg,2009-05-20,False,False,6.105,7285,"Action, Science Fiction, Thriller"
False,/sYLzRuEcwSz0L1Z92wQNrETHU9O.jpg,"18, 14, 53",503919,The Lighthouse,en,The Lighthouse,Two lighthouse keepers try to maintain their sanity while living on a remote and mysterious New England island in the 1890s.,17.9137,/dwXmOYJVM1VIkkSXHY5zYSaLJLC.jpg,2019-10-18,False,False,7.463,5827,"Drama, Fantasy, Thriller"
False,/nNh7vHHISVAaziJEqAq0P9iL52w.jpg,"27, 878, 9648",395992,Life,en,Life,"The six-member crew of the International Space Station is tasked with studying a sample from Mars that may be the first proof of extra-terrestrial life, which proves more intelligent than ever expected.",17.9135,/wztfli5NgYDgurVgShNflvnyA3Z.jpg,2017-03-22,False,False,6.467,8157,"Horror, Science Fiction, Mystery"
False,/6MKr3KgOLmzOP6MSuZERO41Lpkt.jpg,"35, 80",337404,Cruella,en,Cruella,"In 1970s London amidst the punk rock revolution, a young grifter named Estella is determined to make a name for herself with her designs. She befriends a pair of young thieves who appreciate her appetite for mischief, and together they are able to build a life for themselves on the London streets. One day, Estella’s flair for fashion catches the eye of the Baroness von Hellman, a fashion legend who is devastatingly chic and terrifyingly haute. But their relationship sets in motion a course of events and revelations that will cause Estella to embrace her wicked side and become the raucous, fashionable and revenge-bent Cruella.",17.897,/hjS9mH8KvRiGHgjk6VUZH7OT0Ng.jpg,2021-05-26,False,False,7.962,10362,"Comedy, Crime"
False,/vPoEbGeBuAfag3TcFzwPt9EqVWT.jpg,"18, 35, 10749",1563608,Mr. & Mrs. Pardon,zh,什么意思夫妇,"Middle-aged couple Shen Mo and Tian Yi, facing their third seven-year itch, see their marriage erupt in a bitter clash of accumulated frustration, culminating in a 30-day cooling-off period that seems destined to conclude their relationship.",17.8701,/uofN38bDaG3qYeLoerXynlVRHRt.jpg,2026-10-01,False,False,0.0,0,"Drama, Comedy, Romance"
False,/ddIkmH3TpR6XSc47jj0BrGK5Rbz.jpg,"10752, 28, 18",374720,Dunkirk,en,Dunkirk,"The story of the miraculous evacuation of Allied soldiers from Belgium, Britain, Canada and France, who were cut off and surrounded by the German army from the beaches and harbour of Dunkirk between May 26th and June 4th 1940 during World War II.",17.8699,/b4Oe15CGLL61Ped0RAS9JpqdmCt.jpg,2017-07-19,False,False,7.45,18067,"War, Action, Drama"
False,/aTovumsNlDjof7YVoU5nW2RHaYn.jpg,"27, 53",616820,Halloween Ends,en,Halloween Ends,"Four years after the events of Halloween in 2018, Laurie has decided to liberate herself from fear and rage and embrace life. But when a young man is accused of killing a boy he was babysitting, it ignites a cascade of violence and terror that will force Laurie to finally confront the evil she can’t control, once and for all.",17.8645,/q06saepaXeBdkMibuN4R2fXmgIw.jpg,2022-10-12,False,False,6.0,2109,"Horror, Thriller"
False,/m4MGxxEgAMqIX9x8MCg5pYeyYjU.jpg,"18, 36",45269,The King's Speech,en,The King's Speech,"The King's Speech tells the story of the man who became King George VI, the father of Queen Elizabeth II. After his brother abdicates, George ('Bertie') reluctantly assumes the throne. Plagued by a dreaded stutter and considered unfit to be king, Bertie engages the help of an unorthodox speech therapist named Lionel Logue. Through a set of unexpected techniques, and as a result of an unlikely friendship, Bertie is able to find his voice and boldly lead the country into war.",17.8478,/pVNKXVQFukBaCz6ML7GH3kiPlQP.jpg,2010-11-26,False,False,7.731,9564,"Drama, History"
False,/85PMh0cKywekAJYDnRXfezYAmEc.jpg,"53, 28, 12, 878",44833,Battleship,en,Battleship,"When mankind beams a radio signal into space, a reply comes from ‘Planet G’, in the form of several alien crafts that splash down in the waters off Hawaii. Lieutenant Alex Hopper is a weapons officer assigned to the USS John Paul Jones, part of an international naval coalition which becomes the world's last hope for survival as they engage the hostile alien force of unimaginable strength. While taking on the invaders, Hopper must also try to live up to the potential that his brother, and his fiancée's father—an Admiral—expect of him.",17.8471,/9b0Im7SfedHiajTwzSL9zGyBI7M.jpg,2012-04-11,False,False,5.944,6205,"Thriller, Action, Adventure, Science Fiction"
False,/ewUqXnwiRLhgmGhuksOdLgh49Ch.jpg,"12, 878, 35",696806,The Adam Project,en,The Adam Project,"After accidentally crash-landing in 2022, time-traveling fighter pilot Adam Reed teams up with his 12-year-old self on a mission to save the future.",17.8429,/wFjboE0aFZNbVOF05fzrka9Fqyx.jpg,2022-03-11,False,False,7.0,5200,"Adventure, Science Fiction, Comedy"
False,/oihWVx3imvRKujnGmSDYhfG1gI5.jpg,"35, 27",19908,Zombieland,en,Zombieland,"Columbus has made a habit of running from what scares him. Tallahassee doesn't have fears. If he did, he'd kick their ever-living ass. In a world overrun by zombies, these two are perfectly evolved survivors. But now, they're about to stare down the most terrifying prospect of all: each other.",17.8309,/dUkAmAyPVqubSBNRjRqCgHggZcK.jpg,2009-10-02,False,False,7.258,13540,"Comedy, Horror"
False,/fGBJEfGjHmhg7nLAT0Jkcv9qV5e.jpg,"18, 35, 10749",43347,Love & Other Drugs,en,Love & Other Drugs,"Maggie is an alluring free spirit who won't let anyone – or anything – tie her down. But she meets her match in Jamie, whose relentless and nearly infallible charm serves him well with the ladies and the cutthroat world of pharmaceutical sales. Maggie and Jamie's evolving relationship takes them both by surprise, as they find themselves under the influence of the ultimate drug: love.",17.8302,/wZLM2uKJRYNchLmiCIjosX0rXy8.jpg,2010-11-22,False,False,7.041,5746,"Drama, Comedy, Romance"
False,/8sPxa4sdRvjgRG3GgkO8RQxUR9P.jpg,"27, 10749, 18",791177,Bones and All,en,Bones and All,"Abandoned by her father, a young woman embarks on a thousand-mile odyssey through the backroads of America where she meets a disenfranchised drifter. But despite their best efforts, all roads lead back to their terrifying pasts and to a final stand that will determine whether their love can survive their otherness.",17.8284,/dBQuk2LkHjrDsSjueirPQg96GCc.jpg,2022-11-18,False,False,7.0,1719,"Horror, Romance, Drama"
False,/eezsbzYPbYKjjh6E1XHDBNlLynh.jpg,"878, 28, 12, 35",98566,Teenage Mutant Ninja Turtles,en,Teenage Mutant Ninja Turtles,"When a kingpin threatens New York City, a group of mutated turtle warriors must emerge from the shadows to protect their home.",17.8273,/azL2ThbJMIkts3ZMt3j1YgBUeDB.jpg,2014-08-07,False,False,5.93,7343,"Science Fiction, Action, Adventure, Comedy"
False,/xA6AM5MvEkieZKlv1Tn3sN23I7i.jpg,"28, 18, 10749",1630423,My Dearest Assassin,th,เลือดรักนักฆ่า,"Hunted for her rare blood type, a caged woman vows to fight alongside the assassin she loves to protect their future when an old enemy resurfaces.",17.8173,/ul4dQcA68mtSx8J56N5gEcaCCtP.jpg,2026-05-06,False,False,8.55,309,"Action, Drama, Romance"
False,/rXrpYOveFl76ivMmyb2612T7Q8w.jpg,"28, 35, 80",64688,21 Jump Street,en,21 Jump Street,"When cops Schmidt and Jenko join the secret Jump Street unit, they use their youthful appearances to go undercover as high school students. They trade in their guns and badges for backpacks, and set out to shut down a dangerous drug ring. But, as time goes on, Schmidt and Jenko discover that high school is nothing like it was just a few years earlier -- and, what's more, they must again confront the teenage terror and anxiety they thought they had left behind.",17.8096,/8v3Sqv9UcIUC4ebmpKWROqPBINZ.jpg,2012-03-14,False,False,6.884,11327,"Action, Comedy, Crime"
False,/co7oxvpWxgd6FZU24DnljDDHYQA.jpg,"27, 878, 53",1064028,Subservience,en,Subservience,"With his wife out sick, a struggling father brings home a lifelike AI, only to have his self-aware new help want everything her new family has to offer... Like the affection of her owner and she'll kill to get it.",17.8068,/gBenxR01Uy0Ev9RTIw6dVBPoyQU.jpg,2024-08-15,False,False,6.642,1130,"Horror, Science Fiction, Thriller"
False,/4vSBj7BYsyuKCx96EJzGyp20WfY.jpg,"35, 27",593643,The Menu,en,The Menu,"A young couple travels to a remote island to eat at an exclusive restaurant where the chef has prepared a lavish menu, with some shocking surprises.",17.7893,/fPtUgMcLIboqlTlPrq0bQpKK8eq.jpg,2022-11-17,False,False,7.2,6730,"Comedy, Horror"
False,/4l65BWqJBl7hBwdIwp2nQdwsOuw.jpg,"18, 36",850165,The Iron Claw,en,The Iron Claw,"The true story of the inseparable Von Erich brothers, who made history in the intensely competitive world of professional wrestling in the early 1980s. Through tragedy and triumph, under the shadow of their domineering father and coach, the brothers seek larger-than-life immortality on the biggest stage in sports.",17.7835,/s2VLjcykJfwplJNGT5iEeCA0mRx.jpg,2023-12-21,False,False,7.518,1363,"Drama, History"
False,/wubUakLEAAnKeXmuTks5insTKQx.jpg,27,37169,The Human Centipede (First Sequence),en,The Human Centipede (First Sequence),"During a stopover in Germany in the middle of a carefree road trip through Europe, two American girls find themselves alone at night when their car breaks down in the woods. Searching for help at a nearby villa, they are wooed into the clutches of a deranged retired surgeon, who has a very disturbed vision.",17.7775,/gMtjxIkEi0hnTV5lPHbgeZ4ZpUZ.jpg,2009-10-31,False,False,5.158,2489,Horror
False,/hsb8nNBt3emvWqBs7Xv5IKlz6Im.jpg,"12, 16, 35, 14",223702,Sausage Party,en,Sausage Party,Hot dog Frank leads a group of supermarket products on a quest to discover the truth about their existence and what really happens when they're chosen to leave the grocery store.,17.7633,/vNgdPJQ5CI60oEiiHLKRNrsDhMy.jpg,2016-07-11,False,False,5.748,7876,"Adventure, Animation, Comedy, Fantasy"
False,/9FrpAtF87VKblKkDEiIZzYgO40K.jpg,"28, 35, 80",2109,Rush Hour,en,Rush Hour,"When Hong Kong Inspector Lee is summoned to Los Angeles to investigate a kidnapping, the FBI doesn't want any outside help and assigns cocky LAPD Detective James Carter to distract Lee from the case. Not content to watch the action from the sidelines, Lee and Carter form an unlikely partnership and investigate the case themselves.",17.7561,/nwPhAsfnb7f46bZkWLG7IRP5HXr.jpg,1998-09-18,False,False,7.1,5952,"Action, Comedy, Crime"
False,/qDQEQbgP3v7B9IYLAUcYexNrVYP.jpg,"16, 35, 12, 878, 10751",404368,Ralph Breaks the Internet,en,Ralph Breaks the Internet,"Video game bad guy Ralph and fellow misfit Vanellope von Schweetz must risk it all by traveling to the World Wide Web in search of a replacement part to save Vanellope's video game, Sugar Rush. In way over their heads, Ralph and Vanellope rely on the citizens of the internet — the netizens — to help navigate their way, including an entrepreneur named Yesss, who is the head algorithm and the heart and soul of trend-making site BuzzzTube.",17.7554,/iVCrhBcpDaHGvv7CLYbK6PuXZo1.jpg,2018-11-20,False,False,7.15,8314,"Animation, Comedy, Adventure, Science Fiction, Family"
False,/xyW8rJO3rwG2EGcTO6eaUEa8b9d.jpg,"28, 53",1613798,Vengeance,es,Venganza,"The brutal murder of the wife of “Toro,” a military hero in the special forces, turns him into a man with a single purpose: revenge. After a stroke of fate makes him a millionaire, Carlos transforms his fortune into an arsenal and, together with his closest soldiers, sets out to hunt down those responsible.",17.7484,/ygWXPL0RS91JyJPNOfK34eV3bRE.jpg,2026-02-26,False,False,7.5,323,"Action, Thriller"
False,/mDVnHFcxxUJC9TQFVeKh1TJNBzh.jpg,"28, 53",1279493,The Get Out,en,The Get Out,"A nightclub owner is on the verge of leaving his dangerous past behind for retirement with his girlfriend. When masked gunmen rob him and he finds himself squeezed by ruthless cartels, a mysterious newcomer arrives with an interest in buying the business. With danger closing in from all sides, he must navigate a deadly web of deception, power, and survival  -  where escape may no longer be an option.",17.7459,/zlkeH0s7dDxcnuPcHBqAyXFUxqN.jpg,2026-06-18,False,False,6.0,105,"Action, Thriller"
False,/cqXEwYFcwyKPZCKl1jAPaG3cMsl.jpg,"878, 28, 12",13475,Star Trek,en,Star Trek,"The fate of the galaxy rests in the hands of bitter rivals. One, James Kirk, is a delinquent, thrill-seeking Iowa farm boy. The other, Spock, a Vulcan, was raised in a logic-based society that rejects all emotion. As fiery instinct clashes with calm reason, their unlikely but powerful partnership is the only thing capable of leading their crew through unimaginable danger, boldly going where no one has gone before. The human adventure has begun again.",17.7195,/lV5OpzAss1z06YNagOVap1I35mH.jpg,2009-05-06,False,False,7.439,10774,"Science Fiction, Action, Adventure"
False,/jxDo3i2f6Ab1XeTWjdNDkkZYEju.jpg,"35, 80",138832,We're the Millers,en,We're the Millers,A veteran pot dealer creates a fake family as part of his plan to move a huge shipment of weed into the U.S. from Mexico.,17.7129,/qF2LJ0jwWrtXSuT4AFD5OS2IqaT.jpg,2013-08-07,False,False,6.841,9712,"Comedy, Crime"
False,/hm21I7yc6oYBogTloET3eXsVPlq.jpg,"28, 35, 10752",799583,The Ministry of Ungentlemanly Warfare,en,The Ministry of Ungentlemanly Warfare,"During World War II, the British Army assigns a group of competent soldiers to carry out a mission against the Nazi forces behind enemy lines... A true story about a secret British WWII organization — the Special Operations Executive. Founded by Winston Churchill, their irregular warfare against the Germans helped to change the course of the war, and gave birth to modern black operations.",20.5587,/8aF0iAKH9MJMYAZdi0Slg77RYa2.jpg,2024-04-18,False,False,6.993,2124,"Action, Comedy, War"
False,/dDYpjrwh1wNVQk0rEpc9P81wQt4.jpg,"10402, 18, 10749",332562,A Star Is Born,en,A Star Is Born,"Seasoned musician Jackson Maine discovers — and falls in love with — struggling artist Ally. She has just about given up on her dream to make it big as a singer — until Jack coaxes her into the spotlight. But even as Ally's career takes off, the personal side of their relationship is breaking down, as Jack fights an ongoing battle with his own internal demons.",17.3031,/wrFpXMNBRj2PBiN4Z5kix51XaIZ.jpg,2018-10-03,False,False,7.488,12429,"Music, Drama, Romance"
False,/y3uOfZAYwLkbvhunswBCskNMrfI.jpg,"35, 80, 9648",661374,Glass Onion: A Knives Out Mystery,en,Glass Onion: A Knives Out Mystery,World-famous detective Benoit Blanc heads to Greece to peel back the layers of a mystery surrounding a tech billionaire and his eclectic crew of friends.,16.4883,/vDGr1YdrlfbU9wxTOdpf3zChmv9.jpg,2022-11-23,False,False,7.0,7247,"Comedy, Crime, Mystery"
False,/s8kCW0VjPaBI4chcb9JYKB3RxM.jpg,"35, 10749",1606912,Volver a los 17,es,Volver a los 17,Romantic comedy about going back to high school.,16.6892,/etzThCbeYmZnfmO7f7KpzQ64xSW.jpg,2026-01-08,False,False,5.667,6,"Comedy, Romance"
False,/3MUwpoEnsSNinnzVQ6mynvXBw7T.jpg,"28, 35, 80",567646,Extreme Job,ko,극한직업,"A drug squad attempts to take down a criminal organization and they must go undercover to do so, so they begin working at a chicken restaurant, that becomes famous for its delicious chicken. Due to the unexpected popularity, the detectives find themselves in a situation they never expected.",15.8931,/52oLgq2gEiZyDjpJ7tgkGruoQI0.jpg,2019-01-23,False,False,7.2,375,"Action, Comedy, Crime"
False,/zaX6d5GCtb2CmOH9jrHBl58xxBY.jpg,"18, 36",395991,Only the Brave,en,Only the Brave,Members of the Granite Mountain Hotshots battle deadly wildfires to save an Arizona town.,18.2153,/db5IkOJu9UHktrKroNktw1Z8ARY.jpg,2017-09-22,False,False,7.5,1967,"Drama, History"
False,/3xKJ0nyUTlySmMBCpOcsuSnFPI1.jpg,"27, 9648",1232546,Until Dawn,en,Until Dawn,"One year after her sister Melanie mysteriously disappeared, Clover and her friends head into the remote valley where she vanished in search of answers. Exploring an abandoned visitor center, they find themselves stalked by a masked killer and horrifically murdered one by one...only to wake up and find themselves back at the beginning of the same evening.",16.1012,/bLY5yN4MKVynZ2HMZWElTOGBgBe.jpg,2025-04-23,False,False,6.3,1619,"Horror, Mystery"
False,/wRcm3iwi4BeMN59U4fjO7u3dOVI.jpg,"28, 18, 53",104,Run Lola Run,de,Lola rennt,"Lola receives a phone call from her boyfriend Manni. He lost 100,000 DM in a subway train that belongs to a very bad guy. She has 20 minutes to raise this amount and meet Manni. Otherwise, he will rob a store to get the money. Three different alternatives may happen depending on some minor event along Lola's run.",17.5242,/v0giIi4bTILVhNhJajet3WWY3FA.jpg,1998-08-20,False,False,7.3,2691,"Action, Drama, Thriller"
False,/fViElUGfdoZjtnVxvSpJX8TwxY6.jpg,"35, 18",1013850,A Real Pain,en,A Real Pain,Mismatched cousins David and Benji reunite for a tour through Poland to honor their beloved grandmother. The adventure takes a turn when the pair's old tensions resurface against the backdrop of their family history.,16.8542,/yaTFjMNh8D78dDHrglivOTv5YOx.jpg,2024-11-01,False,False,6.8,1544,"Comedy, Drama"
False,/mDW6z7I6de6JbUgPOkAEZwKbg7G.jpg,"16, 10751, 10402, 14, 35, 12",901362,Trolls Band Together,en,Trolls Band Together,"When Branch's brother, Floyd, is kidnapped for his musical talents by a pair of nefarious pop-star villains, Branch and Poppy embark on a harrowing and emotional journey to reunite the other brothers and rescue Floyd from a fate even worse than pop-culture obscurity.",16.9852,/3ySgD2xwasTHOK6R9bNZiEwKgYo.jpg,2023-10-12,False,False,7.2,1038,"Animation, Family, Music, Fantasy, Comedy, Adventure"
False,/aiM3XxYE2JvW1vJ4AC6cI1RjAoT.jpg,"80, 28, 18",438650,Cold Pursuit,en,Cold Pursuit,"The quiet family life of Nels Coxman, a snowplow driver, is upended after his son's murder. Nels begins a vengeful hunt for Viking, the drug lord he holds responsible for the killing, eliminating Viking's associates one by one. As Nels draws closer to Viking, his actions bring even more unexpected and violent consequences, as he proves that revenge is all in the execution.",16.3977,/5RILVnOchQyL1LbcVzmabipdJfc.jpg,2019-02-07,False,False,5.9,2860,"Crime, Action, Drama"
False,/8JMiQa0OqsCYvbNUrQIrMzwV7g2.jpg,"28, 53, 12",657,From Russia with Love,en,From Russia with Love,"Agent 007 is back in the second installment of the James Bond series, this time battling a secret crime organization known as SPECTRE. Russians Rosa Klebb and Kronsteen are out to snatch a decoding device known as the Lektor, using the ravishing Tatiana to lure Bond into helping them. Bond willingly travels to meet Tatiana in Istanbul, where he must rely on his wits to escape with his life in a series of deadly encounters with the enemy.",17.0441,/zx4V17FP8oclNvOpTgs2iCCtiYk.jpg,1963-10-10,False,False,7.1,3489,"Action, Thriller, Adventure"
False,/kIQc0kkqIYTo65x5XjlKgqdDQ6a.jpg,"12, 18, 14",559907,The Green Knight,en,The Green Knight,"An epic fantasy adventure based on the timeless Arthurian legend, The Green Knight tells the story of Sir Gawain, King Arthur's reckless and headstrong nephew, who embarks on a daring quest to confront the eponymous Green Knight, a gigantic emerald-skinned stranger and tester of men.",16.2358,/if4hw3Ou5Sav9Em7WWHj66mnywp.jpg,2021-07-29,False,False,6.6,2328,"Adventure, Drama, Fantasy"
False,/uovH5k4BAEPqXqxgwVrTtqH169g.jpg,"878, 28",373571,Godzilla: King of the Monsters,en,Godzilla: King of the Monsters,"Follows the heroic efforts of the crypto-zoological agency Monarch as its members face off against a battery of god-sized monsters, including the mighty Godzilla, who collides with Mothra, Rodan, and his ultimate nemesis, the three-headed King Ghidorah. When these ancient super-species, thought to be mere myths, rise again, they all vie for supremacy, leaving humanity's very existence hanging in the balance.",18.5547,/mzOHg7Q5q9yUmY0b9Esu8Qe6Nnm.jpg,2019-05-29,False,False,6.7,6948,"Science Fiction, Action"
False,/oBter8Y5p2ZFUwWgQ1T9pulGFTJ.jpg,"9648, 18",1668364,Desire,es,Deseo,"Lucero’s life appears immaculate: a wealthy household, a devoted husband, and two children who embody the promise of a perfect family. Yet beneath this surface simmers a quiet dissatisfaction. When Matías, a young swimming coach hired by her husband, enters their lives, Lucero finds herself pulled into a risky and consuming relationship. As secrecy, desire, and jealousy tighten their grip, the boundaries within the family begin to collapse, placing mother and daughter in a dangerous emotional triangle that threatens to shatter everything Lucero has built.",17.7894,/3bEqHqeaQlFykaLQ7N4gDkIvL5w.jpg,2026-05-07,False,False,6.7,258,"Mystery, Drama"
False,/eENEf62tMXbhyVvdcXlnQz2wcuT.jpg,"878, 28, 12",580489,Venom: Let There Be Carnage,en,Venom: Let There Be Carnage,"After finding a host body in investigative reporter Eddie Brock, the alien symbiote must face a new enemy, Carnage, the alter ego of serial killer Cletus Kasady.",18.2001,/pzKsRuKLFmYrW5Q0q8E8G78Tcgo.jpg,2021-09-30,False,False,6.726,11478,"Science Fiction, Action, Adventure"
False,/eZzNdjNDvaSoyywy9ICg2UmFwul.jpg,"18, 53",974576,Conclave,en,Conclave,"After the unexpected death of the Pope, Cardinal Lawrence is tasked with managing the covert and ancient ritual of electing a new one. Sequestered in the Vatican with the Catholic Church’s most powerful leaders until the process is complete, Lawrence finds himself at the center of a conspiracy that could lead to its downfall.",15.2003,/m5x8D0bZ3eKqIVWZ5y7TnZ2oTVg.jpg,2024-10-25,False,False,7.2,3676,"Drama, Thriller"
False,/5Af8qDOesFEspcnsjIRUDwQZaYQ.jpg,"27, 53",1321008,Black Box,en,Black Box,"A routine domestic flight turns into the flight from hell through a series of inexplicable phenomena and raw terror. Surreal encounters blur the boundaries between reality and nightmare. Passengers fight against all the odds in an attempt to survive while combating bizarre technological malfunctions, accelerating supernatural events and alien influences.",16.5294,/x6dsUKxz8O5rD3lzayJgvFpW58s.jpg,2026-06-25,False,False,6.0,96,"Horror, Thriller"
False,/90sDsHugeRU5dtTG3zEVIOXXl4L.jpg,"35, 10749",11631,Mamma Mia!,en,Mamma Mia!,A spirited young bride-to-be living with her single mother on a small Greek island secretly invites three of her mother's ex-boyfriends in hope of finding her biological father to walk her down the aisle.,17.7341,/xYLiCWmAMHJubx5jNZ7HuXKjAbV.jpg,2008-07-03,False,False,7.0,7185,"Comedy, Romance"
False,/vm8mhrjk5nQ562UQ0KbUzi0yOHr.jpg,"28, 12, 878",427641,Rampage,en,Rampage,"Primatologist Davis Okoye shares an unshakable bond with George, the extraordinarily intelligent, silverback gorilla who has been in his care since birth.  But a rogue genetic experiment gone awry mutates this gentle ape into a raging creature of enormous size.  To make matters worse, it’s soon discovered there are other similarly altered animals.  As these newly created alpha predators tear across North America, destroying everything in their path, Okoye teams with a discredited genetic engineer to secure an antidote, fighting his way through an ever-changing battlefield, not only to halt a global catastrophe but to save the fearsome creature that was once his friend.",16.6515,/MGADip4thVSErP34FAAfzFBTZ5.jpg,2018-04-11,False,False,6.5,7762,"Action, Adventure, Science Fiction"
False,/nFCUBRDF4C6RWopNo0nAfvMA6mm.jpg,35,225886,Sex Tape,en,Sex Tape,"When Jay and Annie first got together, their romantic connection was intense – but ten years and two kids later, the flame of their love needs a spark.  To kick things up a notch, they decide – why not? – to make a video of themselves trying out every position in The Joy of Sex in one marathon three-hour session.  It seems like a great idea – until they discover that their most private video is no longer private.  With their reputations on the line, they know they’re just one click away from being laid bare to the world... but as their race to reclaim their video leads to a night they'll never forget, they'll find that their video will expose even more than they bargained for.",17.5698,/u2h7UnSHrbAA5WBoKhdH1rlDZfz.jpg,2014-07-17,False,False,5.4,4294,Comedy
False,/1ZVlzOBYCggLzvVYHK7Im6LohjC.jpg,"14, 10751, 35",1593,Night at the Museum,en,Night at the Museum,"Chaos reigns at the natural history museum when night watchman Larry Daley accidentally stirs up an ancient curse, awakening Attila the Hun, an army of gladiators, a Tyrannosaurus rex and other exhibits.",17.5562,/pDsAAYf6Zn0yiAGJ6lYGs6hoZ4E.jpg,2006-12-20,False,False,6.6,11256,"Fantasy, Family, Comedy"
False,/ihKsZZYMbyHXC1L7s90WDLITdC5.jpg,"28, 12, 53",76163,The Expendables 2,en,The Expendables 2,"Mr. Church reunites the Expendables for what should be an easy paycheck, but when one of their men is murdered on the job, their quest for revenge puts them deep in enemy territory and up against an unexpected threat.",17.5534,/74rTIGyGoIu5KSxDVMdr8H3MtMo.jpg,2012-08-15,False,False,6.4,7357,"Action, Adventure, Thriller"
False,/a17F3zXnmuwqxfiDa46mtlosjrv.jpg,"28, 12, 16, 35, 10751",675445,PAW Patrol: The Movie,en,PAW Patrol: The Movie,Ryder and the pups are called to Adventure City to stop Mayor Humdinger from turning the bustling metropolis into a state of chaos.,17.5508,/jXavWyam2VPR6bOhLwwuP3K2Hw4.jpg,2021-08-09,False,False,7.3,1290,"Action, Adventure, Animation, Comedy, Family"
False,/4qxZJRYe4ezA5J1sidnV7vuaYaz.jpg,"12, 28, 37",333484,The Magnificent Seven,en,The Magnificent Seven,"Looking to mine for gold, greedy industrialist Bartholomew Bogue seizes control of the Old West town of Rose Creek. With their lives in jeopardy, Emma Cullen and other desperate residents turn to bounty hunter Sam Chisolm for help. Chisolm recruits an eclectic group of gunslingers to take on Bogue and his ruthless henchmen. With a deadly showdown on the horizon, the seven mercenaries soon find themselves fighting for more than just money once the bullets start to fly.",17.5458,/ezcS78TIjgr85pVdaPDd2rSPVNs.jpg,2016-09-14,False,False,6.5,6596,"Adventure, Action, Western"
False,/bQlw59HncOXX9alFlOYKHAvSnm.jpg,"35, 14, 80, 10749",854,The Mask,en,The Mask,"Timid bank clerk Stanley Ipkiss discovers a magical mask infused with the spirit of the Norse god Loki. Donning it transforms him into an unrestrained, green-faced, cartoon-like wild man. While the mask grants him the confidence to woo a local singer, it also makes him the target of a ruthless mobster.",17.5382,/jPC2eYub74zwf2tPGVtzSlBW6Oy.jpg,1994-07-29,False,False,7.0,11655,"Comedy, Fantasy, Crime, Romance"
False,/2TWIlmhE06ghspeQLEX1VmnEBiE.jpg,"10749, 35",1455079,"You, Me & Tuscany",en,"You, Me & Tuscany","When a woman crashes at an empty Italian villa, posing as the owner's fiancée, she discovers an unexpected romance that could transform her life.",17.5315,/mJS0IF7Af3WpPRhSTDT6rGpiLzw.jpg,2026-04-09,False,False,7.3,116,"Romance, Comedy"
False,/vffPZUYScdWtGU0UrccFIRX4LbV.jpg,"18, 53, 28",1372,Blood Diamond,en,Blood Diamond,"An ex-mercenary turned smuggler. A Mende fisherman. Amid the explosive civil war overtaking 1999 Sierra Leone, these men join for two desperate missions: recovering a rare pink diamond of immense value and rescuing the fisherman's son, conscripted as a child soldier into the brutal rebel forces ripping a swath of torture and bloodshed countrywide.",17.527,/sYAUuiWpoXGKHxUfHyjTj7Apj2h.jpg,2006-12-08,False,False,7.56,8587,"Drama, Thriller, Action"
False,/41ocXijKgjMS17QXydzKdwCaTsU.jpg,"10751, 16",14813,Mickey's Christmas Carol,en,Mickey's Christmas Carol,"Ebenezer Scrooge is far too greedy to understand that Christmas is a time for kindness and generosity. But with the guidance of some new found friends, Scrooge learns to embrace the spirit of the season. A retelling of the classic Dickens tale with Disney's classic characters.",17.5193,/hOuEgnB9jfVneEsulMcqEJE4kSL.jpg,1983-10-19,False,False,7.669,1010,"Family, Animation"
False,/dZM71rHXh3Oo3WZlw8YpMMsoVB5.jpg,"80, 18, 53",1592,Primal Fear,en,Primal Fear,"Defense attorney Martin Vail takes on jobs for money and prestige rather than any sense of the greater good. His latest case involves an altar boy, accused of brutally murdering the archbishop of Chicago. Vail finds himself up against his ex-pupil and ex-lover, but as the case progresses and the Church's dark secrets are revealed, Vail finds that what appeared a simple case takes on a darker, more dangerous aspect.",17.5182,/qJf2TzE8nRTFbFMPJNW6c8mI0KU.jpg,1996-04-03,False,False,7.7,4203,"Crime, Drama, Thriller"
False,/yqh3mb9jd3GTTs09ZlnW4mxS95z.jpg,"10751, 35",11674,101 Dalmatians,en,101 Dalmatians,"An evil, high-fashion designer plots to steal Dalmatian puppies in order to make an extravagant fur coat, but instead creates an extravagant mess.",17.509,/8o2ADoAyG796UwTjwBFjPyBz0yG.jpg,1996-11-27,False,False,5.948,3741,"Family, Comedy"
False,/3fChciF2G1wXHsyTfJD9y7uN6Il.jpg,"27, 18, 14",628,Interview with the Vampire,en,Interview with the Vampire,"A vampire relates his epic life story of love, betrayal, loneliness, and dark hunger to an over-curious reporter.",17.509,/t7NU8IcmcNBrlunCxiycX9JV7Rp.jpg,1994-11-11,False,False,7.387,6652,"Horror, Drama, Fantasy"
False,/mjYU7EwVeOtM39ArdWHZk78VhYm.jpg,"28, 53",117263,Olympus Has Fallen,en,Olympus Has Fallen,"When the White House (Secret Service Code: ""Olympus"") is captured by a terrorist mastermind and the President is kidnapped, disgraced former Presidential guard Mike Banning finds himself trapped within the building. As the national security team scrambles to respond, they are forced to rely on Banning's inside knowledge to help retake the White House, save the President and avert an even bigger disaster.",17.5068,/u3GTFGwesNBNd0t1hiLaEk1iqZU.jpg,2013-03-20,False,False,6.419,7245,"Action, Thriller"
False,/zv1xOEQzebKyku349qDZ085FZlO.jpg,"18, 10752",676,Pearl Harbor,en,Pearl Harbor,"The lifelong friendship between Rafe McCawley and Danny Walker is put to the ultimate test when the two ace fighter pilots become entangled in a love triangle with beautiful Naval nurse Evelyn Johnson. But the rivalry between the friends-turned-foes is immediately put on hold when they find themselves at the center of Japan's devastating attack on Pearl Harbor on Dec. 7, 1941.",17.4964,/y8A0Cvp8WQmZ3bjbnsL53lY0dsC.jpg,2001-05-21,False,False,6.932,7218,"Drama, War"
False,/gzRISGjiDMj4xqYE9ES2KNIXxpo.jpg,"10749, 35, 18",804,Roman Holiday,en,Roman Holiday,"Overwhelmed by her suffocating schedule, touring European princess Ann takes off for a night while in Rome. When a sedative she took from her doctor kicks in, however, she falls asleep on a park bench and is found by an American reporter, Joe Bradley, who takes her back to his apartment for safety. At work the next morning, Joe finds out Ann's regal identity and bets his editor he can get exclusive interview with her, but romance soon gets in the way.",17.4933,/8lI9dmz1RH20FAqltkGelY1v4BE.jpg,1953-08-26,False,False,7.9,2344,"Romance, Comedy, Drama"
False,/4SyDTF02R5BepqSdQmOaNCHObzF.jpg,"12, 878",329,Jurassic Park,en,Jurassic Park,"A wealthy entrepreneur secretly creates a theme park featuring living dinosaurs drawn from prehistoric DNA. Before opening day, he invites a team of experts and his two eager grandchildren to experience the park and help calm anxious investors. However, the park is anything but amusing as the security systems go off-line and the dinosaurs escape.",17.4878,/d9mtMGQDLANKieb9PbD3yK7xxzo.jpg,1993-06-11,False,False,7.977,18435,"Adventure, Science Fiction"
False,/dF6GNQ0TnZkr1t4wBt36Xc0Pccd.jpg,27,1690,Hostel,en,Hostel,"Three backpackers head to a Slovakian city that promises to meet their hedonistic expectations, with no idea of the hell that awaits them.",17.4868,/dDrtuWUKhgUGp12kgUWuP0NpTdF.jpg,2006-01-06,False,False,5.966,4097,Horror
False,/OR8oloCZ3klJtB7Y0i8pSqWw5a.jpg,"53, 12",213,North by Northwest,en,North by Northwest,"Advertising man Roger Thornhill is mistaken for a spy, triggering a deadly cross-country chase.",17.4681,/kNOFPQrel9YFCVzI0DF8FnCEpCw.jpg,1959-08-06,False,False,8.0,4665,"Thriller, Adventure"
False,/g6Bppew6A1PxpHfraNroo0mRBcm.jpg,"14, 12, 28",57165,Wrath of the Titans,en,Wrath of the Titans,"Perseus tries to live a quieter life as a village fisherman while – dangerously weakened by humanity's lack of devotion – the gods are losing control of the long-imprisoned Titans and their ferocious leader, Kronos.",17.4512,/b9n2R3xZWQ8MVZgndQoV34stS0h.jpg,2012-03-28,False,False,5.8,4630,"Fantasy, Adventure, Action"
False,/p6VFbg5lhWj0RCgXf5dj6IDMPvt.jpg,"12, 28, 53",709,Licence to Kill,en,Licence to Kill,"After capturing the notorious drug lord Franz Sanchez, Bond's close friend and former CIA agent Felix Leiter is left for dead and his wife is murdered. Bond goes rogue and seeks vengeance on those responsible, as he infiltrates Sanchez's organization from the inside.",17.4469,/8nzJve63EXA79HGAyidZwivZrQ2.jpg,1989-06-13,False,False,6.4,2260,"Adventure, Action, Thriller"
False,/8J10PcjUuJlk3BG3BMHlUOiIUpM.jpg,"18, 36, 10752, 28",2024,The Patriot,en,The Patriot,"After proving himself on the field of battle in the French and Indian War, Benjamin Martin wants nothing more to do with such things, preferring the simple life of a farmer. But when his son Gabriel enlists in the army to defend their new nation, America, against the British, Benjamin reluctantly returns to his old life to protect his son.",17.4392,/fWZd815QxUCUcrWQZwUkAp9ljG.jpg,2000-06-28,False,False,7.215,4507,"Drama, History, War, Action"
False,/sGqqnvOqJg2HDHrjtCPIlCwF4Mu.jpg,"28, 53",423204,Angel Has Fallen,en,Angel Has Fallen,"After a treacherous attack, Secret Service agent Mike Banning is charged with attempting to assassinate President Trumbull. Chased by his own colleagues and the FBI, Banning begins a race against the clock to clear his name.",17.4342,/fapXd3v9qTcNBTm39ZC4KUVQDNf.jpg,2019-08-21,False,False,6.608,4008,"Action, Thriller"
False,/lroojUACXVHdnjVYQXgts5IhqGr.jpg,35,71552,American Reunion,en,American Reunion,"The characters we met a little more than a decade ago return to East Great Falls for their high school reunion. In one long-overdue weekend, they will discover what has changed, who hasn’t, and that time and distance can’t break the bonds of friendship.",17.4331,/de5QBIdVR4dnkBZ4a0zjkS4lTg.jpg,2012-04-04,False,False,6.334,4861,Comedy
False,/o4mhrLxv6I70kvYA42qANGUF7ya.jpg,"16, 12, 35, 10751",153518,The Angry Birds Movie,en,The Angry Birds Movie,"An island populated entirely by happy, flightless birds or almost entirely. In this paradise, Red, a bird with a temper problem, speedy Chuck, and the volatile Bomb have always been outsiders. But when the island is visited by mysterious green piggies, it’s up to these unlikely outcasts to figure out what the pigs are up to.",17.4308,/iOH0fEFtV9z9rZp9zmBFGGeWicv.jpg,2016-05-11,False,False,6.3,4154,"Animation, Adventure, Comedy, Family"
False,/6cpRpfD3isvluFwXDGSiDVyibPJ.jpg,"10749, 18",829560,The Next 365 Days,pl,Kolejne 365 dni,Laura and Massimo's relationship hangs in the balance as they try to overcome trust issues while a tenacious Nacho works to push them apart.,17.4293,/8AWm7iMcsCI3DdGz4YEJtiMDp8Z.jpg,2022-08-18,False,False,6.374,1351,"Romance, Drama"
False,/GGtBQDAl7CtZtTFTCUUoYHVHyJ.jpg,"10749, 35, 10751",10897,The Little Rascals,en,The Little Rascals,"When nine-year-old Alfalfa falls for Darla, his ""He-Man-Woman-Hating"" friends attempt to sabotage their relationship.",17.4267,/qI7PKX2JSw4yD2iQm3pyHvKir28.jpg,1994-08-05,False,False,6.839,1377,"Romance, Comedy, Family"
False,/iZGiMD0p1M2AOmzKknFo5bkuz94.jpg,"80, 18",524,Casino,en,Casino,"In Las Vegas, two best friends--a casino executive and a Mafia enforcer--compete for a gambling empire and a fast-living, fast-loving socialite.",17.4257,/gziIkUSnYuj9ChCi8qOu2ZunpSC.jpg,1995-11-22,False,False,8.0,6784,"Crime, Drama"
False,/uS18gs16EXfFJhjA11cXj4WWPMb.jpg,"80, 53",298,Ocean's Thirteen,en,Ocean's Thirteen,"Danny Ocean's team of criminals are back and composing a plan more personal than ever. When ruthless casino owner Willy Bank doublecrosses Reuben Tishkoff, causing a heart attack, Danny Ocean vows that he and his team will do anything to bring down Willy Bank along with everything he's got. Even if it means asking for help from an enemy.",17.4245,/pBsZs4zYUiUTemqbikTZ76iQRaU.jpg,2007-06-05,False,False,6.7,7121,"Crime, Thriller"
False,/sVkjgKq8cwKm95LCyfrLldLbQIG.jpg,"28, 18, 14",274857,King Arthur: Legend of the Sword,en,King Arthur: Legend of the Sword,"When the child Arthur’s father is murdered, Vortigern, Arthur’s uncle, seizes the crown. Robbed of his birthright and with no idea who he truly is, Arthur comes up the hard way in the back alleys of the city. But once he pulls the sword Excalibur from the stone, his life is turned upside down and he is forced to acknowledge his true legacy... whether he likes it or not.",17.419,/9kKXH6eJpzoFGhCbTN3FVwSQK3n.jpg,2017-05-09,False,False,6.56,6213,"Action, Drama, Fantasy"
False,/gU5cR9LKtDD8YvzE7T7GvmzCEAA.jpg,"28, 12, 14",10196,The Last Airbender,en,The Last Airbender,"A century has passed since the Fire Nation declared war on the other three nations of air, water, and earth in its attempt for global domination. Aang, the long-lost Avatar, is found by Water Tribe siblings Katara and Sokka and must learn to master water, earth, and fire bending to defeat the Fire Nation and restore balance to the world.",17.4142,/zgwRTYWEEPivTwjB9S03HtmMcbM.jpg,2010-06-30,False,False,4.638,4381,"Action, Adventure, Fantasy"
False,/evo3crueRIK9Eutb3lnDLVbD2xD.jpg,"28, 53, 27",514847,The Hunt,en,The Hunt,"Twelve strangers wake up in a clearing. They don't know where they are—or how they got there. In the shadow of a dark internet conspiracy theory, ruthless elitists gather at a remote location to hunt humans for sport. But their master plan is about to be derailed when one of the hunted turns the tables on her pursuers.",17.4141,/wxPhn4ef1EAo5njxwBkAEVrlJJG.jpg,2020-03-11,False,False,6.658,3843,"Action, Thriller, Horror"
False,/5aM6VbwVSFSzAkndENRj5qPk0fI.jpg,"53, 10749",1596275,Drive - The Pretenders,de,Drive - The Pretenders,"A young race car mechanic fakes an engagement to the most scandalous racing star on the scene—officially for his reputation, secretly for her own chance behind the wheel. But soon the lie threatens to destroy everything, including what has long since become more than just a game.",17.4032,,2026-10-28,False,False,0.0,0,"Thriller, Romance"
False,/rl95VDEP3nsUQmGzE0S1S7y6T0N.jpg,"10752, 28",190859,American Sniper,en,American Sniper,"U.S. Navy SEAL Chris Kyle takes his sole mission—protect his comrades—to heart and becomes one of the most lethal snipers in American history. His pinpoint accuracy not only saves countless lives but also makes him a prime target of insurgents. Despite grave danger and his struggle to be a good husband and father to his family back in the States, Kyle serves four tours of duty in Iraq. However, when he finally returns home, he finds that he cannot leave the war behind.",17.4018,/i1U46OwMc6vlm7OoSUKfqUH615e.jpg,2014-12-25,False,False,7.407,13932,"War, Action"
False,/hJ1jUw8irCiWwQk7BElxF92BrlK.jpg,"12, 18, 28",147441,Exodus: Gods and Kings,en,Exodus: Gods and Kings,"The defiant leader Moses rises up against the Egyptian Pharaoh Ramses, setting 400,000 slaves on a monumental journey of escape from Egypt and its terrifying cycle of deadly plagues.",17.3969,/uaDj37JtvLan9tihxZ18e6qL33b.jpg,2014-12-03,False,False,5.9,4967,"Adventure, Drama, Action"
False,/whnFKx0Y54Ktg6o2TiwbnQfXdZf.jpg,"14, 27, 9648",1086747,The Watchers,en,The Watchers,"A young artist gets stranded in an extensive, immaculate forest in western Ireland, where, after finding shelter, she becomes trapped alongside three strangers, stalked by mysterious creatures each night.",17.3877,/vZVEUPychdvZLrTNwWErr9xZFmu.jpg,2024-06-06,False,False,6.3,1744,"Fantasy, Horror, Mystery"
False,/j1xaeJZOEOiVBD1rk3dg4YaAk23.jpg,"28, 18, 10751",1885,The Karate Kid,en,The Karate Kid,"New Jersey teen Daniel LaRusso moves to Los Angeles with his mother, and soon strikes up a relationship with Ali. He quickly finds himself the target of bullying by a group of thugs, led by Ali's ex-boyfriend Johnny, who study karate at the Cobra Kai dojo under ruthless sensei John Kreese. Fortunately, Daniel befriends Mr. Miyagi, an unassuming repairman who just happens to be a martial arts master himself. Miyagi takes Daniel under his wing, training him in a more compassionate form of karate for self-defense and, later, preparing him to compete against the brutal Cobra Kai.",17.3818,/1mp4ViklKvA0WXXsNvNx0RBuiit.jpg,1984-06-22,False,False,7.23,4904,"Action, Drama, Family"
False,/wKrxeY6lbu7KFBsWVcMH6M8avwr.jpg,"10751, 16, 12, 35",211672,Minions,en,Minions,"Minions Stuart, Kevin and Bob are recruited by Scarlet Overkill, a super-villain who, alongside her inventor husband Herb, hatches a plot to take over the world.",17.3815,/dr02BdCNAUPVU07aOodwPYv6HCf.jpg,2015-06-17,False,False,6.4,11353,"Family, Animation, Adventure, Comedy"
False,/h5Bwxe6dTVFtAFkybkd1EAB4yUW.jpg,"16, 10751, 35",9982,Chicken Little,en,Chicken Little,"When the sky really is falling and sanity has flown the coop, who will rise to save the day? Together with his hysterical band of misfit friends, Chicken Little must hatch a plan to save the planet from alien invasion and prove that the world's biggest hero is a little chicken.",17.3807,/87FpA4b90eTaw3U6zmCNikoPLir.jpg,2005-11-04,False,False,5.9,4280,"Animation, Family, Comedy"
False,/nSV1NIAK0Sp5dM1oiobtqbJ8Jrv.jpg,"27, 9648",9286,Final Destination 3,en,Final Destination 3,"High school senior Wendy's premonition of a deadly rollercoaster ride saves her life and a lucky few, but not from death itself — which seeks out those who escaped their fate.",17.3785,/p7ARuNKUGPGvkBiDtIDvAzYzonX.jpg,2006-02-09,False,False,6.162,4767,"Horror, Mystery"
False,/mW6XzxelLY8T2oW2NjciG9LpZT5.jpg,"12, 53, 878",2756,The Abyss,en,The Abyss,"A civilian oil rig crew is recruited to conduct a search and rescue effort when a nuclear submarine mysteriously sinks. One diver soon finds himself on a spectacular odyssey 25,000 feet below the ocean's surface where he confronts a mysterious force that has the power to change the world or destroy it.",17.3716,/2dCit3XAtv9KWCJvRKdPkJ0FAkH.jpg,1989-08-09,False,False,7.362,3625,"Adventure, Thriller, Science Fiction"
False,/dEkFlZzj2cb5F7SShvqkL54E4lr.jpg,18,1033148,Die My Love,en,Die My Love,"After inheriting a remote Montana house, Jackson moves there from New York with his partner Grace, and the couple soon welcome a child. As Jackson becomes increasingly absent and rural isolation sets in, Grace struggles with loneliness, creative frustration, and unresolved emotional wounds. What begins as an attempt at renewal gradually turns into an intense psychological descent, placing strain on their relationship and exposing the fragile balance between love, identity, and motherhood.",17.368,/kajpShbFhOdpl6yCrLezMrr9tB4.jpg,2025-10-06,False,False,6.065,661,Drama
False,/ikr0UILfvRerzMNoBTtJtyuWAEV.jpg,"878, 27, 28",8078,Alien Resurrection,en,Alien Resurrection,"Two hundred years after Lt. Ripley died, a group of scientists clone her, hoping to breed the ultimate weapon. But the new Ripley is full of surprises … as are the new aliens. Ripley must team with a band of smugglers to keep the creatures from reaching Earth.",17.3676,/9aRDMlU5Zwpysilm0WCWzU2PCFv.jpg,1997-11-12,False,False,6.2,5800,"Science Fiction, Horror, Action"
False,/5t6ImiTApy90YJ2QgYOCkjeav58.jpg,"878, 12, 18, 28",871,Planet of the Apes,en,Planet of the Apes,"Astronaut Taylor crash lands on a distant planet ruled by apes who use a primitive race of humans for experimentation and sport. Soon Taylor finds himself among the hunted, his life in the hands of a benevolent chimpanzee scientist.",17.3645,/2r9iKnlSYEk4daQadsXfcjHfIjQ.jpg,1968-02-07,False,False,7.7,4137,"Science Fiction, Adventure, Drama, Action"
False,/m0ks2o59mOAz6WdCybJ5FAUNTOU.jpg,"28, 35",1234139,Jailer 2,ta,ஜெயிலர் 2,"When a dangerous syndicate expands its reach to threaten his family's peace, retired jailer Tiger Muthuvel Pandian goes undercover as a driver. Operating from the shadows, he takes on ruthless new enemies to protect his home.",17.3638,/upwdEyhhYZ7pT2hD535fr2MGfpx.jpg,2026-10-15,False,False,0.0,0,"Action, Comedy"
False,/wkA622CCN2X0uwpgqYEOnUYEDf5.jpg,"28, 12, 53",37724,Skyfall,en,Skyfall,"When Bond's latest assignment goes gravely wrong, agents around the world are exposed and MI6 headquarters is attacked. While M faces challenges to her authority and position from Gareth Mallory, the new Chairman of the Intelligence and Security Committee, it's up to Bond, aided only by field agent Eve, to locate the mastermind behind the attack.",17.3589,/d0IVecFQvsGdSbnMAHqiYsNYaJT.jpg,2012-10-24,False,False,7.267,16466,"Action, Adventure, Thriller"
False,/1QmEcK0w2Ub4Hm094fHbZT8vA7o.jpg,"16, 14, 10751",12429,Ponyo,ja,崖の上のポニョ,"When Sosuke, a young boy who lives on a clifftop overlooking the sea, rescues a stranded goldfish named Ponyo, he discovers more than he bargained for. Ponyo is a curious, energetic young creature who yearns to be human, but even as she causes chaos around the house, her father, a powerful sorcerer, schemes to return Ponyo to the sea.",17.3528,/yp8vEZflGynlEylxEesbYasc06i.jpg,2008-07-19,False,False,7.8,5004,"Animation, Fantasy, Family"
False,/wQyvrsNSTzFVEGgarZbFkFyIciy.jpg,35,813,Airplane!,en,Airplane!,An ex-fighter pilot is forced to take over the controls of an airliner when the flight crew succumbs to food poisoning.,17.3475,/7Q3efxd3AF1vQjlSxnlerSA7RzN.jpg,1980-06-27,False,False,7.307,5296,Comedy
False,/dTOQaHP4PjDXU2JwDF6UYqGqRT0.jpg,"36, 35, 18",792293,Dumb Money,en,Dumb Money,"Vlogger Keith Gill sinks his life savings into GameStop stock and posts about it. When social media starts blowing up, so do his life and the lives of everyone following him. As a stock tip becomes a movement, everyone gets rich—until the billionaires fight back, and both sides find their worlds turned upside down.",17.3444,/e9u7luSxFKOZgPTB9XHFnPArGdP.jpg,2023-09-15,False,False,6.679,870,"History, Comedy, Drama"
False,/udIE8Cdon9wnYmVIOFYrBPfA2Mq.jpg,"14, 16, 35, 80",856,Who Framed Roger Rabbit,en,Who Framed Roger Rabbit,"Toon star Roger is worried that his wife Jessica is playing pattycake with someone else, so the studio hires detective Eddie Valiant to snoop on her. But the stakes are quickly raised when Marvin Acme is found dead and Roger is the prime suspect.",17.3221,/lYfRc57Kx9VgLZ48iulu0HKnM15.jpg,1988-06-22,False,False,7.5,6381,"Fantasy, Animation, Comedy, Crime"
False,/zT5S4GNs8Eu2gIkGORoN6yC1uE2.jpg,"28, 16, 9648, 80",1545621,Detective Conan: Fallen Angel of the Highway,ja,名探偵コナン ハイウェイの堕天使,"When a string of deadly highway incidents begin, Conan Edogawa's investigations point towards an orchestrated plot rather than mere accidents. As he uncovers a conspiracy involving hidden identities and advanced technology, the case escalates into a high-speed race against time to stop a calculating mastermind before more lives are lost.",17.3161,/vvOk7a7k7Sp6UdHcqV4baRlK6CC.jpg,2026-04-10,False,False,7.429,21,"Action, Animation, Mystery, Crime"
False,/9UAKA6ceZi6TgQwTAAMt7DWwYPI.jpg,18,7345,There Will Be Blood,en,There Will Be Blood,"Ruthless silver miner, turned oil prospector, Daniel Plainview, moves to oil-rich California. Using his son to project a trustworthy, family-man image, Plainview cons local landowners into selling him their valuable properties for a pittance. However, local preacher Eli Sunday suspects Plainview's motives and intentions, starting a slow-burning feud that threatens both their lives.",17.3103,/fa0RDkAlCec0STeMNAhPaF89q6U.jpg,2007-12-26,False,False,8.1,7767,Drama
False,/tgHO1DdnaS0xHcRxBHxE4kOQeIm.jpg,"35, 14",2978,Ghostbusters II,en,Ghostbusters II,The discovery of a massive river of ectoplasm and a resurgence of spectral activity allows the staff of Ghostbusters to revive the business.,17.3103,/iUZPi31KDP0n5ycpycEsvl51BdV.jpg,1989-06-16,False,False,6.606,5026,"Comedy, Fantasy"
False,/3eYkMSjWbvTaZso7ow5ub9ikNNq.jpg,"16, 35, 10751",7443,Chicken Run,en,Chicken Run,"The creators of Wallace & Gromit bring you an exciting and original story about a group of chickens determined to fly the coop–even if they can’t fly! It’s hardly poultry in motion when Rocky attempts to teach Ginger and her feathered friends to fly…but, with teamwork, determination and a little bit o’ cluck, the fearless flock plots one last attempt in a spectacular bid for freedom.",17.31,/8XgmIsbpVamdhwcNVsYzohFZTtT.jpg,2000-06-23,False,False,6.9,5550,"Animation, Comedy, Family"
False,/8ln5VUVk7gnNGIb2VNgw8nICDVt.jpg,"16, 35, 10751",35,The Simpsons Movie,en,The Simpsons Movie,"After Homer accidentally pollutes the town's water supply, Springfield is encased in a gigantic dome by the EPA and the Simpsons are declared fugitives.",17.3069,/s3b8TZWwmkYc2KoJ5zk77qB6PzY.jpg,2007-07-25,False,False,7.0,8760,"Animation, Comedy, Family"
False,/5ceIqlRzWH4x1IPU9OfjXHO2Kz6.jpg,"10751, 35, 16, 878",268531,Captain Underpants: The First Epic Movie,en,Captain Underpants: The First Epic Movie,"Based on the bestselling book series, this outrageous comedy tells the story of George and Harold,  two overly imaginative pranksters who hypnotize their principal into thinking he’s an enthusiastic, yet dimwitted, superhero named Captain Underpants.",17.2939,/vKSmaPct5OEeMoD8ue30RisHlKD.jpg,2017-06-01,False,False,6.3,1395,"Family, Comedy, Animation, Science Fiction"
False,/k5mNW8qutywD3GhAuaq33qcQR2y.jpg,"28, 35",37834,Knight and Day,en,Knight and Day,"A fugitive couple goes on a glamorous and sometimes deadly adventure where nothing and no one – even themselves – are what they seem. Amid shifting alliances and unexpected betrayals, they race across the globe, with their survival ultimately hinging on the battle of truth vs. trust.",17.2893,/phhp52CZZJiGYmiOTp9ZBDkGHB3.jpg,2010-06-15,False,False,6.243,5063,"Action, Comedy"
False,/dgqBcgTzaUiSLvKJPDF9AbdFEMO.jpg,"35, 10751",1440050,The Breadwinner,en,The Breadwinner,After his wife Katie lands a once-in-a-lifetime deal on Shark Tank that takes her on a prolonged business trip - lifelong breadwinner Nate Wilcox now has to fend for his family as a first-time stay-at-home dad.,17.2884,/4apG9Xk6HQvV48JKEjSUeiebju7.jpg,2026-05-29,False,False,7.092,109,"Comedy, Family"
False,/kODNw6GJNdgldUMEhKPlCw8wQCr.jpg,18,312221,Creed,en,Creed,"The former World Heavyweight Champion Rocky Balboa serves as a trainer and mentor to Adonis Johnson, the son of his late friend and former rival Apollo Creed.",17.2716,/1BfTsk5VWuw8FCocAhCyqnRbEzq.jpg,2015-11-25,False,False,7.408,8163,Drama
False,/sZhTfYouKM1iV3rVbgIVEQFQogA.jpg,"35, 10751, 14",2758,Addams Family Values,en,Addams Family Values,"Siblings Wednesday and Pugsley Addams will stop at nothing to get rid of Pubert, the new baby boy adored by parents Gomez and Morticia. Things go from bad to worse when the new ""black widow"" nanny, Debbie Jellinsky, launches her plan to add Fester to her collection of dead husbands.",17.2689,/sdxT2VjVSx9DRicwnuECUdBHeE7.jpg,1993-11-19,False,False,7.0,3434,"Comedy, Family, Fantasy"
False,/b08BDQPq42AoLMfhi7DtTOoYqVu.jpg,"53, 80, 27, 9648",800815,The Pale Blue Eye,en,The Pale Blue Eye,"West Point, New York, 1830. When a cadet at the burgeoning military academy is found hanged with his heart cut out, the top brass summons former New York City constable Augustus Landor to investigate. While attempting to solve this grisly mystery, the reluctant detective engages the help of one of the cadets: a strange but brilliant young fellow by the name of Edgar Allan Poe.",17.2662,/9xkGlFRqrN8btTLU0KQvOfn2PHr.jpg,2022-12-22,False,False,6.775,2294,"Thriller, Crime, Horror, Mystery"
False,/k7dNmXtZeJVpvdoljSFRwpcCYPZ.jpg,"10751, 18, 35",13374,Ice Princess,en,Ice Princess,"With the help of her coach, her mom, and the boy who drives the Zamboni, nothing can stop Casey Carlyle from realizing her dream to be a champion figure skater.",17.249,/ptOO4Or8KyB4k3BRyyUvAPJCfYe.jpg,2005-03-17,False,False,6.4,971,"Family, Drama, Comedy"
False,/ayDMYGUNVvXS76wQgFwTiUIDNb5.jpg,"10752, 36, 18",300671,13 Hours: The Secret Soldiers of Benghazi,en,13 Hours: The Secret Soldiers of Benghazi,An American Ambassador is killed during an attack at a U.S. compound in Libya as a security team struggles to make sense out of the chaos.,17.2132,/fZlAxZMo6BId1SiqyjLmkd7oUB7.jpg,2016-01-14,False,False,7.279,4090,"War, History, Drama"
False,/xMjAkXpCb55FTAV7By31p3TQMxb.jpg,27,14001,Dead Silence,en,Dead Silence,"Jamie returns to his hometown in search of answers to his wife's murder, which occurred after receiving a weird package containing a ventriloquist dummy named Billy, which may be linked to the legend of ventriloquist Mary Shaw. Destined to find out the truth, Jamie goes to the town of Raven's Fair, where Shaw used to perform and is buried. But Jamie is in for more than he expected.",17.1939,/rvcUVdATIHKZt7BSSttUkKbeBXN.jpg,2007-03-16,False,False,6.452,2526,Horror
False,/nF74HKjNe7X54XMcIc7ulK5InxR.jpg,35,4256,Scary Movie 3,en,Scary Movie 3,"News anchorwoman Cindy Campbell has to investigate mysterious crop circles and killing video tapes, and help the President stop an alien invasion in the process.",17.1877,/8dLsax5KSwlCY5uWXETKjud5k6U.jpg,2003-10-24,False,False,5.98,4683,Comedy
False,/rytc6Lf4447C0CDncwFa4gxe0vY.jpg,"878, 28, 12",1003598,Avengers: Secret Wars,en,Avengers: Secret Wars,An upcoming film in Phase Six of the Marvel Cinematic Universe (MCU) and the finale of The Multiverse Saga.,17.186,/f0YBuh4hyiAheXhh4JnJWoKi9g5.jpg,2027-12-15,False,False,0.0,0,"Science Fiction, Action, Adventure"
False,/viBWzktrBmhzRw4ehmUIrrN4C0z.jpg,"12, 18, 53",44115,127 Hours,en,127 Hours,The true story of mountain climber Aron Ralston's remarkable adventure to save himself after a fallen boulder crashes on his arm and traps him in an isolated canyon in Utah.,17.1788,/h0RMdn0rfl9l5hWXz3tUh6QVkhi.jpg,2010-11-12,False,False,7.1,8329,"Adventure, Drama, Thriller"
False,/hthzCwZ1inzSCSjf3SUn9S6C26d.jpg,"28, 12",9342,The Mask of Zorro,en,The Mask of Zorro,"It has been twenty years since Don Diego de la Vega fought Spanish oppression in Alta California as the legendary romantic hero, Zorro. Having escaped from prison he transforms troubled bandit Alejandro into his successor, in order to foil the plans of the tyrannical Don Rafael Montero who robbed him of his freedom, his wife and his precious daughter.",17.1704,/bdMufwGDDzqu4kTSQwrKc5WR4bu.jpg,1998-07-16,False,False,6.6,4471,"Action, Adventure"
False,/uy2trYgO8MOQfQXlvMaLhBnkUqg.jpg,"18, 28, 53",7485,Shooter,en,Shooter,"A top Marine sniper, Bob Lee Swagger, leaves the military after a mission goes horribly awry and disappears, living in seclusion. He is coaxed back into service after a high-profile government official convinces him to help thwart a plot to kill the President of the United States. Ultimately double-crossed and framed for the attempt, Swagger becomes the target of a nationwide manhunt. He goes on the run to track the real killer and find out who exactly set him up, and why, eventually seeking revenge against some of the most powerful and corrupt leaders in the free world.",17.1682,/2aWGxo1E5polpBjPvtBRkWp7qaS.jpg,2007-03-22,False,False,7.129,5665,"Drama, Action, Thriller"
False,/3cVrg7tzSf5AgEecYWDOSAzXAeX.jpg,"9648, 53, 27",1408208,Exit 8,ja,８番出口,"A man trapped in an endless sterile subway passageway sets out to find Exit 8. The rules of his quest are simple: do not overlook anything out of the ordinary. If you discover an anomaly, turn back immediately. If you don’t, carry on. Then leave from Exit 8. But even a single oversight will send him back to the beginning. Will he ever reach his goal and escape this infinite corridor?",17.1618,/nQXYTvm6AY4WmtcPskroqC7Skh.jpg,2025-08-03,False,False,7.0,842,"Mystery, Thriller, Horror"
False,/qDG5SlGkWNsjSJWiGTBMFI8DpzA.jpg,"878, 9648, 27",70981,Prometheus,en,Prometheus,"A team of explorers discover a clue to the origins of mankind on Earth, leading them on a journey to the darkest corners of the universe. There, they must fight a terrifying battle to save the future of the human race.",17.148,/qsYQflQhOuhDpQ0W2aOcwqgDAeI.jpg,2012-05-30,False,False,6.6,13702,"Science Fiction, Mystery, Horror"
False,/H40nWdJngUc6gtytMAbElm9HOu.jpg,18,881,A Few Good Men,en,A Few Good Men,"When cocky military lawyer Lt. Daniel Kaffee and his co-counsel, Lt. Cmdr. JoAnne Galloway, are assigned to a murder case, they uncover a hazing ritual that could implicate high-ranking officials such as shady Col. Nathan Jessep.",17.1455,/rLOk4z9zL1tTukIYV56P94aZXKk.jpg,1992-12-11,False,False,7.6,4357,Drama
False,/5yrQsEuuqc4s8t8nszLxAAGQpR2.jpg,"28, 53, 80",13387,Transporter 3,en,Transporter 3,"Frank Martin puts the driving gloves on to deliver Valentina, the kidnapped daughter of a Ukrainian government official, from Marseilles to Odessa on the Black Sea. En route, he has to contend with thugs who want to intercept Valentina's safe delivery and not let his personal feelings get in the way of his dangerous objective.",17.1383,/o4w9VF3GRZuXe9NHHvZ07pJespl.jpg,2008-11-26,False,False,6.171,3808,"Action, Thriller, Crime"
False,/vElyR7rR3EOAmW3ZeLOdGhFWaeu.jpg,"53, 18",1141970,Morte Cucina,th,ครัวสาว,"Sao, a talented cook, accidentally meets the man who took advantage of her in the past. She sets her revenge plan in motion using her cooking skill to achieve a rather unexpected result.",17.136,/xlPJ8Wp9mm10bWmKdydkuOyxrHU.jpg,2026-07-02,False,False,5.4,4,"Thriller, Drama"
False,/ywWva4trKw7f3wtbz81Fe3FnrtC.jpg,"12, 18, 37",581,Dances with Wolves,en,Dances with Wolves,"Wounded Civil War soldier John Dunbar tries to commit suicide—and becomes a hero instead. As a reward, he's assigned to his dream post, a remote junction on the Western frontier, and soon makes unlikely friends with the local Sioux tribe.",17.1292,/hw0ZEHAaTqTxSXGVwUFX7uvanSA.jpg,1990-11-09,False,False,7.839,4853,"Adventure, Drama, Western"
False,/8qLen3NLCVSu1I9aqGWbTUIoBLQ.jpg,35,2123,"Me, Myself & Irene",en,"Me, Myself & Irene","Rhode Island State Trooper Charlie Baileygates has a multiple personality disorder. One personality is crazy and aggressive, while the other is more friendly and laid back. Both of these personalities fall in love with the same woman named Irene after Charlie loses his medication.",17.1232,/rvRrcbLbpn7UJGRH1JupgHOeJFq.jpg,2000-06-22,False,False,6.634,4421,Comedy
False,/6CLNOzMXO9bvapDD8gsdwkJU4wN.jpg,"28, 18, 878",124905,Godzilla,en,Godzilla,"Ford Brody, a Navy bomb expert, has just reunited with his family in San Francisco when he is forced to go to Japan to help his estranged father, Joe. Soon, both men are swept up in an escalating crisis when an ancient alpha predator arises from the sea to combat malevolent adversaries that threaten the survival of humanity. The creatures leave colossal destruction in their wake, as they make their way toward their final battleground: San Francisco.",17.1191,/tphkjmQq8WebuVwNXelmjLUXuPJ.jpg,2014-05-14,False,False,6.4,10061,"Action, Drama, Science Fiction"
False,/chjkfyo57JexWo1YeIZRMk8wA4m.jpg,"28, 18, 10752",53182,300: Rise of an Empire,en,300: Rise of an Empire,"Greek general Themistocles attempts to unite all of Greece by leading the charge that will change the course of the war. Themistocles faces the massive invading Persian forces led by mortal-turned-god, Xerxes and Artemesia, the vengeful commander of the Persian navy.",17.1115,/wYDdWN1McB1Sio4z1dPSkb40Z78.jpg,2014-03-05,False,False,6.123,7159,"Action, Drama, War"
False,/9pkZesKMnblFfKxEhQx45YQ2kIe.jpg,"27, 53",381288,Split,en,Split,"Though Kevin has evidenced 23 personalities to his trusted psychiatrist, Dr. Fletcher, there remains one still submerged who is set to materialize and dominate all the others. Compelled to abduct three teenage girls led by the willful, observant Casey, Kevin reaches a war for survival among all of those contained within him — as well as everyone around him — as the walls between his compartments shatter apart.",17.1081,/ow2BSQGKJtZpH2zZY1rmX8eXKAi.jpg,2017-01-19,False,False,7.3,18704,"Horror, Thriller"
False,/ggzzn1Hf4zBz1VVywpQhGtDxKtA.jpg,"18, 80",1607,A Bronx Tale,en,A Bronx Tale,"Set in the Bronx during the tumultuous 1960s, an adolescent boy is torn between his honest, working-class father and a violent yet charismatic crime boss. Complicating matters is the youngster's growing attraction - forbidden in his neighborhood - for a beautiful black girl.",17.101,/7Obzc6svsHSR1za0LqzkpwFsEhw.jpg,1993-10-01,False,False,7.912,3042,"Drama, Crime"
False,/vz45GHSnBNYRcyoZe3UCQ4HD4D4.jpg,"28, 878, 18",110415,Snowpiercer,ko,설국열차,"In a future where a failed global-warming experiment kills off most life on the planet, a class system evolves aboard the Snowpiercer; a train that travels around the globe via a perpetual-motion engine.",17.0996,/kw6YQudA0TMcNmGUGy5XIw7zbnV.jpg,2013-08-01,False,False,6.909,10740,"Action, Science Fiction, Drama"
